address	name	signature	status	file	diagnostic
0002e294	<EXTERNAL>::vsnprintf	int vsnprintf(char * __s, size_t __maxlen, char * __format, __gnuc_va_list __arg)	ok	functions/0002e294__EXTERNAL___vsnprintf.c	
0002e2a0	<EXTERNAL>::__stack_chk_fail	noreturn undefined __stack_chk_fail(void)	ok	functions/0002e2a0__EXTERNAL_____stack_chk_fail.c	
0002e2b8	<EXTERNAL>::fprintf	int fprintf(FILE * __stream, char * __format, ...)	ok	functions/0002e2b8__EXTERNAL___fprintf.c	
0002e2e8	<EXTERNAL>::fseek	int fseek(FILE * __stream, long __off, int __whence)	ok	functions/0002e2e8__EXTERNAL___fseek.c	
0002e2f4	<EXTERNAL>::fclose	int fclose(FILE * __stream)	ok	functions/0002e2f4__EXTERNAL___fclose.c	
0002e300	<EXTERNAL>::fopen	FILE * fopen(char * __filename, char * __modes)	ok	functions/0002e300__EXTERNAL___fopen.c	
0002e30c	<EXTERNAL>::memcpy	void * memcpy(void * __dest, void * __src, size_t __n)	ok	functions/0002e30c__EXTERNAL___memcpy.c	
0002e318	<EXTERNAL>::strlen	size_t strlen(char * __s)	ok	functions/0002e318__EXTERNAL___strlen.c	
0002e324	<EXTERNAL>::memmove	void * memmove(void * __dest, void * __src, size_t __n)	ok	functions/0002e324__EXTERNAL___memmove.c	
0002e330	<EXTERNAL>::memcmp	int memcmp(void * __s1, void * __s2, size_t __n)	ok	functions/0002e330__EXTERNAL___memcmp.c	
0002e33c	<EXTERNAL>::atol	long atol(char * __nptr)	ok	functions/0002e33c__EXTERNAL___atol.c	
0002e348	<EXTERNAL>::snprintf	int snprintf(char * __s, size_t __maxlen, char * __format, ...)	ok	functions/0002e348__EXTERNAL___snprintf.c	
0002e354	<EXTERNAL>::__android_log_write	undefined __android_log_write(void)	ok	functions/0002e354__EXTERNAL_____android_log_write.c	
0002e360	<EXTERNAL>::AAssetManager_open	undefined AAssetManager_open(void)	ok	functions/0002e360__EXTERNAL___AAssetManager_open.c	
0002e36c	<EXTERNAL>::mkdir	int mkdir(char * __path, __mode_t __mode)	ok	functions/0002e36c__EXTERNAL___mkdir.c	
0002e378	<EXTERNAL>::__errno	undefined __errno(void)	ok	functions/0002e378__EXTERNAL_____errno.c	
0002e384	<EXTERNAL>::AAssetManager_fromJava	undefined AAssetManager_fromJava(void)	ok	functions/0002e384__EXTERNAL___AAssetManager_fromJava.c	
0002e390	<EXTERNAL>::__aeabi_atexit	undefined __aeabi_atexit(void)	ok	functions/0002e390__EXTERNAL_____aeabi_atexit.c	
0002e39c	<EXTERNAL>::AAsset_close	undefined AAsset_close(void)	ok	functions/0002e39c__EXTERNAL___AAsset_close.c	
0002e3a8	<EXTERNAL>::AAsset_getLength	undefined AAsset_getLength(void)	ok	functions/0002e3a8__EXTERNAL___AAsset_getLength.c	
0002e3b4	<EXTERNAL>::AAsset_getBuffer	undefined AAsset_getBuffer(void)	ok	functions/0002e3b4__EXTERNAL___AAsset_getBuffer.c	
0002e3c0	<EXTERNAL>::memset	void * memset(void * __s, int __c, size_t __n)	ok	functions/0002e3c0__EXTERNAL___memset.c	
0002e3cc	<EXTERNAL>::malloc	void * malloc(size_t __size)	ok	functions/0002e3cc__EXTERNAL___malloc.c	
0002e3d8	<EXTERNAL>::free	void free(void * __ptr)	ok	functions/0002e3d8__EXTERNAL___free.c	
0002e3e4	<EXTERNAL>::srand48	void srand48(long __seedval)	ok	functions/0002e3e4__EXTERNAL___srand48.c	
0002e3f0	<EXTERNAL>::glNormalPointer	undefined glNormalPointer(void)	ok	functions/0002e3f0__EXTERNAL___glNormalPointer.c	
0002e3fc	<EXTERNAL>::glBlendFunc	undefined glBlendFunc(void)	ok	functions/0002e3fc__EXTERNAL___glBlendFunc.c	
0002e408	<EXTERNAL>::glAlphaFunc	undefined glAlphaFunc(void)	ok	functions/0002e408__EXTERNAL___glAlphaFunc.c	
0002e414	<EXTERNAL>::glEnable	undefined glEnable(void)	ok	functions/0002e414__EXTERNAL___glEnable.c	
0002e420	<EXTERNAL>::glDisable	undefined glDisable(void)	ok	functions/0002e420__EXTERNAL___glDisable.c	
0002e42c	<EXTERNAL>::glCullFace	undefined glCullFace(void)	ok	functions/0002e42c__EXTERNAL___glCullFace.c	
0002e438	<EXTERNAL>::glFrontFace	undefined glFrontFace(void)	ok	functions/0002e438__EXTERNAL___glFrontFace.c	
0002e444	<EXTERNAL>::glDepthFunc	undefined glDepthFunc(void)	ok	functions/0002e444__EXTERNAL___glDepthFunc.c	
0002e450	<EXTERNAL>::glDepthMask	undefined glDepthMask(void)	ok	functions/0002e450__EXTERNAL___glDepthMask.c	
0002e474	<EXTERNAL>::glLogicOp	undefined glLogicOp(void)	ok	functions/0002e474__EXTERNAL___glLogicOp.c	
0002e480	<EXTERNAL>::glClientActiveTexture	undefined glClientActiveTexture(void)	ok	functions/0002e480__EXTERNAL___glClientActiveTexture.c	
0002e498	<EXTERNAL>::glEnableClientState	undefined glEnableClientState(void)	ok	functions/0002e498__EXTERNAL___glEnableClientState.c	
0002e4b0	<EXTERNAL>::glClearColor	undefined glClearColor(void)	ok	functions/0002e4b0__EXTERNAL___glClearColor.c	
0002e4c8	<EXTERNAL>::glFinish	undefined glFinish(void)	ok	functions/0002e4c8__EXTERNAL___glFinish.c	
0002e4d4	<EXTERNAL>::glFlush	undefined glFlush(void)	ok	functions/0002e4d4__EXTERNAL___glFlush.c	
0002e4e0	<EXTERNAL>::glMatrixMode	undefined glMatrixMode(void)	ok	functions/0002e4e0__EXTERNAL___glMatrixMode.c	
0002e510	<EXTERNAL>::glDeleteTextures	undefined glDeleteTextures(void)	ok	functions/0002e510__EXTERNAL___glDeleteTextures.c	
0002e528	<EXTERNAL>::glActiveTexture	undefined glActiveTexture(void)	ok	functions/0002e528__EXTERNAL___glActiveTexture.c	
0002e534	<EXTERNAL>::glTexParameteri	undefined glTexParameteri(void)	ok	functions/0002e534__EXTERNAL___glTexParameteri.c	
0002e540	<EXTERNAL>::glTexEnvi	undefined glTexEnvi(void)	ok	functions/0002e540__EXTERNAL___glTexEnvi.c	
0002e54c	<EXTERNAL>::glTexEnvf	undefined glTexEnvf(void)	ok	functions/0002e54c__EXTERNAL___glTexEnvf.c	
0002e558	<EXTERNAL>::glTexParameterf	undefined glTexParameterf(void)	ok	functions/0002e558__EXTERNAL___glTexParameterf.c	
0002e564	<EXTERNAL>::glTexEnvfv	undefined glTexEnvfv(void)	ok	functions/0002e564__EXTERNAL___glTexEnvfv.c	
0002e570	<EXTERNAL>::glFogf	undefined glFogf(void)	ok	functions/0002e570__EXTERNAL___glFogf.c	
0002e57c	<EXTERNAL>::glFogfv	undefined glFogfv(void)	ok	functions/0002e57c__EXTERNAL___glFogfv.c	
0002e588	<EXTERNAL>::glCopyTexImage2D	undefined glCopyTexImage2D(void)	ok	functions/0002e588__EXTERNAL___glCopyTexImage2D.c	
0002e5a0	<EXTERNAL>::glDeleteBuffers	undefined glDeleteBuffers(void)	ok	functions/0002e5a0__EXTERNAL___glDeleteBuffers.c	
0002e5d0	<EXTERNAL>::glGetError	undefined glGetError(void)	ok	functions/0002e5d0__EXTERNAL___glGetError.c	
0002e5e8	<EXTERNAL>::glViewport	undefined glViewport(void)	ok	functions/0002e5e8__EXTERNAL___glViewport.c	
0002e5f4	<EXTERNAL>::glReadPixels	undefined glReadPixels(void)	ok	functions/0002e5f4__EXTERNAL___glReadPixels.c	
0002e600	<EXTERNAL>::glTexImage2D	undefined glTexImage2D(void)	ok	functions/0002e600__EXTERNAL___glTexImage2D.c	
0002e60c	<EXTERNAL>::glCompressedTexImage2D	undefined glCompressedTexImage2D(void)	ok	functions/0002e60c__EXTERNAL___glCompressedTexImage2D.c	
0002e618	<EXTERNAL>::glGetString	undefined glGetString(void)	ok	functions/0002e618__EXTERNAL___glGetString.c	
0002e624	<EXTERNAL>::glGetFloatv	undefined glGetFloatv(void)	ok	functions/0002e624__EXTERNAL___glGetFloatv.c	
0002e630	<EXTERNAL>::glVertexPointer	undefined glVertexPointer(void)	ok	functions/0002e630__EXTERNAL___glVertexPointer.c	
0002e63c	<EXTERNAL>::glColorPointer	undefined glColorPointer(void)	ok	functions/0002e63c__EXTERNAL___glColorPointer.c	
0002e654	<EXTERNAL>::strcasecmp	int strcasecmp(char * __s1, char * __s2)	ok	functions/0002e654__EXTERNAL___strcasecmp.c	
0002e660	<EXTERNAL>::lrand48	long lrand48(void)	ok	functions/0002e660__EXTERNAL___lrand48.c	
0002e66c	<EXTERNAL>::mktime	time_t mktime(tm * __tp)	ok	functions/0002e66c__EXTERNAL___mktime.c	
0002e678	<EXTERNAL>::difftime	double difftime(time_t __time1, time_t __time0)	ok	functions/0002e678__EXTERNAL___difftime.c	
0002e684	<EXTERNAL>::puts	int puts(char * __s)	ok	functions/0002e684__EXTERNAL___puts.c	
0002e690	<EXTERNAL>::abort	noreturn void abort(void)	ok	functions/0002e690__EXTERNAL___abort.c	
0002e69c	<EXTERNAL>::time	time_t time(time_t * __timer)	ok	functions/0002e69c__EXTERNAL___time.c	
0002e6a8	<EXTERNAL>::gmtime_r	tm * gmtime_r(time_t * __timer, tm * __tp)	ok	functions/0002e6a8__EXTERNAL___gmtime_r.c	
0002e6b4	<EXTERNAL>::localtime_r	tm * localtime_r(time_t * __timer, tm * __tp)	ok	functions/0002e6b4__EXTERNAL___localtime_r.c	
0002e6c0	<EXTERNAL>::clock_gettime	int clock_gettime(clockid_t __clock_id, timespec * __tp)	ok	functions/0002e6c0__EXTERNAL___clock_gettime.c	
0002e6d8	<EXTERNAL>::iswspace	int iswspace(wint_t __wc)	ok	functions/0002e6d8__EXTERNAL___iswspace.c	
0002e6e4	<EXTERNAL>::pthread_mutex_lock	int pthread_mutex_lock(pthread_mutex_t * __mutex)	ok	functions/0002e6e4__EXTERNAL___pthread_mutex_lock.c	
0002e6f0	<EXTERNAL>::pthread_cond_timedwait_monotonic_np	undefined pthread_cond_timedwait_monotonic_np(void)	ok	functions/0002e6f0__EXTERNAL___pthread_cond_timedwait_monotonic_np.c	
0002e6fc	<EXTERNAL>::pthread_mutex_unlock	int pthread_mutex_unlock(pthread_mutex_t * __mutex)	ok	functions/0002e6fc__EXTERNAL___pthread_mutex_unlock.c	
0002e708	<EXTERNAL>::sched_yield	int sched_yield(void)	ok	functions/0002e708__EXTERNAL___sched_yield.c	
0002e714	<EXTERNAL>::pthread_mutex_init	int pthread_mutex_init(pthread_mutex_t * __mutex, pthread_mutexattr_t * __mutexattr)	ok	functions/0002e714__EXTERNAL___pthread_mutex_init.c	
0002e720	<EXTERNAL>::pthread_cond_init	int pthread_cond_init(pthread_cond_t * __cond, pthread_condattr_t * __cond_attr)	ok	functions/0002e720__EXTERNAL___pthread_cond_init.c	
0002e72c	<EXTERNAL>::open	int open(char * __file, int __oflag, ...)	ok	functions/0002e72c__EXTERNAL___open.c	
0002e738	<EXTERNAL>::read	ssize_t read(int __fd, void * __buf, size_t __nbytes)	ok	functions/0002e738__EXTERNAL___read.c	
0002e750	<EXTERNAL>::memchr	void * memchr(void * __s, int __c, size_t __n)	ok	functions/0002e750__EXTERNAL___memchr.c	
0002e75c	<EXTERNAL>::memmem	void * memmem(void * __haystack, size_t __haystacklen, void * __needle, size_t __needlelen)	ok	functions/0002e75c__EXTERNAL___memmem.c	
0002e774	<EXTERNAL>::pthread_once	int pthread_once(pthread_once_t * __once_control, __init_routine * __init_routine)	ok	functions/0002e774__EXTERNAL___pthread_once.c	
0002e780	<EXTERNAL>::munmap	int munmap(void * __addr, size_t __len)	ok	functions/0002e780__EXTERNAL___munmap.c	
0002e78c	<EXTERNAL>::pthread_mutex_destroy	int pthread_mutex_destroy(pthread_mutex_t * __mutex)	ok	functions/0002e78c__EXTERNAL___pthread_mutex_destroy.c	
0002e7a4	<EXTERNAL>::pthread_getspecific	void * pthread_getspecific(pthread_key_t __key)	ok	functions/0002e7a4__EXTERNAL___pthread_getspecific.c	
0002e7b0	<EXTERNAL>::pthread_setspecific	int pthread_setspecific(pthread_key_t __key, void * __pointer)	ok	functions/0002e7b0__EXTERNAL___pthread_setspecific.c	
0002e7bc	<EXTERNAL>::mmap	void * mmap(void * __addr, size_t __len, int __prot, int __flags, int __fd, __off_t __offset)	ok	functions/0002e7bc__EXTERNAL___mmap.c	
0002e7c8	<EXTERNAL>::pthread_key_create	int pthread_key_create(pthread_key_t * __key, __destr_function * __destr_function)	ok	functions/0002e7c8__EXTERNAL___pthread_key_create.c	
0002e7d4	<EXTERNAL>::__assert2	undefined __assert2(void)	ok	functions/0002e7d4__EXTERNAL_____assert2.c	
0002e7e0	<EXTERNAL>::dlopen	undefined dlopen(void)	ok	functions/0002e7e0__EXTERNAL___dlopen.c	
0002e7ec	<EXTERNAL>::dlsym	undefined dlsym(void)	ok	functions/0002e7ec__EXTERNAL___dlsym.c	
0002e7f8	<EXTERNAL>::dlclose	undefined dlclose(void)	ok	functions/0002e7f8__EXTERNAL___dlclose.c	
0002e804	<EXTERNAL>::pthread_cond_wait	int pthread_cond_wait(pthread_cond_t * __cond, pthread_mutex_t * __mutex)	ok	functions/0002e804__EXTERNAL___pthread_cond_wait.c	
0002e810	<EXTERNAL>::pthread_cond_broadcast	int pthread_cond_broadcast(pthread_cond_t * __cond)	ok	functions/0002e810__EXTERNAL___pthread_cond_broadcast.c	
0002e81c	<EXTERNAL>::strcmp	int strcmp(char * __s1, char * __s2)	ok	functions/0002e81c__EXTERNAL___strcmp.c	
0002e828	<EXTERNAL>::strncpy	char * strncpy(char * __dest, char * __src, size_t __n)	ok	functions/0002e828__EXTERNAL___strncpy.c	
0002e834	<EXTERNAL>::realloc	void * realloc(void * __ptr, size_t __size)	ok	functions/0002e834__EXTERNAL___realloc.c	
0002e840	<EXTERNAL>::raise	int raise(int __sig)	ok	functions/0002e840__EXTERNAL___raise.c	
0002e84c	<EXTERNAL>::__gnu_Unwind_Find_exidx	undefined __gnu_Unwind_Find_exidx(void)	ok	functions/0002e84c__EXTERNAL_____gnu_Unwind_Find_exidx.c	
0002e86c	_FINI_0	undefined _FINI_0(void)	ok	functions/0002e86c__FINI_0.c	
0002e87c	STG::MSIMD::BlendVector4f_HW	undefined __stdcall BlendVector4f_HW(float * param_1, float * param_2, float * param_3, float param_4, ulong param_5)	ok	functions/0002e87c_STG__MSIMD__BlendVector4f_HW.c	
0002e8bc	STG::MSIMD::Skin3Vector4f_HW	undefined __stdcall Skin3Vector4f_HW(float * param_1, float * param_2, float * param_3, float * param_4, float * param_5, float * param_6, ulong param_7)	ok	functions/0002e8bc_STG__MSIMD__Skin3Vector4f_HW.c	
0002ea34	STG::UStringBase<char,int>::~UStringBase	undefined __thiscall ~UStringBase(UStringBase<char,int> * this)	ok	functions/0002ea34_STG__UStringBase_char_int____UStringBase.c	
0002ea90	STG::FFileBase::Print	undefined __stdcall Print(char * param_1, ...)	ok	functions/0002ea90_STG__FFileBase__Print.c	
0002eb3c	STG::UStringBase<char,int>::~UStringBase	undefined __thiscall ~UStringBase(UStringBase<char,int> * this)	ok	functions/0002eb3c_STG__UStringBase_char_int____UStringBase.c	
0002eba8	STG::FFileBase::~FFileBase	undefined __thiscall ~FFileBase(FFileBase * this)	ok	functions/0002eba8_STG__FFileBase___FFileBase.c	
0002ec18	STG::FFileBase::~FFileBase	undefined __thiscall ~FFileBase(FFileBase * this)	ok	functions/0002ec18_STG__FFileBase___FFileBase.c	
0002ec34	STG::FFileBase::FFileBase	undefined __thiscall FFileBase(FFileBase * this)	ok	functions/0002ec34_STG__FFileBase__FFileBase.c	
0002ec90	STG::FFileBase::Open	undefined __thiscall Open(FFileBase * this, char * param_1, EAccess param_2)	ok	functions/0002ec90_STG__FFileBase__Open.c	
0002ecd4	STG::FFileBase::Open	undefined __stdcall Open(uchar * param_1, ulong param_2)	ok	functions/0002ecd4_STG__FFileBase__Open.c	
0002ed0c	STG::FFileBase::Close	undefined __thiscall Close(FFileBase * this)	ok	functions/0002ed0c_STG__FFileBase__Close.c	
0002ed20	STG::FFileBase::GetFileSize	undefined __stdcall GetFileSize(void)	ok	functions/0002ed20_STG__FFileBase__GetFileSize.c	
0002ed70	STG::FFileBase::Read	undefined __thiscall Read(FFileBase * this, uchar * param_1, ulong param_2)	ok	functions/0002ed70_STG__FFileBase__Read.c	
0002ede8	STG::FFileBase::ReadAll	undefined __thiscall ReadAll(FFileBase * this, uchar * * param_1, ulong * param_2)	ok	functions/0002ede8_STG__FFileBase__ReadAll.c	
0002ee64	STG::FFileBase::Peek	undefined __stdcall Peek(uchar * param_1, ulong param_2)	ok	functions/0002ee64_STG__FFileBase__Peek.c	
0002eec0	STG::FFileBase::ReadDirect	undefined __thiscall ReadDirect(FFileBase * this, uchar * * param_1, ulong param_2)	ok	functions/0002eec0_STG__FFileBase__ReadDirect.c	
0002eef8	STG::FFileBase::ReadSkip	undefined __thiscall ReadSkip(FFileBase * this, ulong param_1)	ok	functions/0002eef8_STG__FFileBase__ReadSkip.c	
0002efa8	STG::FFileBase::Write	undefined __thiscall Write(FFileBase * this, uchar * param_1, ulong param_2)	ok	functions/0002efa8_STG__FFileBase__Write.c	
0002f014	STG::FFileBase::GetNumBytesRead	undefined __thiscall GetNumBytesRead(FFileBase * this)	ok	functions/0002f014_STG__FFileBase__GetNumBytesRead.c	
0002f01c	STG::FFileBase::GetNumBytesWritten	undefined __thiscall GetNumBytesWritten(FFileBase * this)	ok	functions/0002f01c_STG__FFileBase__GetNumBytesWritten.c	
0002f024	STG::FFileBase::Flush	undefined __thiscall Flush(FFileBase * this)	ok	functions/0002f024_STG__FFileBase__Flush.c	
0002f038	STG::FFileDisk::GetMediaType	undefined __stdcall GetMediaType(void)	ok	functions/0002f038_STG__FFileDisk__GetMediaType.c	
0002f040	STG::FFileDisk::_FOpenMemory	undefined __stdcall _FOpenMemory(uchar * param_1, ulong param_2)	ok	functions/0002f040_STG__FFileDisk___FOpenMemory.c	
0002f048	STG::FFileDisk::_FGetIsOpen	undefined __thiscall _FGetIsOpen(FFileDisk * this)	ok	functions/0002f048_STG__FFileDisk___FGetIsOpen.c	
0002f058	STG::FFileDisk::_FReadDirect	undefined __stdcall _FReadDirect(uchar * * param_1, ulong param_2)	ok	functions/0002f058_STG__FFileDisk___FReadDirect.c	
0002f060	STG::FFileDisk::_FFlush	undefined __thiscall _FFlush(FFileDisk * this)	ok	functions/0002f060_STG__FFileDisk___FFlush.c	
0002f068	STG::FFileDisk::_FPrintf	undefined __stdcall _FPrintf(char * param_1, char * param_2)	ok	functions/0002f068_STG__FFileDisk___FPrintf.c	
0002f070	STG::FFileDisk::_FWrite	undefined __thiscall _FWrite(FFileDisk * this, uchar * param_1, ulong param_2, ulong param_3)	ok	functions/0002f070_STG__FFileDisk___FWrite.c	
0002f088	STG::FFileDisk::_FRead	undefined __thiscall _FRead(FFileDisk * this, uchar * param_1, ulong param_2, ulong param_3)	ok	functions/0002f088_STG__FFileDisk___FRead.c	
0002f0a0	STG::FFileDisk::_FTell	undefined __thiscall _FTell(FFileDisk * this)	ok	functions/0002f0a0_STG__FFileDisk___FTell.c	
0002f0a8	STG::FFileDisk::_FSeek	undefined __thiscall _FSeek(FFileDisk * this, long param_1, int param_2)	ok	functions/0002f0a8_STG__FFileDisk___FSeek.c	
0002f0c0	STG::FFileDisk::_FClose	undefined __thiscall _FClose(FFileDisk * this)	ok	functions/0002f0c0_STG__FFileDisk___FClose.c	
0002f0e8	STG::FFileDisk::_FOpenFile	undefined __thiscall _FOpenFile(FFileDisk * this, char * param_1, char * param_2)	ok	functions/0002f0e8_STG__FFileDisk___FOpenFile.c	
0002f10c	STG::FFileDisk::~FFileDisk	undefined __thiscall ~FFileDisk(FFileDisk * this)	ok	functions/0002f10c_STG__FFileDisk___FFileDisk.c	
0002f15c	STG::FFileDisk::~FFileDisk	undefined __thiscall ~FFileDisk(FFileDisk * this)	ok	functions/0002f15c_STG__FFileDisk___FFileDisk.c	
0002f178	STG::FFileDisk::FFileDisk	undefined __thiscall FFileDisk(FFileDisk * this)	ok	functions/0002f178_STG__FFileDisk__FFileDisk.c	
0002f1a8	STG::FFileDisk::FFileDisk	undefined __thiscall FFileDisk(FFileDisk * this, char * param_1, EAccess param_2)	ok	functions/0002f1a8_STG__FFileDisk__FFileDisk.c	
0002f1f0	STG::FFileMemory::GetMediaType	undefined __stdcall GetMediaType(void)	ok	functions/0002f1f0_STG__FFileMemory__GetMediaType.c	
0002f1f8	STG::FFileMemory::_FOpenFile	undefined __stdcall _FOpenFile(char * param_1, char * param_2)	ok	functions/0002f1f8_STG__FFileMemory___FOpenFile.c	
0002f200	STG::FFileMemory::_FOpenMemory	undefined __thiscall _FOpenMemory(FFileMemory * this, uchar * param_1, ulong param_2)	ok	functions/0002f200_STG__FFileMemory___FOpenMemory.c	
0002f22c	STG::FFileMemory::_FClose	undefined __thiscall _FClose(FFileMemory * this)	ok	functions/0002f22c_STG__FFileMemory___FClose.c	
0002f248	STG::FFileMemory::_FGetIsOpen	undefined __thiscall _FGetIsOpen(FFileMemory * this)	ok	functions/0002f248_STG__FFileMemory___FGetIsOpen.c	
0002f26c	STG::FFileMemory::_FSeek	undefined __thiscall _FSeek(FFileMemory * this, long param_1, int param_2)	ok	functions/0002f26c_STG__FFileMemory___FSeek.c	
0002f2d0	STG::FFileMemory::_FTell	undefined __thiscall _FTell(FFileMemory * this)	ok	functions/0002f2d0_STG__FFileMemory___FTell.c	
0002f2d8	STG::FFileMemory::_FReadDirect	undefined __thiscall _FReadDirect(FFileMemory * this, uchar * * param_1, ulong param_2)	ok	functions/0002f2d8_STG__FFileMemory___FReadDirect.c	
0002f304	STG::FFileMemory::_FWrite	undefined __stdcall _FWrite(uchar * param_1, ulong param_2, ulong param_3)	ok	functions/0002f304_STG__FFileMemory___FWrite.c	
0002f30c	STG::FFileMemory::_FPrintf	undefined __stdcall _FPrintf(char * param_1, char * param_2)	ok	functions/0002f30c_STG__FFileMemory___FPrintf.c	
0002f310	STG::FFileMemory::_FFlush	undefined __stdcall _FFlush(void)	ok	functions/0002f310_STG__FFileMemory___FFlush.c	
0002f314	STG::FFileMemory::_FRead	undefined __thiscall _FRead(FFileMemory * this, uchar * param_1, ulong param_2, ulong param_3)	ok	functions/0002f314_STG__FFileMemory___FRead.c	
0002f354	STG::FFileMemory::~FFileMemory	undefined __thiscall ~FFileMemory(FFileMemory * this)	ok	functions/0002f354_STG__FFileMemory___FFileMemory.c	
0002f3a4	STG::FFileMemory::~FFileMemory	undefined __thiscall ~FFileMemory(FFileMemory * this)	ok	functions/0002f3a4_STG__FFileMemory___FFileMemory.c	
0002f3c0	STG::FFileMemory::FFileMemory	undefined __thiscall FFileMemory(FFileMemory * this)	ok	functions/0002f3c0_STG__FFileMemory__FFileMemory.c	
0002f3f8	STG::FFileMemory::FFileMemory	undefined __thiscall FFileMemory(FFileMemory * this, uchar * param_1, ulong param_2)	ok	functions/0002f3f8_STG__FFileMemory__FFileMemory.c	
0002f448	STG::FFileManager::CloseFile	undefined __thiscall CloseFile(FFileManager * this, FFileBase * * param_1)	ok	functions/0002f448_STG__FFileManager__CloseFile.c	
0002f478	STG::FFileManager::CreateDir	undefined __stdcall CreateDir(UStringBase * param_1)	ok	functions/0002f478_STG__FFileManager__CreateDir.c	
0002f480	STG::FFileManager::CreateTemporaryFile	undefined __stdcall CreateTemporaryFile(UStringBase * param_1)	ok	functions/0002f480_STG__FFileManager__CreateTemporaryFile.c	
0002f488	STG::FFileManager::CopyFileAbsolute	undefined __thiscall CopyFileAbsolute(FFileManager * this, UStringBase * param_1, UStringBase * param_2)	ok	functions/0002f488_STG__FFileManager__CopyFileAbsolute.c	
0002f5ac	STG::FFileManager::~FFileManager	undefined __thiscall ~FFileManager(FFileManager * this)	ok	functions/0002f5ac_STG__FFileManager___FFileManager.c	
0002f658	STG::FFileManager::~FFileManager	undefined __thiscall ~FFileManager(FFileManager * this)	ok	functions/0002f658_STG__FFileManager___FFileManager.c	
0002f714	STG::FFileManager::HasValidBasePath	undefined __thiscall HasValidBasePath(FFileManager * this)	ok	functions/0002f714_STG__FFileManager__HasValidBasePath.c	
0002f740	STG::FFileManager::ClearBasePath	undefined __thiscall ClearBasePath(FFileManager * this)	ok	functions/0002f740_STG__FFileManager__ClearBasePath.c	
0002f77c	STG::FFileManager::GetPathFlags	undefined __thiscall GetPathFlags(FFileManager * this, UStringBase * param_1, UStringBase * param_2, UStringBase * param_3, UStringBase * param_4)	ok	functions/0002f77c_STG__FFileManager__GetPathFlags.c	
0002f950	STG::FFileManager::GetIsPathAbsolute	undefined __thiscall GetIsPathAbsolute(FFileManager * this, ulong param_1)	ok	functions/0002f950_STG__FFileManager__GetIsPathAbsolute.c	
0002f964	STG::FFileManager::GetIsPathRelative	undefined __thiscall GetIsPathRelative(FFileManager * this, ulong param_1)	ok	functions/0002f964_STG__FFileManager__GetIsPathRelative.c	
0002f974	STG::UStringBase<char,int>::Trim	undefined __thiscall Trim(UStringBase<char,int> * this)	ok	functions/0002f974_STG__UStringBase_char_int___Trim.c	
0002fcc0	std::string::_M_append	undefined __thiscall _M_append(string * this, char * param_1, char * param_2)	ok	functions/0002fcc0_std__string___M_append.c	
00030064	STG::FFileManager::GetBasePath	undefined __stdcall GetBasePath(void)	ok	functions/00030064_STG__FFileManager__GetBasePath.c	
00030270	STG::FFileManager::OpenFile	undefined __stdcall OpenFile(FFileHash * param_1, EAccess param_2)	ok	functions/00030270_STG__FFileManager__OpenFile.c	
00030348	STG::UStringBase<char,int>::Find_FromEnd	undefined __thiscall Find_FromEnd(UStringBase<char,int> * this, UStringBase * param_1, UStringBase * param_2, UStringBase * param_3)	ok	functions/00030348_STG__UStringBase_char_int___Find_FromEnd.c	
000308e0	STG::FFileManager::NormalizePath	undefined __thiscall NormalizePath(FFileManager * this, UStringBase * param_1, UStringBase * param_2)	ok	functions/000308e0_STG__FFileManager__NormalizePath.c	
00030bfc	FUN_00030bfc	undefined FUN_00030bfc(void)	ok	functions/00030bfc_FUN_00030bfc.c	
00031140	STG::FFileManager::GetPathComponents	undefined __thiscall GetPathComponents(FFileManager * this, UStringBase * param_1, UStringBase * param_2, UStringBase * param_3, UStringBase * param_4, UStringBase * param_5)	ok	functions/00031140_STG__FFileManager__GetPathComponents.c	
00031ae0	STG::FFileManager::GetPathFlags	undefined __thiscall GetPathFlags(FFileManager * this, UStringBase * param_1)	ok	functions/00031ae0_STG__FFileManager__GetPathFlags.c	
00031ccc	STG::FFileManager::GetIsPathRelative	undefined __thiscall GetIsPathRelative(FFileManager * this, UStringBase * param_1)	ok	functions/00031ccc_STG__FFileManager__GetIsPathRelative.c	
00031ce8	STG::FFileManager::GetIsPathAbsolute	undefined __thiscall GetIsPathAbsolute(FFileManager * this, UStringBase * param_1)	ok	functions/00031ce8_STG__FFileManager__GetIsPathAbsolute.c	
00031d04	STG::FFileManager::GetPathComponents	undefined __thiscall GetPathComponents(FFileManager * this, UStringBase * param_1, UStringBase * param_2, UStringBase * param_3)	ok	functions/00031d04_STG__FFileManager__GetPathComponents.c	
000323c8	STG::FFileManager::GetPathComponents	undefined __thiscall GetPathComponents(FFileManager * this, UStringBase * param_1, UStringBase * param_2, UStringBase * param_3, UStringBase * param_4)	ok	functions/000323c8_STG__FFileManager__GetPathComponents.c	
00032fa4	STG::FFileManager::BuildPath	undefined __thiscall BuildPath(FFileManager * this, UStringBase * param_1, UStringBase * param_2)	ok	functions/00032fa4_STG__FFileManager__BuildPath.c	
00032ff0	STG::FFileManager::OpenFilePath	undefined __thiscall OpenFilePath(FFileManager * this, UStringBase * param_1, EAccess param_2)	ok	functions/00032ff0_STG__FFileManager__OpenFilePath.c	
000330ec	STG::FFileManager::AddBasePath	undefined __thiscall AddBasePath(FFileManager * this, UStringBase * param_1)	ok	functions/000330ec_STG__FFileManager__AddBasePath.c	
00033480	STG::FFileManager::MakeUniquePath	undefined __thiscall MakeUniquePath(FFileManager * this, UStringBase * param_1, UStringBase * param_2)	ok	functions/00033480_STG__FFileManager__MakeUniquePath.c	
00034140	STG::FFileManager::BuildFileHash	undefined __thiscall BuildFileHash(FFileManager * this, UStringBase * param_1, FFileHash * param_2)	ok	functions/00034140_STG__FFileManager__BuildFileHash.c	
00034488	STG::FFileManager::BuildFileHash	undefined __thiscall BuildFileHash(FFileManager * this, UStringBase * param_1, UStringBase * param_2, FFileHash * param_3)	ok	functions/00034488_STG__FFileManager__BuildFileHash.c	
0003457c	FUN_0003457c	undefined FUN_0003457c(void)	ok	functions/0003457c_FUN_0003457c.c	
00034658	STG::FLog::Print	undefined __stdcall Print(char * param_1, ...)	ok	functions/00034658_STG__FLog__Print.c	
000346e8	STG::FLog::~FLog	undefined __thiscall ~FLog(FLog * this)	ok	functions/000346e8_STG__FLog___FLog.c	
00034720	STG::FLog::~FLog	undefined __thiscall ~FLog(FLog * this)	ok	functions/00034720_STG__FLog___FLog.c	
0003473c	STG::FLog::FLog	undefined __thiscall FLog(FLog * this, char * param_1)	ok	functions/0003473c_STG__FLog__FLog.c	
00034778	STG::FFileManager_Android::OpenFilePath	undefined __stdcall OpenFilePath(UStringBase * param_1, EAccess param_2)	ok	functions/00034778_STG__FFileManager_Android__OpenFilePath.c	
00034808	STG::FFileManager_Android::CreateDir	undefined __thiscall CreateDir(FFileManager_Android * this, UStringBase * param_1)	ok	functions/00034808_STG__FFileManager_Android__CreateDir.c	
00034840	STG::FFileManager_Android::~FFileManager_Android	undefined __thiscall ~FFileManager_Android(FFileManager_Android * this)	ok	functions/00034840_STG__FFileManager_Android___FFileManager_Android.c	
000348ec	STG::FFileManager_Android::~FFileManager_Android	undefined __thiscall ~FFileManager_Android(FFileManager_Android * this)	ok	functions/000348ec_STG__FFileManager_Android___FFileManager_Android.c	
000349a8	STG::FFileManager_Android::HasAssetManager	undefined __thiscall HasAssetManager(FFileManager_Android * this)	ok	functions/000349a8_STG__FFileManager_Android__HasAssetManager.c	
000349cc	STG::FFileManager_Android::SetAssetManager	undefined __stdcall SetAssetManager(_JNIEnv * param_1, _jobject * param_2)	ok	functions/000349cc_STG__FFileManager_Android__SetAssetManager.c	
00034a24	STG::FFileManager_Android::ClearAssetManager	undefined __thiscall ClearAssetManager(FFileManager_Android * this, _JNIEnv * param_1)	ok	functions/00034a24_STG__FFileManager_Android__ClearAssetManager.c	
00034a60	STG::FFileManagerScoped::FFileManagerScoped	undefined __thiscall FFileManagerScoped(FFileManagerScoped * this, _JNIEnv * param_1, _jobject * param_2)	ok	functions/00034a60_STG__FFileManagerScoped__FFileManagerScoped.c	
00034c34	STG::FFileManagerScoped::~FFileManagerScoped	undefined __thiscall ~FFileManagerScoped(FFileManagerScoped * this)	ok	functions/00034c34_STG__FFileManagerScoped___FFileManagerScoped.c	
00034d20	STG::FFileManagerScoped::IsValid	undefined __stdcall IsValid(void)	ok	functions/00034d20_STG__FFileManagerScoped__IsValid.c	
00034df8	STG::FFileManagerScoped::Open	undefined __stdcall Open(UStringBase * param_1)	ok	functions/00034df8_STG__FFileManagerScoped__Open.c	
00034ee4	STG::FFileManagerScoped::Close	undefined __thiscall Close(FFileManagerScoped * this, FFileBase * * param_1)	ok	functions/00034ee4_STG__FFileManagerScoped__Close.c	
00034fe0	STG::FFileMemory_Android::~FFileMemory_Android	undefined __thiscall ~FFileMemory_Android(FFileMemory_Android * this)	ok	functions/00034fe0_STG__FFileMemory_Android___FFileMemory_Android.c	
0003501c	STG::FFileMemory_Android::~FFileMemory_Android	undefined __thiscall ~FFileMemory_Android(FFileMemory_Android * this)	ok	functions/0003501c_STG__FFileMemory_Android___FFileMemory_Android.c	
00035038	STG::FFileMemory_Android::FFileMemory_Android	undefined __thiscall FFileMemory_Android(FFileMemory_Android * this, AAsset * param_1)	ok	functions/00035038_STG__FFileMemory_Android__FFileMemory_Android.c	
000350a8	STG::GEAnimationTrack::Initialize	undefined __thiscall Initialize(GEAnimationTrack * this, float param_1, ulong param_2, UTimeValue * param_3, UTimeValue * param_4, EDriver param_5, UTimeValue * param_6)	ok	functions/000350a8_STG__GEAnimationTrack__Initialize.c	
0003524c	STG::GEAnimationTrack::Evaluate	undefined __thiscall Evaluate(GEAnimationTrack * this, EDriver param_1, GEAnimationTimeData * param_2, bool param_3, UTimeValue * param_4, ulong * param_5, float * param_6)	ok	functions/0003524c_STG__GEAnimationTrack__Evaluate.c	
00035414	STG::GEAnimationTrack::Evaluate	undefined __stdcall Evaluate(EDriver param_1, GEAnimationTimeData * param_2, bool param_3, UTimeValue * param_4)	ok	functions/00035414_STG__GEAnimationTrack__Evaluate.c	
000354a4	STG::GEBufferObject::GEBufferObject	undefined __thiscall GEBufferObject(GEBufferObject * this, EType param_1, EUsage param_2)	ok	functions/000354a4_STG__GEBufferObject__GEBufferObject.c	
000354e0	STG::GEBufferObject::Deallocate	undefined __thiscall Deallocate(GEBufferObject * this)	ok	functions/000354e0_STG__GEBufferObject__Deallocate.c	
00035538	STG::GEBufferObject::~GEBufferObject	undefined __thiscall ~GEBufferObject(GEBufferObject * this)	ok	functions/00035538_STG__GEBufferObject___GEBufferObject.c	
00035560	STG::GEBufferObject::~GEBufferObject	undefined __thiscall ~GEBufferObject(GEBufferObject * this)	ok	functions/00035560_STG__GEBufferObject___GEBufferObject.c	
0003557c	STG::GEBufferObject::Bind	undefined __thiscall Bind(GEBufferObject * this)	ok	functions/0003557c_STG__GEBufferObject__Bind.c	
0003558c	STG::GEBufferObject::Unbind	undefined __thiscall Unbind(GEBufferObject * this)	ok	functions/0003558c_STG__GEBufferObject__Unbind.c	
00035594	STG::GEBufferObject::Allocate	undefined __thiscall Allocate(GEBufferObject * this, ulong param_1)	ok	functions/00035594_STG__GEBufferObject__Allocate.c	
000355e0	STG::GEBufferObject::Update	undefined __thiscall Update(GEBufferObject * this, uchar * param_1)	ok	functions/000355e0_STG__GEBufferObject__Update.c	
00035618	STG::GECamera::~GECamera	undefined __thiscall ~GECamera(GECamera * this)	ok	functions/00035618_STG__GECamera___GECamera.c	
00035630	STG::GECamera::~GECamera	undefined __thiscall ~GECamera(GECamera * this)	ok	functions/00035630_STG__GECamera___GECamera.c	
0003564c	STG::GECamera::SetLookAtParams	undefined __thiscall SetLookAtParams(GECamera * this, MVector3 * param_1, MVector3 * param_2, MVector3 * param_3)	ok	functions/0003564c_STG__GECamera__SetLookAtParams.c	
000356a0	STG::GECamera::ApplyViewport	undefined __thiscall ApplyViewport(GECamera * this, GEViewport * param_1)	ok	functions/000356a0_STG__GECamera__ApplyViewport.c	
00035768	STG::GECamera::BuildCameraXfm	undefined __thiscall BuildCameraXfm(GECamera * this)	ok	functions/00035768_STG__GECamera__BuildCameraXfm.c	
00035780	STG::GECamera::BuildScaleXfm	undefined __thiscall BuildScaleXfm(GECamera * this)	ok	functions/00035780_STG__GECamera__BuildScaleXfm.c	
00035794	STG::GECamera::BuildProjectionXfm	undefined __thiscall BuildProjectionXfm(GECamera * this)	ok	functions/00035794_STG__GECamera__BuildProjectionXfm.c	
0003583c	STG::GECamera::BuildWorldToClipXfm	undefined __thiscall BuildWorldToClipXfm(GECamera * this)	ok	functions/0003583c_STG__GECamera__BuildWorldToClipXfm.c	
00035868	STG::GECamera::Lerp	undefined __thiscall Lerp(GECamera * this, GECamera * param_1, GECamera * param_2, float param_3)	ok	functions/00035868_STG__GECamera__Lerp.c	
00035be8	STG::GECamera::IsVisible	undefined __thiscall IsVisible(GECamera * this, MMatrix * param_1, MVector3 * param_2, float param_3)	ok	functions/00035be8_STG__GECamera__IsVisible.c	
00035d88	STG::GECamera::ConvertScreenToClip	undefined __thiscall ConvertScreenToClip(GECamera * this, URectangle * param_1, MVector2 * param_2, MVector2 * param_3)	ok	functions/00035d88_STG__GECamera__ConvertScreenToClip.c	
00035e00	STG::GECamera::ConvertScreenToClip	undefined __thiscall ConvertScreenToClip(GECamera * this, MVector2 * param_1, MVector2 * param_2)	ok	functions/00035e00_STG__GECamera__ConvertScreenToClip.c	
00035e14	STG::GECamera::ConvertClipToWorld	undefined __thiscall ConvertClipToWorld(GECamera * this, float param_1, float param_2, MVector3 * param_3, MVector3 * param_4)	ok	functions/00035e14_STG__GECamera__ConvertClipToWorld.c	
00035f38	STG::GECamera::BuildFrustumPlanes	undefined __thiscall BuildFrustumPlanes(GECamera * this)	ok	functions/00035f38_STG__GECamera__BuildFrustumPlanes.c	
00036690	STG::GECamera::BuildTransforms	undefined __thiscall BuildTransforms(GECamera * this)	ok	functions/00036690_STG__GECamera__BuildTransforms.c	
000366c0	STG::GECamera::GECamera	undefined __thiscall GECamera(GECamera * this)	ok	functions/000366c0_STG__GECamera__GECamera.c	
0003677c	STG::GECamera::ComputeCursorData	undefined __thiscall ComputeCursorData(GECamera * this, GEViewport * param_1, MVector2 * param_2, UTimeValue * param_3, GECursorData * param_4)	ok	functions/0003677c_STG__GECamera__ComputeCursorData.c	
00036894	STG::GECameraSet::GECameraSet	undefined __thiscall GECameraSet(GECameraSet * this)	ok	functions/00036894_STG__GECameraSet__GECameraSet.c	
000368ec	STG::GECameraSet::~GECameraSet	undefined __thiscall ~GECameraSet(GECameraSet * this)	ok	functions/000368ec_STG__GECameraSet___GECameraSet.c	
000369b8	STG::GECameraSet::ComputeCamera	undefined __thiscall ComputeCamera(GECameraSet * this, GEViewport * param_1, GECamera * param_2)	ok	functions/000369b8_STG__GECameraSet__ComputeCamera.c	
00036be0	STG::GECameraSet::Initialize	undefined __thiscall Initialize(GECameraSet * this, UStringBase * param_1, ulong param_2, ulong param_3)	ok	functions/00036be0_STG__GECameraSet__Initialize.c	
00036d04	STG::GEEnvironment::GEEnvironment	undefined __thiscall GEEnvironment(GEEnvironment * this)	ok	functions/00036d04_STG__GEEnvironment__GEEnvironment.c	
00036d18	STG::GEEnvironment::~GEEnvironment	undefined __thiscall ~GEEnvironment(GEEnvironment * this)	ok	functions/00036d18_STG__GEEnvironment___GEEnvironment.c	
00036d88	STG::GEEnvironment::Initialize	undefined __thiscall Initialize(GEEnvironment * this, ulong param_1)	ok	functions/00036d88_STG__GEEnvironment__Initialize.c	
00036e58	STG::GEEnvironmentGroup::GEEnvironmentGroup	undefined __thiscall GEEnvironmentGroup(GEEnvironmentGroup * this)	ok	functions/00036e58_STG__GEEnvironmentGroup__GEEnvironmentGroup.c	
00036ea4	STG::GEEnvironmentGroup::~GEEnvironmentGroup	undefined __thiscall ~GEEnvironmentGroup(GEEnvironmentGroup * this)	ok	functions/00036ea4_STG__GEEnvironmentGroup___GEEnvironmentGroup.c	
00036ed0	STG::GEEnvironmentSettings::GEEnvironmentSettings	undefined __thiscall GEEnvironmentSettings(GEEnvironmentSettings * this)	ok	functions/00036ed0_STG__GEEnvironmentSettings__GEEnvironmentSettings.c	
00036f20	STG::GEEnvironmentSettings::~GEEnvironmentSettings	undefined __thiscall ~GEEnvironmentSettings(GEEnvironmentSettings * this)	ok	functions/00036f20_STG__GEEnvironmentSettings___GEEnvironmentSettings.c	
00036f24	STG::URefCountBase::~URefCountBase	undefined __thiscall ~URefCountBase(URefCountBase * this)	ok	functions/00036f24_STG__URefCountBase___URefCountBase.c	
00036f3c	STG::GEFont::GetSubFileCount	undefined __stdcall GetSubFileCount(void)	ok	functions/00036f3c_STG__GEFont__GetSubFileCount.c	
00036f44	STG::GEFont::GetSubFile	undefined __stdcall GetSubFile(ulong param_1, FFileHash * param_2)	ok	functions/00036f44_STG__GEFont__GetSubFile.c	
00036f4c	STG::GEFont::GetChildResourceCount	undefined __stdcall GetChildResourceCount(void)	ok	functions/00036f4c_STG__GEFont__GetChildResourceCount.c	
00036f54	STG::GEFont::GetChildResource	undefined __stdcall GetChildResource(ulong param_1)	ok	functions/00036f54_STG__GEFont__GetChildResource.c	
00036f5c	STG::GEFont::LoadSubFile	undefined __stdcall LoadSubFile(ulong param_1, FFileHash * param_2)	ok	functions/00036f5c_STG__GEFont__LoadSubFile.c	
00036f64	STG::URefCountBase::~URefCountBase	undefined __thiscall ~URefCountBase(URefCountBase * this)	ok	functions/00036f64_STG__URefCountBase___URefCountBase.c	
00036f8c	STG::GEFont::LoadSelf	undefined __thiscall LoadSelf(GEFont * this, FFileBase * param_1)	ok	functions/00036f8c_STG__GEFont__LoadSelf.c	
00036fb0	STG::GEFont::LoadSelf	undefined __thiscall LoadSelf(GEFont * this, FFileHash * param_1)	ok	functions/00036fb0_STG__GEFont__LoadSelf.c	
00036fb4	STG::GEFont::~GEFont	undefined __thiscall ~GEFont(GEFont * this)	ok	functions/00036fb4_STG__GEFont___GEFont.c	
0003710c	STG::GEFont::~GEFont	undefined __thiscall ~GEFont(GEFont * this)	ok	functions/0003710c_STG__GEFont___GEFont.c	
00037128	STG::GEFontChar::GEFontChar	undefined __thiscall GEFontChar(GEFontChar * this)	ok	functions/00037128_STG__GEFontChar__GEFontChar.c	
00037178	STG::GEFont::GEFont	undefined __thiscall GEFont(GEFont * this)	ok	functions/00037178_STG__GEFont__GEFont.c	
00037250	STG::GEFont::Allocate	undefined __thiscall Allocate(GEFont * this, ushort param_1, float param_2, ulong param_3, bool param_4)	ok	functions/00037250_STG__GEFont__Allocate.c	
000372cc	STG::GEFont::GetBitmapData	undefined __thiscall GetBitmapData(GEFont * this, uchar * * param_1, ulong * param_2)	ok	functions/000372cc_STG__GEFont__GetBitmapData.c	
000372e0	STG::GEFont::SetCharData	undefined __thiscall SetCharData(GEFont * this, ushort param_1, ushort param_2, URectangle * param_3, long param_4, long param_5, long param_6, long param_7, float param_8)	ok	functions/000372e0_STG__GEFont__SetCharData.c	
000373a4	STG::GEFont::CopyBitmapData	undefined __thiscall CopyBitmapData(GEFont * this, ushort param_1, uchar * param_2, ulong param_3)	ok	functions/000373a4_STG__GEFont__CopyBitmapData.c	
000373dc	STG::GEFont::Finalize	undefined __thiscall Finalize(GEFont * this)	ok	functions/000373dc_STG__GEFont__Finalize.c	
00037448	STG::GEFont::GetCharacter	undefined __thiscall GetCharacter(GEFont * this, ushort param_1)	ok	functions/00037448_STG__GEFont__GetCharacter.c	
00037468	STG::GEIndexBuffer::GEIndexBuffer	undefined __thiscall GEIndexBuffer(GEIndexBuffer * this)	ok	functions/00037468_STG__GEIndexBuffer__GEIndexBuffer.c	
00037498	STG::GEIndexBuffer::Allocate	undefined __thiscall Allocate(GEIndexBuffer * this, ulong param_1)	ok	functions/00037498_STG__GEIndexBuffer__Allocate.c	
000374e4	STG::GEIndexBuffer::Deallocate	undefined __thiscall Deallocate(GEIndexBuffer * this)	ok	functions/000374e4_STG__GEIndexBuffer__Deallocate.c	
00037540	STG::GEIndexBuffer::~GEIndexBuffer	undefined __thiscall ~GEIndexBuffer(GEIndexBuffer * this)	ok	functions/00037540_STG__GEIndexBuffer___GEIndexBuffer.c	
00037568	STG::GEIndexBuffer::~GEIndexBuffer	undefined __thiscall ~GEIndexBuffer(GEIndexBuffer * this)	ok	functions/00037568_STG__GEIndexBuffer___GEIndexBuffer.c	
00037584	STG::GEIndexBuffer::Clone	undefined __thiscall Clone(GEIndexBuffer * this, GEIndexBuffer * param_1)	ok	functions/00037584_STG__GEIndexBuffer__Clone.c	
00037664	STG::GEIndexBuffer::AllocateBufferObject	undefined __thiscall AllocateBufferObject(GEIndexBuffer * this)	ok	functions/00037664_STG__GEIndexBuffer__AllocateBufferObject.c	
0003769c	STG::GEIndexBuffer::UpdateBufferObject	undefined __thiscall UpdateBufferObject(GEIndexBuffer * this)	ok	functions/0003769c_STG__GEIndexBuffer__UpdateBufferObject.c	
000376ac	STG::GETextureList::~GETextureList	undefined __thiscall ~GETextureList(GETextureList * this)	ok	functions/000376ac_STG__GETextureList___GETextureList.c	
000376c4	STG::GEMaterial::GetSubFileCount	undefined __stdcall GetSubFileCount(void)	ok	functions/000376c4_STG__GEMaterial__GetSubFileCount.c	
000376cc	STG::GEMaterial::GetChildResourceCount	undefined __stdcall GetChildResourceCount(void)	ok	functions/000376cc_STG__GEMaterial__GetChildResourceCount.c	
000376d4	STG::GEMaterial::GetChildResource	undefined __thiscall GetChildResource(GEMaterial * this, ulong param_1)	ok	functions/000376d4_STG__GEMaterial__GetChildResource.c	
000376e0	STG::UResourceList<STG::GETexture,STG::GETextureList,STG::GETextureList_CreateParams>::~UResourceList	undefined __thiscall ~UResourceList(UResourceList<STG::GETexture,STG::GETextureList,STG::GETextureList_CreateParams> * this)	ok	functions/000376e0_STG__UResourceList_STG__GETexture_STG__GETextureList_STG__GETextureList_CreateParams____UResourceList.c	
000376f8	STG::USingleton<STG::GETextureList>::~USingleton	undefined __thiscall ~USingleton(USingleton<STG::GETextureList> * this)	ok	functions/000376f8_STG__USingleton_STG__GETextureList____USingleton.c	
00037710	STG::USingleton<STG::GETextureList>::~USingleton	undefined __thiscall ~USingleton(USingleton<STG::GETextureList> * this)	ok	functions/00037710_STG__USingleton_STG__GETextureList____USingleton.c	
00037738	STG::UResourceList<STG::GETexture,STG::GETextureList,STG::GETextureList_CreateParams>::~UResourceList	undefined __thiscall ~UResourceList(UResourceList<STG::GETexture,STG::GETextureList,STG::GETextureList_CreateParams> * this)	ok	functions/00037738_STG__UResourceList_STG__GETexture_STG__GETextureList_STG__GETextureList_CreateParams____UResourceList.c	
00037760	STG::GEMaterial::LoadSelf	undefined __thiscall LoadSelf(GEMaterial * this, FFileBase * param_1)	ok	functions/00037760_STG__GEMaterial__LoadSelf.c	
00037784	STG::GEMaterial::LoadSelf	undefined __thiscall LoadSelf(GEMaterial * this, FFileHash * param_1)	ok	functions/00037784_STG__GEMaterial__LoadSelf.c	
00037788	STG::GEMaterial::LoadSubFile	undefined __thiscall LoadSubFile(GEMaterial * this, ulong param_1, FFileHash * param_2)	ok	functions/00037788_STG__GEMaterial__LoadSubFile.c	
00037a34	STG::GETextureList::~GETextureList	undefined __thiscall ~GETextureList(GETextureList * this)	ok	functions/00037a34_STG__GETextureList___GETextureList.c	
00037a5c	STG::GEMaterial::GetIsEqual	undefined __stdcall GetIsEqual(GEMaterial * param_1)	ok	functions/00037a5c_STG__GEMaterial__GetIsEqual.c	
00037a64	STG::GEMaterial::GetIsSuitableForMultiPassTransparency	undefined __thiscall GetIsSuitableForMultiPassTransparency(GEMaterial * this)	ok	functions/00037a64_STG__GEMaterial__GetIsSuitableForMultiPassTransparency.c	
00037a9c	STG::GEMaterial::GetSubFile	undefined __thiscall GetSubFile(GEMaterial * this, ulong param_1, FFileHash * param_2)	ok	functions/00037a9c_STG__GEMaterial__GetSubFile.c	
00037b90	STG::GEMaterial::SetDefault	undefined __thiscall SetDefault(GEMaterial * this)	ok	functions/00037b90_STG__GEMaterial__SetDefault.c	
00037e24	STG::GEMaterial::GEMaterial	undefined __thiscall GEMaterial(GEMaterial * this)	ok	functions/00037e24_STG__GEMaterial__GEMaterial.c	
00037ed0	STG::GEMaterial::~GEMaterial	undefined __thiscall ~GEMaterial(GEMaterial * this)	ok	functions/00037ed0_STG__GEMaterial___GEMaterial.c	
00038000	STG::GEMaterial::~GEMaterial	undefined __thiscall ~GEMaterial(GEMaterial * this)	ok	functions/00038000_STG__GEMaterial___GEMaterial.c	
0003801c	STG::GEMaterial::Clone	undefined __thiscall Clone(GEMaterial * this, GEMaterial * param_1)	ok	functions/0003801c_STG__GEMaterial__Clone.c	
000382ac	STG::GEMaterial::ConvertToMultiPassTransparency	undefined __thiscall ConvertToMultiPassTransparency(GEMaterial * this, GEMaterial * param_1, GEMaterial * param_2)	ok	functions/000382ac_STG__GEMaterial__ConvertToMultiPassTransparency.c	
000382fc	STG::GEMaterial::SetTexture	undefined __thiscall SetTexture(GEMaterial * this, ulong param_1, GETexture * param_2, ESamplerState * param_3, ETextureStageState * param_4, EAnisotropyState * param_5, GEColor * param_6, MMatrix * param_7)	ok	functions/000382fc_STG__GEMaterial__SetTexture.c	
0003855c	STG::GEMaterial::SetTextureFile	undefined __thiscall SetTextureFile(GEMaterial * this, ulong param_1, FFileHash * param_2, ulong param_3, ulong param_4, bool param_5)	ok	functions/0003855c_STG__GEMaterial__SetTextureFile.c	
00038720	STG::GEModel::LoadSubFile	undefined __stdcall LoadSubFile(ulong param_1, FFileHash * param_2)	ok	functions/00038720_STG__GEModel__LoadSubFile.c	
00038728	STG::GEModel::GetSubFileCount	undefined __stdcall GetSubFileCount(void)	ok	functions/00038728_STG__GEModel__GetSubFileCount.c	
00038730	STG::GEModel::GetSubFile	undefined __stdcall GetSubFile(ulong param_1, FFileHash * param_2)	ok	functions/00038730_STG__GEModel__GetSubFile.c	
00038738	STG::GEModel::GetChildResourceCount	undefined __thiscall GetChildResourceCount(GEModel * this)	ok	functions/00038738_STG__GEModel__GetChildResourceCount.c	
00038740	STG::GEModel::GetChildResource	undefined __thiscall GetChildResource(GEModel * this, ulong param_1)	ok	functions/00038740_STG__GEModel__GetChildResource.c	
0003874c	STG::GEModel::LoadResources	undefined __thiscall LoadResources(GEModel * this)	ok	functions/0003874c_STG__GEModel__LoadResources.c	
00038808	STG::GEModel::LoadSelf	undefined __thiscall LoadSelf(GEModel * this, FFileBase * param_1)	ok	functions/00038808_STG__GEModel__LoadSelf.c	
0003882c	STG::GEModel::LoadSelf	undefined __thiscall LoadSelf(GEModel * this, FFileHash * param_1)	ok	functions/0003882c_STG__GEModel__LoadSelf.c	
00038830	STG::GEModel::~GEModel	undefined __thiscall ~GEModel(GEModel * this)	ok	functions/00038830_STG__GEModel___GEModel.c	
00038a6c	STG::GEModel::~GEModel	undefined __thiscall ~GEModel(GEModel * this)	ok	functions/00038a6c_STG__GEModel___GEModel.c	
00038a88	STG::GEModel::GEModel	undefined __thiscall GEModel(GEModel * this)	ok	functions/00038a88_STG__GEModel__GEModel.c	
00038ba8	STG::GEModel::Initialize	undefined __thiscall Initialize(GEModel * this, ulong param_1, ulong param_2, ulong param_3)	ok	functions/00038ba8_STG__GEModel__Initialize.c	
00038c7c	STG::GEModel::IsAllocated	undefined __thiscall IsAllocated(GEModel * this)	ok	functions/00038c7c_STG__GEModel__IsAllocated.c	
00038d28	STG::GEModel::CalcRenderTransform	undefined __thiscall CalcRenderTransform(GEModel * this, GECamera * param_1, MMatrix * param_2, MMatrix * param_3)	ok	functions/00038d28_STG__GEModel__CalcRenderTransform.c	
00038e58	STG::GEModel::CalcBoundingData	undefined __thiscall CalcBoundingData(GEModel * this, MMatrix * param_1, UArrayFixed * param_2)	ok	functions/00038e58_STG__GEModel__CalcBoundingData.c	
00039254	STG::GEModel::CalcBoundingData	undefined __thiscall CalcBoundingData(GEModel * this, MMatrix * param_1)	ok	functions/00039254_STG__GEModel__CalcBoundingData.c	
00039358	STG::GEModel::SetBoundingData	undefined __thiscall SetBoundingData(GEModel * this, MVector3 * param_1, MVector3 * param_2, MVector3 * param_3, float param_4)	ok	functions/00039358_STG__GEModel__SetBoundingData.c	
000393b0	STG::GEModel::ConvertToMultiPassTransparency	undefined __thiscall ConvertToMultiPassTransparency(GEModel * this, UArrayFixed * param_1)	ok	functions/000393b0_STG__GEModel__ConvertToMultiPassTransparency.c	
000396cc	STG::GEPixelData::SetFormat	undefined __thiscall SetFormat(GEPixelData * this, EFormat param_1)	ok	functions/000396cc_STG__GEPixelData__SetFormat.c	
000396f8	STG::GEPixelData::SetDimensions	undefined __thiscall SetDimensions(GEPixelData * this, ulong param_1, ulong param_2)	ok	functions/000396f8_STG__GEPixelData__SetDimensions.c	
00039704	STG::GEPixelData::Allocate	undefined __thiscall Allocate(GEPixelData * this)	ok	functions/00039704_STG__GEPixelData__Allocate.c	
00039780	STG::GEPixelData::Deallocate	undefined __thiscall Deallocate(GEPixelData * this)	ok	functions/00039780_STG__GEPixelData__Deallocate.c	
000397bc	STG::GERenderer::EndViewport	undefined __thiscall EndViewport(GERenderer * this)	ok	functions/000397bc_STG__GERenderer__EndViewport.c	
000397c8	STG::GERenderer::SaveImageData	undefined __thiscall SaveImageData(GERenderer * this, UStringBase * param_1, GEPixelData * param_2)	ok	functions/000397c8_STG__GERenderer__SaveImageData.c	
0003980c	STG::GERenderer::EndFrame	undefined __thiscall EndFrame(GERenderer * this)	ok	functions/0003980c_STG__GERenderer__EndFrame.c	
00039834	STG::GERenderer::EndCamera	undefined __thiscall EndCamera(GERenderer * this)	ok	functions/00039834_STG__GERenderer__EndCamera.c	
00039854	STG::GERenderer::BeginCamera	undefined __thiscall BeginCamera(GERenderer * this, GECamera * param_1)	ok	functions/00039854_STG__GERenderer__BeginCamera.c	
00039a70	STG::GERenderer::BeginViewport	undefined __thiscall BeginViewport(GERenderer * this, GEViewport * param_1)	ok	functions/00039a70_STG__GERenderer__BeginViewport.c	
00039b10	STG::GERenderer::~GERenderer	undefined __thiscall ~GERenderer(GERenderer * this)	ok	functions/00039b10_STG__GERenderer___GERenderer.c	
00039b38	STG::GERenderer::~GERenderer	undefined __thiscall ~GERenderer(GERenderer * this)	ok	functions/00039b38_STG__GERenderer___GERenderer.c	
00039b54	STG::GERenderState<STG::GEColor>::SetState	undefined __thiscall SetState(GERenderState<STG::GEColor> * this, GEColor * param_1)	ok	functions/00039b54_STG__GERenderState_STG__GEColor___SetState.c	
00039b5c	STG::GERenderState<STG::MMatrix>::SetState	undefined __thiscall SetState(GERenderState<STG::MMatrix> * this, MMatrix * param_1)	ok	functions/00039b5c_STG__GERenderState_STG__MMatrix___SetState.c	
00039b64	STG::GERenderState<STG::MMatrix>::RestoreState	undefined __stdcall RestoreState(void)	ok	functions/00039b64_STG__GERenderState_STG__MMatrix___RestoreState.c	
00039b6c	STG::GERenderer::GERenderer	undefined __thiscall GERenderer(GERenderer * this)	ok	functions/00039b6c_STG__GERenderer__GERenderer.c	
00039cfc	STG::GERenderer::AllocateFrameBufferTexture	undefined __stdcall AllocateFrameBufferTexture(void)	ok	functions/00039cfc_STG__GERenderer__AllocateFrameBufferTexture.c	
00039d04	STG::GERenderer::DeallocateFrameBufferTexture	undefined __thiscall DeallocateFrameBufferTexture(GERenderer * this)	ok	functions/00039d04_STG__GERenderer__DeallocateFrameBufferTexture.c	
00039d68	STG::GERenderer::UpdateFrameBufferTexture	undefined __thiscall UpdateFrameBufferTexture(GERenderer * this)	ok	functions/00039d68_STG__GERenderer__UpdateFrameBufferTexture.c	
00039dcc	STG::GERenderer::GetFrameBufferTexture	undefined __thiscall GetFrameBufferTexture(GERenderer * this)	ok	functions/00039dcc_STG__GERenderer__GetFrameBufferTexture.c	
00039de0	STG::GERenderer::GetFrameBufferTexture	undefined __thiscall GetFrameBufferTexture(GERenderer * this)	ok	functions/00039de0_STG__GERenderer__GetFrameBufferTexture.c	
00039df4	STG::GERenderer::VertexBufferInstall	undefined __thiscall VertexBufferInstall(GERenderer * this, GEVertexBuffer * param_1)	ok	functions/00039df4_STG__GERenderer__VertexBufferInstall.c	
00039e5c	STG::GERenderer::VertexBufferUninstall	undefined __thiscall VertexBufferUninstall(GERenderer * this, GEVertexBuffer * param_1)	ok	functions/00039e5c_STG__GERenderer__VertexBufferUninstall.c	
00039e98	STG::GERenderer::DrawElements	undefined __thiscall DrawElements(GERenderer * this, GEIndexBuffer * param_1, ulong param_2)	ok	functions/00039e98_STG__GERenderer__DrawElements.c	
00039ec4	STG::GERenderer::DrawElements	undefined __thiscall DrawElements(GERenderer * this, GEIndexBuffer * param_1)	ok	functions/00039ec4_STG__GERenderer__DrawElements.c	
00039ecc	STG::GERenderer::Draw	undefined __thiscall Draw(GERenderer * this, GEVertexBuffer * param_1, GEIndexBuffer * param_2)	ok	functions/00039ecc_STG__GERenderer__Draw.c	
00039efc	STG::GERenderer::Draw	undefined __thiscall Draw(GERenderer * this, UStringBase * param_1, GEFont * param_2, MVector2 * param_3, GEColor * param_4)	ok	functions/00039efc_STG__GERenderer__Draw.c	
0003a168	STG::GERenderer::AllocateResources	undefined __stdcall AllocateResources(void)	ok	functions/0003a168_STG__GERenderer__AllocateResources.c	
0003a5fc	STG::GERenderer::DeallocateResources	undefined __thiscall DeallocateResources(GERenderer * this)	ok	functions/0003a5fc_STG__GERenderer__DeallocateResources.c	
0003a7b4	STG::GERenderer::Uninitialize	undefined __thiscall Uninitialize(GERenderer * this)	ok	functions/0003a7b4_STG__GERenderer__Uninitialize.c	
0003a7dc	STG::GERenderer::SetFocus	undefined __thiscall SetFocus(GERenderer * this)	ok	functions/0003a7dc_STG__GERenderer__SetFocus.c	
0003a7f0	STG::GERenderer::SetScreenDims	undefined __thiscall SetScreenDims(GERenderer * this, ulong param_1, ulong param_2)	ok	functions/0003a7f0_STG__GERenderer__SetScreenDims.c	
0003a850	STG::GERenderer::GetFogEnabled	undefined __stdcall GetFogEnabled(void)	ok	functions/0003a850_STG__GERenderer__GetFogEnabled.c	
0003a858	STG::GERenderer::SetFogEnabled	undefined __stdcall SetFogEnabled(bool param_1)	ok	functions/0003a858_STG__GERenderer__SetFogEnabled.c	
0003a860	STG::GERenderer::SetFogState	undefined __stdcall SetFogState(GEColor * param_1, float param_2, float param_3)	ok	functions/0003a860_STG__GERenderer__SetFogState.c	
0003a864	STG::GERenderer::ApplyFog	undefined __stdcall ApplyFog(EBlendState * param_1)	ok	functions/0003a864_STG__GERenderer__ApplyFog.c	
0003a868	STG::GERenderer::SetMaterial	undefined __thiscall SetMaterial(GERenderer * this, GEMaterial * param_1, GEColor * param_2)	ok	functions/0003a868_STG__GERenderer__SetMaterial.c	
0003a95c	STG::GERenderer::Draw	undefined __thiscall Draw(GERenderer * this, GEModel * param_1, MMatrix * param_2)	ok	functions/0003a95c_STG__GERenderer__Draw.c	
0003aaec	STG::GERenderer::Draw	undefined __thiscall Draw(GERenderer * this, GEModel * param_1)	ok	functions/0003aaec_STG__GERenderer__Draw.c	
0003ab1c	STG::GERenderer::Draw	undefined __thiscall Draw(GERenderer * this, MVector2 * param_1, GEMaterial * param_2)	ok	functions/0003ab1c_STG__GERenderer__Draw.c	
0003ac5c	STG::GERenderer::DrawVignette	undefined __thiscall DrawVignette(GERenderer * this)	ok	functions/0003ac5c_STG__GERenderer__DrawVignette.c	
0003ad0c	STG::GERenderer::Draw	undefined __thiscall Draw(GERenderer * this, GEScene * param_1)	ok	functions/0003ad0c_STG__GERenderer__Draw.c	
0003ad8c	STG::GERenderer::Draw	undefined __thiscall Draw(GERenderer * this, URectangle * param_1, GEMaterial * param_2, GEColor * param_3, bool param_4)	ok	functions/0003ad8c_STG__GERenderer__Draw.c	
0003aef4	STG::GERenderer::Draw	undefined __thiscall Draw(GERenderer * this, URectangle * param_1, GEMaterial * param_2, GEColor * param_3, bool param_4)	ok	functions/0003aef4_STG__GERenderer__Draw.c	
0003af58	STG::GERenderer::GetMultiSampleEnabled	undefined __thiscall GetMultiSampleEnabled(GERenderer * this)	ok	functions/0003af58_STG__GERenderer__GetMultiSampleEnabled.c	
0003af60	STG::GERenderer::SetMultiSampleEnabled	undefined __thiscall SetMultiSampleEnabled(GERenderer * this, bool param_1)	ok	functions/0003af60_STG__GERenderer__SetMultiSampleEnabled.c	
0003af6c	STG::GERenderer::Initialize	undefined __thiscall Initialize(GERenderer * this)	ok	functions/0003af6c_STG__GERenderer__Initialize.c	
0003b0b0	STG::GERenderer::GetFPS	undefined __stdcall GetFPS(void)	ok	functions/0003b0b0_STG__GERenderer__GetFPS.c	
0003b0f0	STG::GERenderer::GetCamera	undefined __thiscall GetCamera(GERenderer * this)	ok	functions/0003b0f0_STG__GERenderer__GetCamera.c	
0003b0f8	STG::GERenderer::CaptureScreenShot	undefined __thiscall CaptureScreenShot(GERenderer * this, URectangle * param_1, GEPixelData * param_2)	ok	functions/0003b0f8_STG__GERenderer__CaptureScreenShot.c	
0003b104	STG::GERenderer::CaptureScreenShot	undefined __thiscall CaptureScreenShot(GERenderer * this, GEPixelData * param_1)	ok	functions/0003b104_STG__GERenderer__CaptureScreenShot.c	
0003b110	STG::GERenderer::CaptureScreenShot	undefined __thiscall CaptureScreenShot(GERenderer * this, URectangle * param_1, UStringBase * param_2)	ok	functions/0003b110_STG__GERenderer__CaptureScreenShot.c	
0003b1d0	STG::GERenderer::CaptureScreenShot	undefined __thiscall CaptureScreenShot(GERenderer * this, UStringBase * param_1)	ok	functions/0003b1d0_STG__GERenderer__CaptureScreenShot.c	
0003b1dc	STG::GERenderer::Internal_Clear	undefined __thiscall Internal_Clear(GERenderer * this, GEColor * param_1, ulong param_2)	ok	functions/0003b1dc_STG__GERenderer__Internal_Clear.c	
0003b1e8	STG::GERenderer::Internal_SetColorMask	undefined __thiscall Internal_SetColorMask(GERenderer * this, EColorMask param_1)	ok	functions/0003b1e8_STG__GERenderer__Internal_SetColorMask.c	
0003b1f0	STG::GERenderer::BeginFrame	undefined __thiscall BeginFrame(GERenderer * this, GEColor * param_1)	ok	functions/0003b1f0_STG__GERenderer__BeginFrame.c	
0003b320	STG::GERenderer::Internal_SetLogicOp	undefined __thiscall Internal_SetLogicOp(GERenderer * this, ELogicOp param_1)	ok	functions/0003b320_STG__GERenderer__Internal_SetLogicOp.c	
0003b328	_INIT_0	undefined _INIT_0(void)	ok	functions/0003b328__INIT_0.c	
0003b3a0	STG::GERendererAPI::GL_RegisterExtensions	undefined __stdcall GL_RegisterExtensions(void)	ok	functions/0003b3a0_STG__GERendererAPI__GL_RegisterExtensions.c	
0003b3a4	STG::GERendererAPI::GL_GetAddressMode	undefined __stdcall GL_GetAddressMode(ESamplerState * param_1)	ok	functions/0003b3a4_STG__GERendererAPI__GL_GetAddressMode.c	
0003b3bc	STG::GERendererAPI::GL_GetFilterMode	undefined __stdcall GL_GetFilterMode(ESamplerState * param_1)	ok	functions/0003b3bc_STG__GERendererAPI__GL_GetFilterMode.c	
0003b3d8	STG::GERendererAPI::GL_GetSamplerState	undefined __stdcall GL_GetSamplerState(ETextureFilter * param_1, ETextureAddress * param_2)	ok	functions/0003b3d8_STG__GERendererAPI__GL_GetSamplerState.c	
0003b450	STG::GERendererAPI::GL_SetBlendState	undefined __stdcall GL_SetBlendState(EBlendState param_1)	ok	functions/0003b450_STG__GERendererAPI__GL_SetBlendState.c	
0003b4d0	STG::GERendererAPI::GL_SetCullState	undefined __stdcall GL_SetCullState(ECullState param_1)	ok	functions/0003b4d0_STG__GERendererAPI__GL_SetCullState.c	
0003b520	STG::GERendererAPI::GL_SetDepthState	undefined __stdcall GL_SetDepthState(EDepthState param_1)	ok	functions/0003b520_STG__GERendererAPI__GL_SetDepthState.c	
0003b568	STG::GERendererAPI::GL_SetColor	undefined __stdcall GL_SetColor(GEColor * param_1)	ok	functions/0003b568_STG__GERendererAPI__GL_SetColor.c	
0003b580	STG::GERendererAPI::GL_SetColorMask	undefined __stdcall GL_SetColorMask(EColorMask param_1)	ok	functions/0003b580_STG__GERendererAPI__GL_SetColorMask.c	
0003b5a8	STG::GERendererAPI::GL_SetLogicOp	undefined __stdcall GL_SetLogicOp(ELogicOp param_1)	ok	functions/0003b5a8_STG__GERendererAPI__GL_SetLogicOp.c	
0003b5e8	STG::GERendererAPI::GL_SetMultiSample	undefined __stdcall GL_SetMultiSample(EMultiSampleState param_1)	ok	functions/0003b5e8_STG__GERendererAPI__GL_SetMultiSample.c	
0003b610	STG::GERendererAPI::GL_VertexDataDisable	undefined __stdcall GL_VertexDataDisable(EUsage param_1)	ok	functions/0003b610_STG__GERendererAPI__GL_VertexDataDisable.c	
0003b654	STG::GERendererAPI::GL_VertexDataEnable	undefined __stdcall GL_VertexDataEnable(EUsage param_1, EType param_2, ulong param_3, ulong param_4, void * param_5)	ok	functions/0003b654_STG__GERendererAPI__GL_VertexDataEnable.c	
0003b6d0	STG::GERendererAPI::GL_DrawElements	undefined __stdcall GL_DrawElements(ulong param_1, ushort * param_2)	ok	functions/0003b6d0_STG__GERendererAPI__GL_DrawElements.c	
0003b6e8	STG::GERendererAPI::GL_Clear	undefined __stdcall GL_Clear(GEColor * param_1, ulong param_2)	ok	functions/0003b6e8_STG__GERendererAPI__GL_Clear.c	
0003b74c	STG::GERendererAPI::GL_Finish	undefined __stdcall GL_Finish(void)	ok	functions/0003b74c_STG__GERendererAPI__GL_Finish.c	
0003b750	STG::GERendererAPI::GL_Flush	undefined __stdcall GL_Flush(void)	ok	functions/0003b750_STG__GERendererAPI__GL_Flush.c	
0003b754	STG::GERendererAPI::GL_LoadMatrixMode	undefined __stdcall GL_LoadMatrixMode(uint param_1, MMatrix * param_2)	ok	functions/0003b754_STG__GERendererAPI__GL_LoadMatrixMode.c	
0003b76c	STG::GERendererAPI::GL_ResetMatrixMode	undefined __stdcall GL_ResetMatrixMode(uint param_1)	ok	functions/0003b76c_STG__GERendererAPI__GL_ResetMatrixMode.c	
0003b77c	STG::GERendererAPI::GL_SetAmbientLight	undefined __stdcall GL_SetAmbientLight(GEColor * param_1)	ok	functions/0003b77c_STG__GERendererAPI__GL_SetAmbientLight.c	
0003b780	STG::GERendererAPI::GL_SetMaterialColor	undefined __stdcall GL_SetMaterialColor(GEColor * param_1)	ok	functions/0003b780_STG__GERendererAPI__GL_SetMaterialColor.c	
0003b7a8	STG::GERendererAPI::GL_GenTexture	undefined __stdcall GL_GenTexture(ulong * param_1)	ok	functions/0003b7a8_STG__GERendererAPI__GL_GenTexture.c	
0003b7b4	STG::GERendererAPI::GL_DeleteTexture	undefined __stdcall GL_DeleteTexture(ulong * param_1)	ok	functions/0003b7b4_STG__GERendererAPI__GL_DeleteTexture.c	
0003b7d4	STG::GERendererAPI::GL_BindTexture	undefined __stdcall GL_BindTexture(ulong param_1)	ok	functions/0003b7d4_STG__GERendererAPI__GL_BindTexture.c	
0003b7e0	STG::GERendererAPI::GL_UnbindTexture	undefined __stdcall GL_UnbindTexture(void)	ok	functions/0003b7e0_STG__GERendererAPI__GL_UnbindTexture.c	
0003b7ec	STG::GERendererAPI::GL_SetTexture	undefined __stdcall GL_SetTexture(ulong param_1, ESamplerState param_2, ETextureStageState param_3, EAnisotropyState param_4, GETexture * param_5, GEColor * param_6, MMatrix * param_7)	ok	functions/0003b7ec_STG__GERendererAPI__GL_SetTexture.c	
0003ba54	STG::GERendererAPI::GL_SetFogState	undefined __stdcall GL_SetFogState(bool param_1, GEColor * param_2, float param_3, float param_4)	ok	functions/0003ba54_STG__GERendererAPI__GL_SetFogState.c	
0003bac0	STG::GERendererAPI::GL_CopyTexImage2D	undefined __stdcall GL_CopyTexImage2D(ulong param_1, ulong param_2)	ok	functions/0003bac0_STG__GERendererAPI__GL_CopyTexImage2D.c	
0003baf8	STG::GERendererAPI::GL_GenBuffer	undefined __stdcall GL_GenBuffer(ulong * param_1)	ok	functions/0003baf8_STG__GERendererAPI__GL_GenBuffer.c	
0003bb04	STG::GERendererAPI::GL_DeleteBuffer	undefined __stdcall GL_DeleteBuffer(ulong * param_1)	ok	functions/0003bb04_STG__GERendererAPI__GL_DeleteBuffer.c	
0003bb24	STG::GERendererAPI::GL_BindBuffer	undefined __stdcall GL_BindBuffer(EType param_1, ulong param_2)	ok	functions/0003bb24_STG__GERendererAPI__GL_BindBuffer.c	
0003bb3c	STG::GERendererAPI::GL_UnbindBuffer	undefined __stdcall GL_UnbindBuffer(EType param_1)	ok	functions/0003bb3c_STG__GERendererAPI__GL_UnbindBuffer.c	
0003bb58	STG::GERendererAPI::GL_BufferData	undefined __stdcall GL_BufferData(EType param_1, EUsage param_2, ulong param_3)	ok	functions/0003bb58_STG__GERendererAPI__GL_BufferData.c	
0003bb80	STG::GERendererAPI::GL_BufferSubData	undefined __stdcall GL_BufferSubData(EType param_1, uchar * param_2, ulong param_3)	ok	functions/0003bb80_STG__GERendererAPI__GL_BufferSubData.c	
0003bba0	STG::GERendererAPI::GL_GetError	undefined __stdcall GL_GetError(uint * param_1)	ok	functions/0003bba0_STG__GERendererAPI__GL_GetError.c	
0003bbbc	STG::GERendererAPI::GL_GetError	undefined __stdcall GL_GetError(void)	ok	functions/0003bbbc_STG__GERendererAPI__GL_GetError.c	
0003bbd4	STG::GERendererAPI::GL_Validate	undefined __stdcall GL_Validate(char * param_1)	ok	functions/0003bbd4_STG__GERendererAPI__GL_Validate.c	
0003bbdc	STG::GERendererAPI::GL_DepthRange	undefined __stdcall GL_DepthRange(float param_1, float param_2)	ok	functions/0003bbdc_STG__GERendererAPI__GL_DepthRange.c	
0003bbe8	STG::GERendererAPI::GL_Viewport	undefined __stdcall GL_Viewport(URectangle * param_1)	ok	functions/0003bbe8_STG__GERendererAPI__GL_Viewport.c	
0003bc20	STG::GERendererAPI::GL_GetTextureBitPerPixel	undefined __stdcall GL_GetTextureBitPerPixel(EFormat param_1)	ok	functions/0003bc20_STG__GERendererAPI__GL_GetTextureBitPerPixel.c	
0003bc38	STG::GERendererAPI::GL_GetTextureNumChannels	undefined __stdcall GL_GetTextureNumChannels(EFormat param_1)	ok	functions/0003bc38_STG__GERendererAPI__GL_GetTextureNumChannels.c	
0003bc50	STG::GERendererAPI::GL_GetTextureEnum	undefined __stdcall GL_GetTextureEnum(EFormat param_1)	ok	functions/0003bc50_STG__GERendererAPI__GL_GetTextureEnum.c	
0003bc68	STG::GERendererAPI::GL_GetTextureIsCompressed	undefined __stdcall GL_GetTextureIsCompressed(EFormat param_1)	ok	functions/0003bc68_STG__GERendererAPI__GL_GetTextureIsCompressed.c	
0003bc80	STG::GERendererAPI::GL_GetTextureDataType	undefined __stdcall GL_GetTextureDataType(EFormat param_1)	ok	functions/0003bc80_STG__GERendererAPI__GL_GetTextureDataType.c	
0003bc98	STG::GERendererAPI::GL_ReadPixels	undefined __stdcall GL_ReadPixels(URectangle * param_1, GEPixelData * param_2)	ok	functions/0003bc98_STG__GERendererAPI__GL_ReadPixels.c	
0003bd50	STG::GERendererAPI::GL_GetTextureDataSize	undefined __stdcall GL_GetTextureDataSize(ulong param_1, ulong param_2, EFormat param_3)	ok	functions/0003bd50_STG__GERendererAPI__GL_GetTextureDataSize.c	
0003bdcc	STG::GERendererAPI::GL_LoadTexImage2D	undefined __stdcall GL_LoadTexImage2D(EFormat param_1, EFormat param_2, ulong param_3, ulong param_4, ulong param_5, uchar * param_6)	ok	functions/0003bdcc_STG__GERendererAPI__GL_LoadTexImage2D.c	
0003bf60	STG::GERendererAPI::GL_GetIsExtensionSupported	undefined __stdcall GL_GetIsExtensionSupported(char * param_1)	ok	functions/0003bf60_STG__GERendererAPI__GL_GetIsExtensionSupported.c	
0003c494	STG::GERendererAPI::GL_QueryAnisotropySupport	undefined __stdcall GL_QueryAnisotropySupport(void)	ok	functions/0003c494_STG__GERendererAPI__GL_QueryAnisotropySupport.c	
0003c53c	STG::GERendererAPI::GL_QueryCapabilities	undefined __stdcall GL_QueryCapabilities(Capabilities * param_1)	ok	functions/0003c53c_STG__GERendererAPI__GL_QueryCapabilities.c	
0003c558	STG::GERendererAPI::GL_GetTextureIsSupported	undefined __stdcall GL_GetTextureIsSupported(EFormat param_1)	ok	functions/0003c558_STG__GERendererAPI__GL_GetTextureIsSupported.c	
0003c5d4	STG::GEScene::LoadSubFile	undefined __stdcall LoadSubFile(ulong param_1, FFileHash * param_2)	ok	functions/0003c5d4_STG__GEScene__LoadSubFile.c	
0003c5dc	STG::GEScene::GetSubFileCount	undefined __stdcall GetSubFileCount(void)	ok	functions/0003c5dc_STG__GEScene__GetSubFileCount.c	
0003c5e4	STG::GEScene::GetSubFile	undefined __stdcall GetSubFile(ulong param_1, FFileHash * param_2)	ok	functions/0003c5e4_STG__GEScene__GetSubFile.c	
0003c5ec	STG::GEScene::GetChildResourceCount	undefined __thiscall GetChildResourceCount(GEScene * this)	ok	functions/0003c5ec_STG__GEScene__GetChildResourceCount.c	
0003c5f4	STG::GEScene::GetChildResource	undefined __thiscall GetChildResource(GEScene * this, ulong param_1)	ok	functions/0003c5f4_STG__GEScene__GetChildResource.c	
0003c608	STG::GEScene::LoadSelf	undefined __thiscall LoadSelf(GEScene * this, FFileHash * param_1)	ok	functions/0003c608_STG__GEScene__LoadSelf.c	
0003c60c	STG::GEScene::LoadSelf	undefined __thiscall LoadSelf(GEScene * this, FFileBase * param_1)	ok	functions/0003c60c_STG__GEScene__LoadSelf.c	
0003c7fc	STG::GEScene::~GEScene	undefined __thiscall ~GEScene(GEScene * this)	ok	functions/0003c7fc_STG__GEScene___GEScene.c	
0003d81c	STG::GEScene::~GEScene	undefined __thiscall ~GEScene(GEScene * this)	ok	functions/0003d81c_STG__GEScene___GEScene.c	
0003d838	STG::GEScene::Initialize	undefined __thiscall Initialize(GEScene * this, ulong param_1, ulong param_2)	ok	functions/0003d838_STG__GEScene__Initialize.c	
0003dc18	STG::GEScene::InitializeCameraSets	undefined __thiscall InitializeCameraSets(GEScene * this, ulong param_1)	ok	functions/0003dc18_STG__GEScene__InitializeCameraSets.c	
0003dc7c	STG::GEScene::InitializeAnimations	undefined __thiscall InitializeAnimations(GEScene * this, UTimeValue * param_1, ulong param_2, ulong param_3, ulong param_4, ulong param_5, ulong param_6, ulong param_7, ulong param_8, ulong param_9)	ok	functions/0003dc7c_STG__GEScene__InitializeAnimations.c	
0003fcc4	STG::GEScene::InitializeLogicObjects	undefined __thiscall InitializeLogicObjects(GEScene * this, ulong param_1)	ok	functions/0003fcc4_STG__GEScene__InitializeLogicObjects.c	
0003fdcc	STG::GEScene::SetLogicObject	undefined __thiscall SetLogicObject(GEScene * this, ulong param_1, EType param_2)	ok	functions/0003fdcc_STG__GEScene__SetLogicObject.c	
0003fdec	STG::GEScene::InitializeIntersectables	undefined __thiscall InitializeIntersectables(GEScene * this, ulong param_1)	ok	functions/0003fdec_STG__GEScene__InitializeIntersectables.c	
0003ff44	STG::GEScene::SetIntersectRemap	undefined __thiscall SetIntersectRemap(GEScene * this, ulong param_1, ulong param_2)	ok	functions/0003ff44_STG__GEScene__SetIntersectRemap.c	
0003ff50	STG::GEScene::InitializeVertexAnimation	undefined __thiscall InitializeVertexAnimation(GEScene * this, ulong param_1)	ok	functions/0003ff50_STG__GEScene__InitializeVertexAnimation.c	
0004010c	STG::GEScene::SetVertexAnimationRemap	undefined __thiscall SetVertexAnimationRemap(GEScene * this, ulong param_1, ulong param_2)	ok	functions/0004010c_STG__GEScene__SetVertexAnimationRemap.c	
00040118	STG::GEScene::InitializeSkeleton	undefined __thiscall InitializeSkeleton(GEScene * this, ulong param_1)	ok	functions/00040118_STG__GEScene__InitializeSkeleton.c	
000402d0	STG::GEScene::SetSkeletonRemap	undefined __thiscall SetSkeletonRemap(GEScene * this, ulong param_1, ulong param_2)	ok	functions/000402d0_STG__GEScene__SetSkeletonRemap.c	
000402dc	STG::GEScene::InitializeInherit_Visibility	undefined __thiscall InitializeInherit_Visibility(GEScene * this, ulong param_1)	ok	functions/000402dc_STG__GEScene__InitializeInherit_Visibility.c	
00040430	STG::GEScene::SetInherit_Visibility	undefined __thiscall SetInherit_Visibility(GEScene * this, ulong param_1, ulong param_2, ulong param_3)	ok	functions/00040430_STG__GEScene__SetInherit_Visibility.c	
00040444	STG::GEScene::InitializeInherit_Intersection	undefined __thiscall InitializeInherit_Intersection(GEScene * this, ulong param_1)	ok	functions/00040444_STG__GEScene__InitializeInherit_Intersection.c	
00040598	STG::GEScene::SetInherit_Intersection	undefined __thiscall SetInherit_Intersection(GEScene * this, ulong param_1, ulong param_2, ulong param_3)	ok	functions/00040598_STG__GEScene__SetInherit_Intersection.c	
000405ac	STG::GEScene::InitializeModelVisMask_TimeOfDay	undefined __thiscall InitializeModelVisMask_TimeOfDay(GEScene * this, ulong param_1)	ok	functions/000405ac_STG__GEScene__InitializeModelVisMask_TimeOfDay.c	
00040700	STG::GEScene::SetModelVisMask_TimeOfDay	undefined __thiscall SetModelVisMask_TimeOfDay(GEScene * this, ulong param_1, ulong param_2, ulong param_3)	ok	functions/00040700_STG__GEScene__SetModelVisMask_TimeOfDay.c	
00040714	STG::GEScene::InitializeModelVisMask_WeekDay	undefined __thiscall InitializeModelVisMask_WeekDay(GEScene * this, ulong param_1)	ok	functions/00040714_STG__GEScene__InitializeModelVisMask_WeekDay.c	
0004086c	STG::GEScene::SetModelVisMask_WeekDay	undefined __thiscall SetModelVisMask_WeekDay(GEScene * this, ulong param_1, ulong param_2, uchar param_3)	ok	functions/0004086c_STG__GEScene__SetModelVisMask_WeekDay.c	
00040880	STG::GEScene::InitializeModelVisMask_Date	undefined __thiscall InitializeModelVisMask_Date(GEScene * this, ulong param_1)	ok	functions/00040880_STG__GEScene__InitializeModelVisMask_Date.c	
000409e4	STG::GEScene::SetModelVisMask_Date	undefined __thiscall SetModelVisMask_Date(GEScene * this, ulong param_1, ulong param_2, ulong param_3, ulong param_4)	ok	functions/000409e4_STG__GEScene__SetModelVisMask_Date.c	
00040a0c	STG::GEScene::InitializeModelVisMask_Environment	undefined __thiscall InitializeModelVisMask_Environment(GEScene * this, ulong param_1)	ok	functions/00040a0c_STG__GEScene__InitializeModelVisMask_Environment.c	
00040b3c	STG::GEScene::SetModelVisMask_Environment	undefined __thiscall SetModelVisMask_Environment(GEScene * this, ulong param_1, ulong param_2, ulong param_3)	ok	functions/00040b3c_STG__GEScene__SetModelVisMask_Environment.c	
00040b50	STG::GEScene::ToolsOnly_SetNumRootXfms	undefined __thiscall ToolsOnly_SetNumRootXfms(GEScene * this, ulong param_1)	ok	functions/00040b50_STG__GEScene__ToolsOnly_SetNumRootXfms.c	
00040b58	STG::GEScene::ToolsOnly_SetUpdateOrder	undefined __thiscall ToolsOnly_SetUpdateOrder(GEScene * this, ulong param_1, ulong param_2, ulong param_3)	ok	functions/00040b58_STG__GEScene__ToolsOnly_SetUpdateOrder.c	
00040b94	STG::GEScene::GetEnvironmentIndex	undefined __thiscall GetEnvironmentIndex(GEScene * this)	ok	functions/00040b94_STG__GEScene__GetEnvironmentIndex.c	
00040b9c	STG::GEScene::SetEnvironmentIndex	undefined __thiscall SetEnvironmentIndex(GEScene * this, ulong param_1)	ok	functions/00040b9c_STG__GEScene__SetEnvironmentIndex.c	
00040ba4	STG::GEScene::GetTimeOfDay	undefined __thiscall GetTimeOfDay(GEScene * this)	ok	functions/00040ba4_STG__GEScene__GetTimeOfDay.c	
00040bb0	STG::GEScene::GetEnvironmentSettings	undefined __thiscall GetEnvironmentSettings(GEScene * this)	ok	functions/00040bb0_STG__GEScene__GetEnvironmentSettings.c	
00040be0	STG::GEScene::GetValidAnimCount_Model_Pos	undefined __thiscall GetValidAnimCount_Model_Pos(GEScene * this)	ok	functions/00040be0_STG__GEScene__GetValidAnimCount_Model_Pos.c	
00040c4c	STG::GEScene::GetValidAnimCount_Model_Rot	undefined __thiscall GetValidAnimCount_Model_Rot(GEScene * this)	ok	functions/00040c4c_STG__GEScene__GetValidAnimCount_Model_Rot.c	
00040cb8	STG::GEScene::GetValidAnimCount_Camera_Pos	undefined __thiscall GetValidAnimCount_Camera_Pos(GEScene * this)	ok	functions/00040cb8_STG__GEScene__GetValidAnimCount_Camera_Pos.c	
00040d24	STG::GEScene::GetValidAnimCount_CameraTarget_Pos	undefined __thiscall GetValidAnimCount_CameraTarget_Pos(GEScene * this)	ok	functions/00040d24_STG__GEScene__GetValidAnimCount_CameraTarget_Pos.c	
00040d90	STG::GEScene::GetValidAnimCount_Texture	undefined __thiscall GetValidAnimCount_Texture(GEScene * this)	ok	functions/00040d90_STG__GEScene__GetValidAnimCount_Texture.c	
00040e08	STG::GEScene::GetValidAnimCount_Interact	undefined __thiscall GetValidAnimCount_Interact(GEScene * this)	ok	functions/00040e08_STG__GEScene__GetValidAnimCount_Interact.c	
00040e80	STG::GEScene::GetValidAnimCount_Visibility	undefined __thiscall GetValidAnimCount_Visibility(GEScene * this)	ok	functions/00040e80_STG__GEScene__GetValidAnimCount_Visibility.c	
00040ecc	STG::GEScene::GetValidAnimCount_LocalTimeOffset	undefined __thiscall GetValidAnimCount_LocalTimeOffset(GEScene * this)	ok	functions/00040ecc_STG__GEScene__GetValidAnimCount_LocalTimeOffset.c	
00040f18	STG::GEScene::FindMetaData	undefined __thiscall FindMetaData(GEScene * this, UStringBase * param_1, ulong * param_2)	ok	functions/00040f18_STG__GEScene__FindMetaData.c	
00041274	STG::GEScene::SetLocation	undefined __thiscall SetLocation(GEScene * this, MLocation * param_1)	ok	functions/00041274_STG__GEScene__SetLocation.c	
00041280	STG::GEScene::GEScene	undefined __thiscall GEScene(GEScene * this, MLocation * param_1)	ok	functions/00041280_STG__GEScene__GEScene.c	
000416f4	STG::GEScene::IsAllocated	undefined __thiscall IsAllocated(GEScene * this)	ok	functions/000416f4_STG__GEScene__IsAllocated.c	
0004174c	STG::GEScene::ApplyPreferences	undefined __thiscall ApplyPreferences(GEScene * this)	ok	functions/0004174c_STG__GEScene__ApplyPreferences.c	
000419b4	STG::GEScene::GetClearColor	undefined __stdcall GetClearColor(void)	ok	functions/000419b4_STG__GEScene__GetClearColor.c	
000419f0	STG::GEScene::ApplyQualityLevel	undefined __thiscall ApplyQualityLevel(GEScene * this, EQualityLevel * param_1, Capabilities * param_2)	ok	functions/000419f0_STG__GEScene__ApplyQualityLevel.c	
00041bac	STG::GEScene::ApplyTint	undefined __thiscall ApplyTint(GEScene * this, GEColor * param_1)	ok	functions/00041bac_STG__GEScene__ApplyTint.c	
00041f30	STG::GEScene::LoadAllResources	undefined __thiscall LoadAllResources(GEScene * this)	ok	functions/00041f30_STG__GEScene__LoadAllResources.c	
00042324	STG::GEScene::Internal_UpdateTimeOfDay	undefined __thiscall Internal_UpdateTimeOfDay(GEScene * this)	ok	functions/00042324_STG__GEScene__Internal_UpdateTimeOfDay.c	
000423e8	STG::GEScene::Internal_UpdateAnimationTime	undefined __thiscall Internal_UpdateAnimationTime(GEScene * this)	ok	functions/000423e8_STG__GEScene__Internal_UpdateAnimationTime.c	
00042858	STG::GEScene::ComputeShownModelsList	undefined __thiscall ComputeShownModelsList(GEScene * this, UArrayFixed * param_1)	ok	functions/00042858_STG__GEScene__ComputeShownModelsList.c	
00042a60	STG::GEScene::Internal_UpdateShownModels	undefined __thiscall Internal_UpdateShownModels(GEScene * this)	ok	functions/00042a60_STG__GEScene__Internal_UpdateShownModels.c	
00042ac8	STG::GEScene::Internal_UpdateIntersectables	undefined __thiscall Internal_UpdateIntersectables(GEScene * this)	ok	functions/00042ac8_STG__GEScene__Internal_UpdateIntersectables.c	
00042c44	STG::GEScene::Internal_UpdateLocalTimeOffsets	undefined __thiscall Internal_UpdateLocalTimeOffsets(GEScene * this)	ok	functions/00042c44_STG__GEScene__Internal_UpdateLocalTimeOffsets.c	
00042d3c	STG::GEScene::Internal_UpdateVertexAnims_Visible	undefined __thiscall Internal_UpdateVertexAnims_Visible(GEScene * this)	ok	functions/00042d3c_STG__GEScene__Internal_UpdateVertexAnims_Visible.c	
00042e5c	STG::GEScene::Internal_UpdateSkeletons_Visible	undefined __thiscall Internal_UpdateSkeletons_Visible(GEScene * this)	ok	functions/00042e5c_STG__GEScene__Internal_UpdateSkeletons_Visible.c	
00042f40	STG::GEScene::Internal_RunLogic	undefined __thiscall Internal_RunLogic(GEScene * this, EStage param_1)	ok	functions/00042f40_STG__GEScene__Internal_RunLogic.c	
00042fb8	STG::GEScene::UpdateRendering	undefined __thiscall UpdateRendering(GEScene * this, UTimeValue * param_1, MVector2 * param_2, GEViewport * param_3)	ok	functions/00042fb8_STG__GEScene__UpdateRendering.c	
000431fc	STG::GEScene::UpdateSimulation	undefined __thiscall UpdateSimulation(GEScene * this, UTimeValue * param_1, UTimeValue * param_2, double * param_3)	ok	functions/000431fc_STG__GEScene__UpdateSimulation.c	
00043ac0	STG::GESkeleton::BoneAnim::BoneAnim	undefined __thiscall BoneAnim(BoneAnim * this)	ok	functions/00043ac0_STG__GESkeleton__BoneAnim__BoneAnim.c	
00043ae4	STG::GESkeleton::BoneAnim::~BoneAnim	undefined __thiscall ~BoneAnim(BoneAnim * this)	ok	functions/00043ae4_STG__GESkeleton__BoneAnim___BoneAnim.c	
00043cec	STG::GESkeleton::BoneAnim::Initialize	undefined __thiscall Initialize(BoneAnim * this, ulong param_1, bool param_2, bool param_3)	ok	functions/00043cec_STG__GESkeleton__BoneAnim__Initialize.c	
00044118	STG::GESkeleton::Animation::Animation	undefined __thiscall Animation(Animation * this)	ok	functions/00044118_STG__GESkeleton__Animation__Animation.c	
0004417c	STG::GESkeleton::Animation::~Animation	undefined __thiscall ~Animation(Animation * this)	ok	functions/0004417c_STG__GESkeleton__Animation___Animation.c	
000442ec	STG::GESkeleton::Animation::Initialize	undefined __thiscall Initialize(Animation * this, MMatrix * param_1, ulong param_2, ulong param_3, ulong param_4)	ok	functions/000442ec_STG__GESkeleton__Animation__Initialize.c	
000446c0	STG::GESkeleton::Animation::SetUpdateOrder	undefined __thiscall SetUpdateOrder(Animation * this, ulong param_1, ulong param_2, ulong param_3)	ok	functions/000446c0_STG__GESkeleton__Animation__SetUpdateOrder.c	
000446d4	STG::GESkeleton::Animation::Update	undefined __thiscall Update(Animation * this, EDriver param_1, GEAnimationTimeData * param_2, bool param_3, UTimeValue * param_4)	ok	functions/000446d4_STG__GESkeleton__Animation__Update.c	
00044930	STG::GESkeleton::VertexGroup::VertexGroup	undefined __thiscall VertexGroup(VertexGroup * this)	ok	functions/00044930_STG__GESkeleton__VertexGroup__VertexGroup.c	
0004494c	STG::GESkeleton::VertexGroup::~VertexGroup	undefined __thiscall ~VertexGroup(VertexGroup * this)	ok	functions/0004494c_STG__GESkeleton__VertexGroup___VertexGroup.c	
00044984	STG::GESkeleton::VertexGroup::Initialize	undefined __thiscall Initialize(VertexGroup * this, ulong param_1, ulong param_2, ulong param_3)	ok	functions/00044984_STG__GESkeleton__VertexGroup__Initialize.c	
00044a1c	STG::GESkeleton::VertexGroup::SetBoneIndex	undefined __thiscall SetBoneIndex(VertexGroup * this, ulong param_1, ulong param_2)	ok	functions/00044a1c_STG__GESkeleton__VertexGroup__SetBoneIndex.c	
00044a28	STG::GESkeleton::Mesh::Mesh	undefined __thiscall Mesh(Mesh * this)	ok	functions/00044a28_STG__GESkeleton__Mesh__Mesh.c	
00044a5c	STG::GESkeleton::Mesh::~Mesh	undefined __thiscall ~Mesh(Mesh * this)	ok	functions/00044a5c_STG__GESkeleton__Mesh___Mesh.c	
00044b90	STG::GESkeleton::Mesh::Initialize	undefined __thiscall Initialize(Mesh * this, ulong param_1, ulong param_2, ulong param_3)	ok	functions/00044b90_STG__GESkeleton__Mesh__Initialize.c	
00044e20	STG::GESkeleton::Mesh::SetVertex	undefined __thiscall SetVertex(Mesh * this, ulong param_1, MVector3 * param_2, float * param_3)	ok	functions/00044e20_STG__GESkeleton__Mesh__SetVertex.c	
00044ed0	STG::GESkeleton::Mesh::GetVertex	undefined __thiscall GetVertex(Mesh * this, ulong param_1, MVector3 * param_2, float * param_3)	ok	functions/00044ed0_STG__GESkeleton__Mesh__GetVertex.c	
00044f30	STG::GESkeleton::Mesh::Update	undefined __thiscall Update(Mesh * this, float * param_1, _func_void_float_ptr_float_ptr_float_ptr_float_ptr_float_ptr_float_ptr_ulong * param_2, EDriver param_3, GEAnimationTimeData * param_4, bool param_5, UTimeValue * param_6)	ok	functions/00044f30_STG__GESkeleton__Mesh__Update.c	
0004506c	STG::GETimeOfDay::GetDefaultSunrise	undefined __stdcall GetDefaultSunrise(void)	ok	functions/0004506c_STG__GETimeOfDay__GetDefaultSunrise.c	
00045074	STG::GETimeOfDay::GetDefaultSunset	undefined __stdcall GetDefaultSunset(void)	ok	functions/00045074_STG__GETimeOfDay__GetDefaultSunset.c	
00045080	STG::GETimeOfDay::GetName	undefined __stdcall GetName(EPhase param_1)	ok	functions/00045080_STG__GETimeOfDay__GetName.c	
00045094	STG::GETimeOfDay::GetName	undefined __stdcall GetName(GETimeOfDay * param_1)	ok	functions/00045094_STG__GETimeOfDay__GetName.c	
0004509c	STG::GETimeOfDay::GetTimeOfDay	undefined __stdcall GetTimeOfDay(char * param_1, EPhase * param_2)	ok	functions/0004509c_STG__GETimeOfDay__GetTimeOfDay.c	
000451c8	STG::GETimeOfDay::GETimeOfDay	undefined __thiscall GETimeOfDay(GETimeOfDay * this)	ok	functions/000451c8_STG__GETimeOfDay__GETimeOfDay.c	
000451d8	STG::GETimeOfDay::GETimeOfDay	undefined __thiscall GETimeOfDay(GETimeOfDay * this, EPhase param_1, ulong param_2)	ok	functions/000451d8_STG__GETimeOfDay__GETimeOfDay.c	
000451e0	STG::GETimeOfDay::ComputeTime	undefined __thiscall ComputeTime(GETimeOfDay * this, MExplicitType param_1, MExplicitType param_2, MExplicitType param_3)	ok	functions/000451e0_STG__GETimeOfDay__ComputeTime.c	
00045374	STG::GETimeOfDay::GetName	undefined __thiscall GetName(GETimeOfDay * this)	ok	functions/00045374_STG__GETimeOfDay__GetName.c	
00045378	STG::GETimeOfDay::SetPhase	undefined __thiscall SetPhase(GETimeOfDay * this, EPhase param_1)	ok	functions/00045378_STG__GETimeOfDay__SetPhase.c	
00045380	STG::GETimeOfDay::SetFraction	undefined __thiscall SetFraction(GETimeOfDay * this, ulong param_1)	ok	functions/00045380_STG__GETimeOfDay__SetFraction.c	
00045388	STG::GETimeOfDay::SetFractionMin	undefined __thiscall SetFractionMin(GETimeOfDay * this)	ok	functions/00045388_STG__GETimeOfDay__SetFractionMin.c	
00045390	STG::GETimeOfDay::SetFractionMax	undefined __thiscall SetFractionMax(GETimeOfDay * this)	ok	functions/00045390_STG__GETimeOfDay__SetFractionMax.c	
0004539c	STG::GETimeOfDay::SetFractionDefault	undefined __thiscall SetFractionDefault(GETimeOfDay * this)	ok	functions/0004539c_STG__GETimeOfDay__SetFractionDefault.c	
000453a4	STG::GETimeOfDay::GetNormalizedSec	undefined __thiscall GetNormalizedSec(GETimeOfDay * this)	ok	functions/000453a4_STG__GETimeOfDay__GetNormalizedSec.c	
000453c0	STG::GETimeOfDay::GetNormalizedSec_Daytime	undefined __thiscall GetNormalizedSec_Daytime(GETimeOfDay * this)	ok	functions/000453c0_STG__GETimeOfDay__GetNormalizedSec_Daytime.c	
000454a8	STG::GETimeOfDay::GetNormalizedSec_Nighttime	undefined __thiscall GetNormalizedSec_Nighttime(GETimeOfDay * this)	ok	functions/000454a8_STG__GETimeOfDay__GetNormalizedSec_Nighttime.c	
00045640	STG::GETimeOfDay::GetDistance	undefined __stdcall GetDistance(GETimeOfDay * param_1, GETimeOfDay * param_2)	ok	functions/00045640_STG__GETimeOfDay__GetDistance.c	
000456a0	STG::GETimeOfDay::operator==	undefined __thiscall operator==(GETimeOfDay * this, GETimeOfDay * param_1)	ok	functions/000456a0_STG__GETimeOfDay__operator__.c	
000456b8	STG::GETimeOfDay::operator!=	undefined __thiscall operator!=(GETimeOfDay * this, GETimeOfDay * param_1)	ok	functions/000456b8_STG__GETimeOfDay__operator__.c	
000456cc	STG::GETimeOfDay::operator<	undefined __thiscall operator<(GETimeOfDay * this, GETimeOfDay * param_1)	ok	functions/000456cc_STG__GETimeOfDay__operator_.c	
00045704	STG::GETimeOfDay::operator=	undefined __thiscall operator=(GETimeOfDay * this, GETimeOfDay * param_1)	ok	functions/00045704_STG__GETimeOfDay__operator_.c	
00045718	STG::GETimeOfDay::GetTimeOfDay	undefined __stdcall GetTimeOfDay(char * param_1, GETimeOfDay * param_2)	ok	functions/00045718_STG__GETimeOfDay__GetTimeOfDay.c	
00045778	_INIT_1	undefined _INIT_1(void)	ok	functions/00045778__INIT_1.c	
000457b0	STG::GETimeOfDayAuto::SetLocation	undefined __thiscall SetLocation(GETimeOfDayAuto * this, MLocation * param_1)	ok	functions/000457b0_STG__GETimeOfDayAuto__SetLocation.c	
000457c4	STG::GETimeOfDayAuto::ResultData::ResultData	undefined __thiscall ResultData(ResultData * this)	ok	functions/000457c4_STG__GETimeOfDayAuto__ResultData__ResultData.c	
000457fc	STG::GETimeOfDayAuto::SolarData::SolarData	undefined __thiscall SolarData(SolarData * this)	ok	functions/000457fc_STG__GETimeOfDayAuto__SolarData__SolarData.c	
0004582c	STG::GETimeOfDayAuto::GETimeOfDayAuto	undefined __thiscall GETimeOfDayAuto(GETimeOfDayAuto * this)	ok	functions/0004582c_STG__GETimeOfDayAuto__GETimeOfDayAuto.c	
00045848	STG::GETimeOfDayAuto::SolarData::~SolarData	undefined __thiscall ~SolarData(SolarData * this)	ok	functions/00045848_STG__GETimeOfDayAuto__SolarData___SolarData.c	
0004584c	STG::GETimeOfDayAuto::~GETimeOfDayAuto	undefined __thiscall ~GETimeOfDayAuto(GETimeOfDayAuto * this)	ok	functions/0004584c_STG__GETimeOfDayAuto___GETimeOfDayAuto.c	
00045864	STG::GETimeOfDayAuto::SolarData::GetSunrise	undefined __thiscall GetSunrise(SolarData * this)	ok	functions/00045864_STG__GETimeOfDayAuto__SolarData__GetSunrise.c	
0004586c	STG::GETimeOfDayAuto::SolarData::GetSunset	undefined __thiscall GetSunset(SolarData * this)	ok	functions/0004586c_STG__GETimeOfDayAuto__SolarData__GetSunset.c	
00045874	STG::GETimeOfDayAuto::SolarData::Update	undefined __thiscall Update(SolarData * this, TimeStruct * param_1, MLocation * param_2)	ok	functions/00045874_STG__GETimeOfDayAuto__SolarData__Update.c	
000459a0	STG::GETimeOfDayAuto::Update	undefined __stdcall Update(TimeStruct * param_1, TimeStruct * param_2)	ok	functions/000459a0_STG__GETimeOfDayAuto__Update.c	
00045bdc	STG::GETimeOfDayAuto::Update	undefined __stdcall Update(void)	ok	functions/00045bdc_STG__GETimeOfDayAuto__Update.c	
00045cfc	STG::GEVertexBlender::GEVertexBlender	undefined __thiscall GEVertexBlender(GEVertexBlender * this)	ok	functions/00045cfc_STG__GEVertexBlender__GEVertexBlender.c	
00045d30	STG::GEVertexBlender::~GEVertexBlender	undefined __thiscall ~GEVertexBlender(GEVertexBlender * this)	ok	functions/00045d30_STG__GEVertexBlender___GEVertexBlender.c	
00045e24	STG::GEVertexBlender::Initialize	undefined __thiscall Initialize(GEVertexBlender * this, ulong param_1, ulong param_2)	ok	functions/00045e24_STG__GEVertexBlender__Initialize.c	
00045f08	STG::GEVertexBlender::SetFrameVertex	undefined __thiscall SetFrameVertex(GEVertexBlender * this, ulong param_1, ulong param_2, MVector3 * param_3)	ok	functions/00045f08_STG__GEVertexBlender__SetFrameVertex.c	
00045f38	STG::GEVertexBlender::SetUpdateData	undefined __thiscall SetUpdateData(GEVertexBlender * this, ulong param_1, ulong param_2, float param_3)	ok	functions/00045f38_STG__GEVertexBlender__SetUpdateData.c	
00045f48	STG::GEVertexBlender::Update	undefined __thiscall Update(GEVertexBlender * this, float * param_1, _func_void_float_ptr_float_ptr_float_ptr_float_ulong * param_2)	ok	functions/00045f48_STG__GEVertexBlender__Update.c	
00045f84	STG::GEVertexBuffer::GEVertexBuffer	undefined __thiscall GEVertexBuffer(GEVertexBuffer * this)	ok	functions/00045f84_STG__GEVertexBuffer__GEVertexBuffer.c	
00046048	STG::GEVertexBuffer::AddComponent	undefined __thiscall AddComponent(GEVertexBuffer * this, EUsage param_1, EType param_2, ulong param_3)	ok	functions/00046048_STG__GEVertexBuffer__AddComponent.c	
000460a8	STG::GEVertexBuffer::Allocate	undefined __thiscall Allocate(GEVertexBuffer * this, EUsage param_1, ulong param_2)	ok	functions/000460a8_STG__GEVertexBuffer__Allocate.c	
00046104	STG::GEVertexBuffer::Deallocate	undefined __thiscall Deallocate(GEVertexBuffer * this)	ok	functions/00046104_STG__GEVertexBuffer__Deallocate.c	
00046164	STG::GEVertexBuffer::~GEVertexBuffer	undefined __thiscall ~GEVertexBuffer(GEVertexBuffer * this)	ok	functions/00046164_STG__GEVertexBuffer___GEVertexBuffer.c	
0004618c	STG::GEVertexBuffer::~GEVertexBuffer	undefined __thiscall ~GEVertexBuffer(GEVertexBuffer * this)	ok	functions/0004618c_STG__GEVertexBuffer___GEVertexBuffer.c	
000461a8	STG::GEVertexBuffer::HasComponent	undefined __thiscall HasComponent(GEVertexBuffer * this, EUsage param_1, EType * param_2, ulong * param_3, ulong * param_4)	ok	functions/000461a8_STG__GEVertexBuffer__HasComponent.c	
00046200	STG::GEVertexBuffer::HasComponent	undefined __thiscall HasComponent(GEVertexBuffer * this, EUsage param_1)	ok	functions/00046200_STG__GEVertexBuffer__HasComponent.c	
00046224	STG::GEVertexBuffer::GetComponent	undefined __thiscall GetComponent(GEVertexBuffer * this, EUsage param_1, uchar * * param_2, ulong param_3, ulong param_4)	ok	functions/00046224_STG__GEVertexBuffer__GetComponent.c	
000462a4	STG::GEVertexBuffer::GetComponent	undefined __thiscall GetComponent(GEVertexBuffer * this, EUsage param_1, float * * param_2, ulong param_3, ulong param_4)	ok	functions/000462a4_STG__GEVertexBuffer__GetComponent.c	
000462d0	STG::GEVertexBuffer::SharesAnyComponents	undefined __stdcall SharesAnyComponents(GEVertexBuffer * param_1)	ok	functions/000462d0_STG__GEVertexBuffer__SharesAnyComponents.c	
00046324	STG::GEVertexBuffer::Sort	undefined __thiscall Sort(GEVertexBuffer * this, GEIndexBuffer * * param_1, ulong param_2, ulong * * param_3)	ok	functions/00046324_STG__GEVertexBuffer__Sort.c	
00046494	STG::GEVertexBuffer::Sort	undefined __thiscall Sort(GEVertexBuffer * this, ulong * param_1)	ok	functions/00046494_STG__GEVertexBuffer__Sort.c	
00046520	STG::GEVertexBuffer::AllocateBufferObject	undefined __thiscall AllocateBufferObject(GEVertexBuffer * this)	ok	functions/00046520_STG__GEVertexBuffer__AllocateBufferObject.c	
0004655c	STG::GEVertexBuffer::UpdateBufferObject	undefined __thiscall UpdateBufferObject(GEVertexBuffer * this)	ok	functions/0004655c_STG__GEVertexBuffer__UpdateBufferObject.c	
0004656c	STG::GEViewport::GEViewport	undefined __thiscall GEViewport(GEViewport * this, URectangle * param_1)	ok	functions/0004656c_STG__GEViewport__GEViewport.c	
0004660c	STG::GEViewport::SetScale	undefined __thiscall SetScale(GEViewport * this, MVector2 * param_1, MVector2 * param_2)	ok	functions/0004660c_STG__GEViewport__SetScale.c	
00046664	STG::GEViewport::GetAspectRatioInterval	undefined __thiscall GetAspectRatioInterval(GEViewport * this, float param_1)	ok	functions/00046664_STG__GEViewport__GetAspectRatioInterval.c	
00046698	STG::GETexture::LoadSubFile	undefined __stdcall LoadSubFile(ulong param_1, FFileHash * param_2)	ok	functions/00046698_STG__GETexture__LoadSubFile.c	
000466a0	STG::GETexture::GetSubFileCount	undefined __stdcall GetSubFileCount(void)	ok	functions/000466a0_STG__GETexture__GetSubFileCount.c	
000466a8	STG::GETexture::GetSubFile	undefined __stdcall GetSubFile(ulong param_1, FFileHash * param_2)	ok	functions/000466a8_STG__GETexture__GetSubFile.c	
000466b0	STG::GETexture::GetChildResourceCount	undefined __stdcall GetChildResourceCount(void)	ok	functions/000466b0_STG__GETexture__GetChildResourceCount.c	
000466b8	STG::GETexture::GetChildResource	undefined __stdcall GetChildResource(ulong param_1)	ok	functions/000466b8_STG__GETexture__GetChildResource.c	
000466c0	STG::UStringBase<unsigned_short,unsigned_short>::~UStringBase	undefined __thiscall ~UStringBase(UStringBase<unsigned_short,unsigned_short> * this)	ok	functions/000466c0_STG__UStringBase_unsigned_short_unsigned_short____UStringBase.c	
00046720	STG::GETexture::LoadSelf	undefined __thiscall LoadSelf(GETexture * this, FFileHash * param_1)	ok	functions/00046720_STG__GETexture__LoadSelf.c	
00046724	STG::UStringBase<unsigned_short,unsigned_short>::~UStringBase	undefined __thiscall ~UStringBase(UStringBase<unsigned_short,unsigned_short> * this)	ok	functions/00046724_STG__UStringBase_unsigned_short_unsigned_short____UStringBase.c	
00046794	STG::GETexture::~GETexture	undefined __thiscall ~GETexture(GETexture * this)	ok	functions/00046794_STG__GETexture___GETexture.c	
000468dc	STG::GETexture::~GETexture	undefined __thiscall ~GETexture(GETexture * this)	ok	functions/000468dc_STG__GETexture___GETexture.c	
000468f8	STG::GETexture::GETexture	undefined __thiscall GETexture(GETexture * this)	ok	functions/000468f8_STG__GETexture__GETexture.c	
000469c0	STG::GETexture::GetHasValidFontCompositeData	undefined __thiscall GetHasValidFontCompositeData(GETexture * this)	ok	functions/000469c0_STG__GETexture__GetHasValidFontCompositeData.c	
000469e8	STG::GETexture::GetHasValidUserImageData	undefined __thiscall GetHasValidUserImageData(GETexture * this)	ok	functions/000469e8_STG__GETexture__GetHasValidUserImageData.c	
00046a20	STG::GETexture::ClearCompositeData	undefined __thiscall ClearCompositeData(GETexture * this)	ok	functions/00046a20_STG__GETexture__ClearCompositeData.c	
00046a6c	STG::GETexture::Create	undefined __thiscall Create(GETexture * this, ulong param_1, ulong param_2, EFormat param_3)	ok	functions/00046a6c_STG__GETexture__Create.c	
00046af8	STG::GETexture::CreateDebugTexture	undefined __stdcall CreateDebugTexture(ulong param_1, ulong param_2, EFormat * param_3, ulong * param_4, ulong * param_5, ulong * param_6, uchar * * param_7)	ok	functions/00046af8_STG__GETexture__CreateDebugTexture.c	
00046d98	STG::GETexture::GetPixel	undefined __stdcall GetPixel(EFormat * param_1, uchar * param_2, uchar * param_3, uchar * param_4, uchar * param_5, uchar * param_6)	ok	functions/00046d98_STG__GETexture__GetPixel.c	
00046e7c	STG::GETexture::SetPixel	undefined __stdcall SetPixel(EFormat * param_1, uchar * param_2, uchar param_3, uchar param_4, uchar param_5, uchar param_6)	ok	functions/00046e7c_STG__GETexture__SetPixel.c	
00046f30	STG::GETexture::GenerateMipChain	undefined __stdcall GenerateMipChain(EFormat * param_1, ulong param_2, ulong param_3, ulong param_4, uchar * param_5, ulong param_6)	ok	functions/00046f30_STG__GETexture__GenerateMipChain.c	
00047320	STG::GETexture::CompositeUserImage	undefined __stdcall CompositeUserImage(UStringBase * param_1, EFormat * param_2, ulong param_3, ulong param_4, EEffect param_5, uchar * * param_6)	ok	functions/00047320_STG__GETexture__CompositeUserImage.c	
0004769c	STG::GETexture::CompositeText	undefined __stdcall CompositeText(GEFont * param_1, UStringBase * param_2, EFormat * param_3, ulong param_4, ulong param_5, uchar * param_6, uchar * * param_7)	ok	functions/0004769c_STG__GETexture__CompositeText.c	
00047fc8	STG::GETexture::Load	undefined __thiscall Load(GETexture * this, uchar * param_1, uchar * * param_2)	ok	functions/00047fc8_STG__GETexture__Load.c	
00048424	STG::GETexture::LoadDirect	undefined __thiscall LoadDirect(GETexture * this, uchar * param_1)	ok	functions/00048424_STG__GETexture__LoadDirect.c	
00048474	STG::GETexture::LoadSelf	undefined __thiscall LoadSelf(GETexture * this, FFileBase * param_1)	ok	functions/00048474_STG__GETexture__LoadSelf.c	
00048554	STG::GETexture::SetUserImage	undefined __thiscall SetUserImage(GETexture * this, UStringBase * param_1, ulong param_2, ulong param_3, EEffect param_4)	ok	functions/00048554_STG__GETexture__SetUserImage.c	
00048644	std::basic_string<unsigned_short,std::char_traits<unsigned_short>,std::allocator<unsigned_short>>::_M_append	undefined __thiscall _M_append(basic_string<unsigned_short,std::char_traits<unsigned_short>,std::allocator<unsigned_short>> * this, ushort * param_1, ushort * param_2)	ok	functions/00048644_std__basic_string_unsigned_short_std__char_traits_unsigned_short__std__allocator_unsigned_short_____M_append.c	
00048a14	STG::GETexture::SetFontAndMessage	undefined __thiscall SetFontAndMessage(GETexture * this, GEFont * param_1, UStringBase * param_2)	ok	functions/00048a14_STG__GETexture__SetFontAndMessage.c	
00048b20	STG::GETextureFont::GETextureFont	undefined __thiscall GETextureFont(GETextureFont * this)	ok	functions/00048b20_STG__GETextureFont__GETextureFont.c	
00048b70	STG::GETextureFont::~GETextureFont	undefined __thiscall ~GETextureFont(GETextureFont * this)	ok	functions/00048b70_STG__GETextureFont___GETextureFont.c	
00048c28	STG::GETextureFont::SetCountdown	undefined __thiscall SetCountdown(GETextureFont * this, uchar param_1, uchar param_2)	ok	functions/00048c28_STG__GETextureFont__SetCountdown.c	
00048c78	STG::GETextureFontContainer::GETextureFontContainer	undefined __thiscall GETextureFontContainer(GETextureFontContainer * this)	ok	functions/00048c78_STG__GETextureFontContainer__GETextureFontContainer.c	
00048c90	STG::GETextureFontContainer::~GETextureFontContainer	undefined __thiscall ~GETextureFontContainer(GETextureFontContainer * this)	ok	functions/00048c90_STG__GETextureFontContainer___GETextureFontContainer.c	
00048d74	STG::GETextureFontContainer::Initialize	undefined __thiscall Initialize(GETextureFontContainer * this, ulong param_1, ulong param_2)	ok	functions/00048d74_STG__GETextureFontContainer__Initialize.c	
00048e48	STG::GETextureFontContainer::FindByFileHash	undefined __thiscall FindByFileHash(GETextureFontContainer * this, FFileHash * param_1, ulong * param_2)	ok	functions/00048e48_STG__GETextureFontContainer__FindByFileHash.c	
00048ed0	std::basic_string<unsigned_short,std::char_traits<unsigned_short>,std::allocator<unsigned_short>>::_M_assign	undefined __thiscall _M_assign(basic_string<unsigned_short,std::char_traits<unsigned_short>,std::allocator<unsigned_short>> * this, ushort * param_1, ushort * param_2)	ok	functions/00048ed0_std__basic_string_unsigned_short_std__char_traits_unsigned_short__std__allocator_unsigned_short_____M_assign.c	
0004933c	STG::GETextureFont::SetMessage	undefined __thiscall SetMessage(GETextureFont * this, ulong param_1, UStringBase * param_2)	ok	functions/0004933c_STG__GETextureFont__SetMessage.c	
00049368	STG::GETextureFont::GetMessageToUse	undefined __thiscall GetMessageToUse(GETextureFont * this, UStringBase * param_1, UStringBase * param_2)	ok	functions/00049368_STG__GETextureFont__GetMessageToUse.c	
00049950	STG::GETextureFontContainer::FindByIndex	undefined __thiscall FindByIndex(GETextureFontContainer * this, ulong param_1, UStringBase * param_2, GEFont * * param_3, UStringBase * param_4)	ok	functions/00049950_STG__GETextureFontContainer__FindByIndex.c	
000499c4	STG::GETextureFont::Initialize	undefined __thiscall Initialize(GETextureFont * this, FFileHash * param_1, ulong param_2, bool param_3)	ok	functions/000499c4_STG__GETextureFont__Initialize.c	
00049b20	STG::GETextureList::CreateItem	undefined __thiscall CreateItem(GETextureList * this, FFileHash * param_1, GETextureList_CreateParams * param_2)	ok	functions/00049b20_STG__GETextureList__CreateItem.c	
00049ce4	STG::GETextureModifier::GETextureModifier	undefined __thiscall GETextureModifier(GETextureModifier * this)	ok	functions/00049ce4_STG__GETextureModifier__GETextureModifier.c	
00049d24	STG::GETextureModifier::~GETextureModifier	undefined __thiscall ~GETextureModifier(GETextureModifier * this)	ok	functions/00049d24_STG__GETextureModifier___GETextureModifier.c	
00049e4c	STG::GETextureModifier::Activate	undefined __thiscall Activate(GETextureModifier * this, GETimeOfDay * param_1, UPreference_Scene * param_2)	ok	functions/00049e4c_STG__GETextureModifier__Activate.c	
00049efc	STG::GETextureModifier::Deactivate	undefined __thiscall Deactivate(GETextureModifier * this)	ok	functions/00049efc_STG__GETextureModifier__Deactivate.c	
00049f18	STG::GETextureModifier::STextureInfo::Initialize	undefined __thiscall Initialize(STextureInfo * this)	ok	functions/00049f18_STG__GETextureModifier__STextureInfo__Initialize.c	
0004a0e4	STG::GETextureModifier::Initialize	undefined __thiscall Initialize(GETextureModifier * this, ulong param_1)	ok	functions/0004a0e4_STG__GETextureModifier__Initialize.c	
0004a318	STG::GETextureModifier::InitializeTexture	undefined __thiscall InitializeTexture(GETextureModifier * this, ulong param_1, FFileHash * param_2, ulong param_3)	ok	functions/0004a318_STG__GETextureModifier__InitializeTexture.c	
0004a65c	STG::GETextureModifier::ModifyTexture	undefined __thiscall ModifyTexture(GETextureModifier * this, FFileHash * param_1, FFileHash * param_2, GETexture * param_3)	ok	functions/0004a65c_STG__GETextureModifier__ModifyTexture.c	
0004ad2c	STG::GETextureShading::ShadePixel	undefined __stdcall ShadePixel(EEffect param_1, uchar param_2, uchar param_3, uchar param_4, uchar param_5, uchar * param_6, uchar * param_7, uchar * param_8, uchar * param_9)	ok	functions/0004ad2c_STG__GETextureShading__ShadePixel.c	
0004ad6c	STG::GETextureSwap::GETextureSwap	undefined __thiscall GETextureSwap(GETextureSwap * this)	ok	functions/0004ad6c_STG__GETextureSwap__GETextureSwap.c	
0004adb4	STG::GETextureSwap::~GETextureSwap	undefined __thiscall ~GETextureSwap(GETextureSwap * this)	ok	functions/0004adb4_STG__GETextureSwap___GETextureSwap.c	
0004af3c	STG::GETextureSwapContainer::~GETextureSwapContainer	undefined __thiscall ~GETextureSwapContainer(GETextureSwapContainer * this)	ok	functions/0004af3c_STG__GETextureSwapContainer___GETextureSwapContainer.c	
0004afa8	STG::GETextureSwapContainer::~GETextureSwapContainer	undefined __thiscall ~GETextureSwapContainer(GETextureSwapContainer * this)	ok	functions/0004afa8_STG__GETextureSwapContainer___GETextureSwapContainer.c	
0004afc4	STG::GETextureSwap::FindByFileHash	undefined __thiscall FindByFileHash(GETextureSwap * this, FFileHash * param_1, ulong * param_2, bool * param_3, bool * param_4, GETimeOfDay * param_5, ulong * param_6)	ok	functions/0004afc4_STG__GETextureSwap__FindByFileHash.c	
0004b074	STG::GETextureSwapContainer::GETextureSwapContainer	undefined __thiscall GETextureSwapContainer(GETextureSwapContainer * this)	ok	functions/0004b074_STG__GETextureSwapContainer__GETextureSwapContainer.c	
0004b098	STG::GETextureSwapContainer::Initialize	undefined __thiscall Initialize(GETextureSwapContainer * this, ulong param_1)	ok	functions/0004b098_STG__GETextureSwapContainer__Initialize.c	
0004b0fc	STG::GETextureSwapContainer::FindByFileHash	undefined __thiscall FindByFileHash(GETextureSwapContainer * this, FFileHash * param_1, ulong * param_2, ulong * param_3, bool * param_4, bool * param_5, GETimeOfDay * param_6, ulong * param_7)	ok	functions/0004b0fc_STG__GETextureSwapContainer__FindByFileHash.c	
0004b1c8	STG::GETextureSwap::Initialize	undefined __thiscall Initialize(GETextureSwap * this, UStringBase * param_1, ulong param_2, bool param_3, bool param_4)	ok	functions/0004b1c8_STG__GETextureSwap__Initialize.c	
0004b3e8	STG::GETextureSwapContainer::GetSwapFileHash	undefined __stdcall GetSwapFileHash(ulong param_1)	ok	functions/0004b3e8_STG__GETextureSwapContainer__GetSwapFileHash.c	
0004b524	STG::GETextureSwap::SetVariant	undefined __thiscall SetVariant(GETextureSwap * this, ulong param_1, UStringBase * param_2, FFileHash * param_3, GETimeOfDay * param_4, ulong param_5)	ok	functions/0004b524_STG__GETextureSwap__SetVariant.c	
0004b6fc	STG::GETextureSwapContainer::SetSwapVariant	undefined __thiscall SetSwapVariant(GETextureSwapContainer * this, ulong param_1, ulong param_2, UStringBase * param_3, FFileHash * param_4, GETimeOfDay * param_5, ulong param_6)	ok	functions/0004b6fc_STG__GETextureSwapContainer__SetSwapVariant.c	
0004b724	STG::GERenderer_Android::OnInitialize	undefined __stdcall OnInitialize(void)	ok	functions/0004b724_STG__GERenderer_Android__OnInitialize.c	
0004b72c	STG::GERenderer_Android::OnUninitialize	undefined __stdcall OnUninitialize(void)	ok	functions/0004b72c_STG__GERenderer_Android__OnUninitialize.c	
0004b730	STG::GERenderer_Android::OnBeginFrame	undefined __stdcall OnBeginFrame(void)	ok	functions/0004b730_STG__GERenderer_Android__OnBeginFrame.c	
0004b734	STG::GERenderer_Android::OnEndFrame	undefined __stdcall OnEndFrame(void)	ok	functions/0004b734_STG__GERenderer_Android__OnEndFrame.c	
0004b738	STG::GERenderer_Android::OnSetFocus	undefined __stdcall OnSetFocus(void)	ok	functions/0004b738_STG__GERenderer_Android__OnSetFocus.c	
0004b73c	STG::GERenderer_Android::SaveImageData	undefined __thiscall SaveImageData(GERenderer_Android * this, UStringBase * param_1, GEPixelData * param_2)	ok	functions/0004b73c_STG__GERenderer_Android__SaveImageData.c	
0004b74c	STG::GERenderer_Android::~GERenderer_Android	undefined __thiscall ~GERenderer_Android(GERenderer_Android * this)	ok	functions/0004b74c_STG__GERenderer_Android___GERenderer_Android.c	
0004b774	STG::GERenderer_Android::~GERenderer_Android	undefined __thiscall ~GERenderer_Android(GERenderer_Android * this)	ok	functions/0004b774_STG__GERenderer_Android___GERenderer_Android.c	
0004b790	STG::GERenderer_Android::GERenderer_Android	undefined __thiscall GERenderer_Android(GERenderer_Android * this)	ok	functions/0004b790_STG__GERenderer_Android__GERenderer_Android.c	
0004b7b8	STG::GERenderer_Android::SetWindowData	undefined __thiscall SetWindowData(GERenderer_Android * this, ulong param_1, ulong param_2)	ok	functions/0004b7b8_STG__GERenderer_Android__SetWindowData.c	
0004b7bc	STG::GETexture::Platform_AcquireUserImage	undefined __stdcall Platform_AcquireUserImage(UStringBase * param_1, ulong param_2, ulong param_3, EFormat * param_4, uchar * * param_5, ulong * param_6, ulong * param_7)	ok	functions/0004b7bc_STG__GETexture__Platform_AcquireUserImage.c	
0004b840	STG::GETexture::Platform_ReleaseUserImage	undefined __stdcall Platform_ReleaseUserImage(uchar * * param_1)	ok	functions/0004b840_STG__GETexture__Platform_ReleaseUserImage.c	
0004b844	STG::LLogicBase::~LLogicBase	undefined __thiscall ~LLogicBase(LLogicBase * this)	ok	functions/0004b844_STG__LLogicBase___LLogicBase.c	
0004b85c	STG::LLogicScene::Setup	undefined __stdcall Setup(LLogicSceneWrapper * param_1)	ok	functions/0004b85c_STG__LLogicScene__Setup.c	
0004b864	STG::LLogicScene::Run	undefined __stdcall Run(EStage param_1, LLogicSceneWrapper * param_2)	ok	functions/0004b864_STG__LLogicScene__Run.c	
0004b868	STG::LLogicScene::~LLogicScene	undefined __thiscall ~LLogicScene(LLogicScene * this)	ok	functions/0004b868_STG__LLogicScene___LLogicScene.c	
0004b880	STG::LLogicObjectBase<STG::LLogicSceneWrapper>::~LLogicObjectBase	undefined __thiscall ~LLogicObjectBase(LLogicObjectBase<STG::LLogicSceneWrapper> * this)	ok	functions/0004b880_STG__LLogicObjectBase_STG__LLogicSceneWrapper____LLogicObjectBase.c	
0004b898	STG::LLogicObjectBase<STG::LLogicSceneWrapper>::~LLogicObjectBase	undefined __thiscall ~LLogicObjectBase(LLogicObjectBase<STG::LLogicSceneWrapper> * this)	ok	functions/0004b898_STG__LLogicObjectBase_STG__LLogicSceneWrapper____LLogicObjectBase.c	
0004b8c0	STG::LLogicScene::~LLogicScene	undefined __thiscall ~LLogicScene(LLogicScene * this)	ok	functions/0004b8c0_STG__LLogicScene___LLogicScene.c	
0004b8e8	STG::LLogicBase::~LLogicBase	undefined __thiscall ~LLogicBase(LLogicBase * this)	ok	functions/0004b8e8_STG__LLogicBase___LLogicBase.c	
0004b910	STG::LLogicSceneWrapper::LLogicSceneWrapper	undefined __thiscall LLogicSceneWrapper(LLogicSceneWrapper * this, GEScene * param_1)	ok	functions/0004b910_STG__LLogicSceneWrapper__LLogicSceneWrapper.c	
0004b928	STG::LLogicSceneWrapper::~LLogicSceneWrapper	undefined __thiscall ~LLogicSceneWrapper(LLogicSceneWrapper * this)	ok	functions/0004b928_STG__LLogicSceneWrapper___LLogicSceneWrapper.c	
0004b97c	STG::LLogicSceneWrapper::ApplyLocalTimeOffset	undefined __thiscall ApplyLocalTimeOffset(LLogicSceneWrapper * this, ulong param_1, UTimeValue * param_2)	ok	functions/0004b97c_STG__LLogicSceneWrapper__ApplyLocalTimeOffset.c	
0004b9d8	STG::LLogicSceneWrapper::GetAnimTimeData	undefined __thiscall GetAnimTimeData(LLogicSceneWrapper * this)	ok	functions/0004b9d8_STG__LLogicSceneWrapper__GetAnimTimeData.c	
0004b9e4	STG::LLogicSceneWrapper::GetModel	undefined __thiscall GetModel(LLogicSceneWrapper * this, ulong param_1)	ok	functions/0004b9e4_STG__LLogicSceneWrapper__GetModel.c	
0004b9f4	STG::LLogicSceneWrapper::GetModel	undefined __thiscall GetModel(LLogicSceneWrapper * this, ulong param_1)	ok	functions/0004b9f4_STG__LLogicSceneWrapper__GetModel.c	
0004ba04	STG::LLogicSceneWrapper::GetRenderTransform	undefined __thiscall GetRenderTransform(LLogicSceneWrapper * this, ulong param_1)	ok	functions/0004ba04_STG__LLogicSceneWrapper__GetRenderTransform.c	
0004ba14	STG::LLogicSceneWrapper::GetBoundingData_Local	undefined __thiscall GetBoundingData_Local(LLogicSceneWrapper * this, ulong param_1, MVector3 * param_2, float * param_3)	ok	functions/0004ba14_STG__LLogicSceneWrapper__GetBoundingData_Local.c	
0004ba48	STG::LLogicSceneWrapper::GetBoundingData_World	undefined __thiscall GetBoundingData_World(LLogicSceneWrapper * this, ulong param_1, MVector3 * param_2, float * param_3)	ok	functions/0004ba48_STG__LLogicSceneWrapper__GetBoundingData_World.c	
0004bb00	STG::LLogicSceneWrapper::FindModel	undefined __thiscall FindModel(LLogicSceneWrapper * this, UStringBase * param_1, ulong * param_2)	ok	functions/0004bb00_STG__LLogicSceneWrapper__FindModel.c	
0004be48	STG::LLogicSceneWrapper::GetIsModelLoaded	undefined __thiscall GetIsModelLoaded(LLogicSceneWrapper * this, ulong param_1)	ok	functions/0004be48_STG__LLogicSceneWrapper__GetIsModelLoaded.c	
0004be58	STG::LLogicSceneWrapper::GetIsModelShown	undefined __thiscall GetIsModelShown(LLogicSceneWrapper * this, ulong param_1)	ok	functions/0004be58_STG__LLogicSceneWrapper__GetIsModelShown.c	
0004be68	STG::LLogicSceneWrapper::GetIsModelVisible	undefined __thiscall GetIsModelVisible(LLogicSceneWrapper * this, ulong param_1)	ok	functions/0004be68_STG__LLogicSceneWrapper__GetIsModelVisible.c	
0004be78	STG::LLogicSceneWrapper::TransformToClip	undefined __stdcall TransformToClip(MMatrix * param_1, MVector3 * param_2)	ok	functions/0004be78_STG__LLogicSceneWrapper__TransformToClip.c	
0004bef8	STG::LLogicSceneWrapper::GetChildModelCount	undefined __thiscall GetChildModelCount(LLogicSceneWrapper * this, ulong param_1)	ok	functions/0004bef8_STG__LLogicSceneWrapper__GetChildModelCount.c	
0004bf3c	STG::LLogicSceneWrapper::GetChildModels	undefined __thiscall GetChildModels(LLogicSceneWrapper * this, UArrayFixed * param_1, ulong param_2)	ok	functions/0004bf3c_STG__LLogicSceneWrapper__GetChildModels.c	
0004c018	STG::LLogicSceneWrapper::GetChildModelCount_Recurse	undefined __thiscall GetChildModelCount_Recurse(LLogicSceneWrapper * this, ulong param_1)	ok	functions/0004c018_STG__LLogicSceneWrapper__GetChildModelCount_Recurse.c	
0004c094	STG::LLogicSceneWrapper::GetChildModels_Recurse_Internal	undefined __thiscall GetChildModels_Recurse_Internal(LLogicSceneWrapper * this, ulong * * param_1, ulong param_2)	ok	functions/0004c094_STG__LLogicSceneWrapper__GetChildModels_Recurse_Internal.c	
0004c114	STG::LLogicSceneWrapper::GetChildModels_Recurse	undefined __thiscall GetChildModels_Recurse(LLogicSceneWrapper * this, UArrayFixed * param_1, ulong param_2)	ok	functions/0004c114_STG__LLogicSceneWrapper__GetChildModels_Recurse.c	
0004c1cc	STG::LLogicSceneWrapper::GetChildModels_Recurse	undefined __thiscall GetChildModels_Recurse(LLogicSceneWrapper * this, UArrayFixed * param_1, UArrayFixed * param_2)	ok	functions/0004c1cc_STG__LLogicSceneWrapper__GetChildModels_Recurse.c	
0004c2d8	STG::LLogicSceneWrapper::ComputeClipSpaceBounds	undefined __thiscall ComputeClipSpaceBounds(LLogicSceneWrapper * this, ulong param_1, MVector2 * param_2, MVector2 * param_3, MVector2 * param_4)	ok	functions/0004c2d8_STG__LLogicSceneWrapper__ComputeClipSpaceBounds.c	
0004c4ec	STG::LLogicSceneWrapper::ComputeModelsAffectedByPreference	undefined __thiscall ComputeModelsAffectedByPreference(LLogicSceneWrapper * this, UArrayFixed * param_1, UStringBase * param_2)	ok	functions/0004c4ec_STG__LLogicSceneWrapper__ComputeModelsAffectedByPreference.c	
0004c7bc	STG::LLogicScene::Allocate	undefined __stdcall Allocate(EType param_1)	ok	functions/0004c7bc_STG__LLogicScene__Allocate.c	
0004c844	STG::LLogicScene::Deallocate	undefined __stdcall Deallocate(LLogicScene * * param_1)	ok	functions/0004c844_STG__LLogicScene__Deallocate.c	
0004c870	STG::LLogicScene::Deallocate	undefined __stdcall Deallocate(UArrayFixed * param_1)	ok	functions/0004c870_STG__LLogicScene__Deallocate.c	
0004c8e4	STG::LLogicScene::Load	undefined __stdcall Load(FFileBase * param_1, LLogicScene * * param_2)	ok	functions/0004c8e4_STG__LLogicScene__Load.c	
0004c934	STG::LLogicScene::Save	undefined __stdcall Save(FFileBase * param_1, LLogicScene * param_2)	ok	functions/0004c934_STG__LLogicScene__Save.c	
0004c990	STG::LLogicScene::Load	undefined __stdcall Load(FFileBase * param_1, UArrayFixed * param_2)	ok	functions/0004c990_STG__LLogicScene__Load.c	
0004ca68	STG::LLogicScene::Save	undefined __stdcall Save(FFileBase * param_1, UArrayFixed * param_2)	ok	functions/0004ca68_STG__LLogicScene__Save.c	
0004cb00	STG::LLogicScene_HidePrey::Run	undefined __thiscall Run(LLogicScene_HidePrey * this, EStage param_1, LLogicSceneWrapper * param_2)	ok	functions/0004cb00_STG__LLogicScene_HidePrey__Run.c	
0004cd4c	STG::LLogicScene_HidePrey::~LLogicScene_HidePrey	undefined __thiscall ~LLogicScene_HidePrey(LLogicScene_HidePrey * this)	ok	functions/0004cd4c_STG__LLogicScene_HidePrey___LLogicScene_HidePrey.c	
0004cf54	STG::LLogicScene_HidePrey::~LLogicScene_HidePrey	undefined __thiscall ~LLogicScene_HidePrey(LLogicScene_HidePrey * this)	ok	functions/0004cf54_STG__LLogicScene_HidePrey___LLogicScene_HidePrey.c	
0004d150	STG::LLogicScene_HidePrey::SaveData	undefined __thiscall SaveData(LLogicScene_HidePrey * this, FFileBase * param_1)	ok	functions/0004d150_STG__LLogicScene_HidePrey__SaveData.c	
0004d33c	FUN_0004d33c	undefined FUN_0004d33c(void)	ok	functions/0004d33c_FUN_0004d33c.c	
0004d8e0	STG::LLogicScene_HidePrey::SetupIndices	undefined __thiscall SetupIndices(LLogicScene_HidePrey * this, LLogicSceneWrapper * param_1, UArrayFixed * param_2, UArrayFixed * param_3, ulong * param_4)	ok	functions/0004d8e0_STG__LLogicScene_HidePrey__SetupIndices.c	
0004d998	STG::LLogicScene_HidePrey::Setup	undefined __thiscall Setup(LLogicScene_HidePrey * this, LLogicSceneWrapper * param_1)	ok	functions/0004d998_STG__LLogicScene_HidePrey__Setup.c	
0004dba8	STG::UArrayFixed<STG::UStringBase<char,int>,unsigned_long>::operator=	undefined __thiscall operator=(UArrayFixed<STG::UStringBase<char,int>,unsigned_long> * this, UArrayFixed * param_1)	ok	functions/0004dba8_STG__UArrayFixed_STG__UStringBase_char_int__unsigned_long___operator_.c	
0004e158	STG::LLogicScene_HidePrey::Initialize	undefined __thiscall Initialize(LLogicScene_HidePrey * this, UArrayFixed * param_1, UArrayFixed * param_2)	ok	functions/0004e158_STG__LLogicScene_HidePrey__Initialize.c	
0004e268	STG::LLogicScene_HidePrey::LoadData	undefined __thiscall LoadData(LLogicScene_HidePrey * this, FFileBase * param_1)	ok	functions/0004e268_STG__LLogicScene_HidePrey__LoadData.c	
0004e3a0	STG::MLocation::MLocation	undefined __thiscall MLocation(MLocation * this)	ok	functions/0004e3a0_STG__MLocation__MLocation.c	
0004e3b8	STG::MLocation::MLocation	undefined __thiscall MLocation(MLocation * this, MFloatQuantized * param_1, MFloatQuantized * param_2)	ok	functions/0004e3b8_STG__MLocation__MLocation.c	
0004e3cc	STG::MLocation::IsValid	undefined __thiscall IsValid(MLocation * this)	ok	functions/0004e3cc_STG__MLocation__IsValid.c	
0004e428	_INIT_2	undefined _INIT_2(void)	ok	functions/0004e428__INIT_2.c	
0004e464	STG::MMatrix::operator=	undefined __thiscall operator=(MMatrix * this, MMatrix * param_1)	ok	functions/0004e464_STG__MMatrix__operator_.c	
0004e4f0	STG::MMatrix::MMatrix	undefined __thiscall MMatrix(MMatrix * this, MMatrix * param_1)	ok	functions/0004e4f0_STG__MMatrix__MMatrix.c	
0004e504	STG::MMatrix::CopyFromData	undefined __thiscall CopyFromData(MMatrix * this, float * param_1)	ok	functions/0004e504_STG__MMatrix__CopyFromData.c	
0004e520	STG::MMatrix::Transform	undefined __thiscall Transform(MMatrix * this, MMatrix * param_1, MMatrix * param_2)	ok	functions/0004e520_STG__MMatrix__Transform.c	
0004e74c	STG::MMatrix::Transform4x3	undefined __thiscall Transform4x3(MMatrix * this, MMatrix * param_1, MMatrix * param_2)	ok	functions/0004e74c_STG__MMatrix__Transform4x3.c	
0004e90c	STG::MMatrix::Transform3x3	undefined __thiscall Transform3x3(MMatrix * this, MMatrix * param_1, MMatrix * param_2)	ok	functions/0004e90c_STG__MMatrix__Transform3x3.c	
0004ea60	STG::MMatrix::Transform3x3_Transpose	undefined __thiscall Transform3x3_Transpose(MMatrix * this, MMatrix * param_1, MMatrix * param_2)	ok	functions/0004ea60_STG__MMatrix__Transform3x3_Transpose.c	
0004ebbc	STG::MMatrix::MakeIdentity	undefined __thiscall MakeIdentity(MMatrix * this)	ok	functions/0004ebbc_STG__MMatrix__MakeIdentity.c	
0004ec08	STG::MMatrix::GetDeterminant	undefined __thiscall GetDeterminant(MMatrix * this)	ok	functions/0004ec08_STG__MMatrix__GetDeterminant.c	
0004ecc4	STG::MMatrix::ComputeAdjoint	undefined __thiscall ComputeAdjoint(MMatrix * this, MMatrix * param_1)	ok	functions/0004ecc4_STG__MMatrix__ComputeAdjoint.c	
0004ef30	STG::MMatrix::ComputeInverse	undefined __thiscall ComputeInverse(MMatrix * this, MMatrix * param_1)	ok	functions/0004ef30_STG__MMatrix__ComputeInverse.c	
0004f038	STG::MMatrix::ComputeTranspose	undefined __thiscall ComputeTranspose(MMatrix * this, MMatrix * param_1)	ok	functions/0004f038_STG__MMatrix__ComputeTranspose.c	
0004f0c4	STG::MMatrix::ComputeInverseFast	undefined __thiscall ComputeInverseFast(MMatrix * this, MMatrix * param_1)	ok	functions/0004f0c4_STG__MMatrix__ComputeInverseFast.c	
0004f104	STG::MMatrix::MakeFrustum	undefined __thiscall MakeFrustum(MMatrix * this, float param_1, float param_2, float param_3, float param_4, float param_5, float param_6)	ok	functions/0004f104_STG__MMatrix__MakeFrustum.c	
0004f18c	STG::MMatrix::MakeLookAtTransform	undefined __thiscall MakeLookAtTransform(MMatrix * this, MVector3 * param_1, MVector3 * param_2, MVector3 * param_3)	ok	functions/0004f18c_STG__MMatrix__MakeLookAtTransform.c	
0004f340	STG::MMatrix::MakeOrthographicTransform	undefined __thiscall MakeOrthographicTransform(MMatrix * this, float param_1, float param_2, float param_3, float param_4)	ok	functions/0004f340_STG__MMatrix__MakeOrthographicTransform.c	
0004f3b0	STG::MMatrix::MakeOrthographicTransform_Landscape	undefined __thiscall MakeOrthographicTransform_Landscape(MMatrix * this, float param_1, float param_2, float param_3, float param_4)	ok	functions/0004f3b0_STG__MMatrix__MakeOrthographicTransform_Landscape.c	
0004f420	STG::MMatrix::MakePerspectiveTransform	undefined __thiscall MakePerspectiveTransform(MMatrix * this, float param_1, float param_2, float param_3, float param_4)	ok	functions/0004f420_STG__MMatrix__MakePerspectiveTransform.c	
0004f4c4	STG::MMatrix::MakePerspectiveTransform_Landscape	undefined __thiscall MakePerspectiveTransform_Landscape(MMatrix * this, float param_1, float param_2, float param_3, float param_4)	ok	functions/0004f4c4_STG__MMatrix__MakePerspectiveTransform_Landscape.c	
0004f568	STG::MMatrix::MakeScreenTransform	undefined __thiscall MakeScreenTransform(MMatrix * this, URectangle * param_1)	ok	functions/0004f568_STG__MMatrix__MakeScreenTransform.c	
0004f5f8	STG::MMatrix::MakeScreenTransform_Landscape	undefined __thiscall MakeScreenTransform_Landscape(MMatrix * this, URectangle * param_1)	ok	functions/0004f5f8_STG__MMatrix__MakeScreenTransform_Landscape.c	
0004f68c	STG::MMatrix::Scale	undefined __thiscall Scale(MMatrix * this, float param_1, float param_2, float param_3)	ok	functions/0004f68c_STG__MMatrix__Scale.c	
0004f720	STG::MMatrix::SetScale	undefined __thiscall SetScale(MMatrix * this, float param_1, float param_2, float param_3)	ok	functions/0004f720_STG__MMatrix__SetScale.c	
0004f730	STG::MMatrix::MakeScaleOffset	undefined __thiscall MakeScaleOffset(MMatrix * this, MVector3 * param_1, MVector3 * param_2)	ok	functions/0004f730_STG__MMatrix__MakeScaleOffset.c	
0004f7a0	STG::MMatrix::SetEulerX	undefined __thiscall SetEulerX(MMatrix * this, float param_1)	ok	functions/0004f7a0_STG__MMatrix__SetEulerX.c	
0004f7f8	STG::MMatrix::SetEulerY	undefined __thiscall SetEulerY(MMatrix * this, float param_1)	ok	functions/0004f7f8_STG__MMatrix__SetEulerY.c	
0004f850	STG::MMatrix::SetEulerZ	undefined __thiscall SetEulerZ(MMatrix * this, float param_1)	ok	functions/0004f850_STG__MMatrix__SetEulerZ.c	
0004f8a8	STG::MMatrix::SetEulerXYZ	undefined __thiscall SetEulerXYZ(MMatrix * this, float param_1, float param_2, float param_3)	ok	functions/0004f8a8_STG__MMatrix__SetEulerXYZ.c	
0004f964	STG::MMatrix::SetEulerXZY	undefined __thiscall SetEulerXZY(MMatrix * this, float param_1, float param_2, float param_3)	ok	functions/0004f964_STG__MMatrix__SetEulerXZY.c	
0004fa24	STG::MMatrix::SetPosition	undefined __thiscall SetPosition(MMatrix * this, MVector3 * param_1)	ok	functions/0004fa24_STG__MMatrix__SetPosition.c	
0004fa48	STG::MRay3::Intersect_Test_Sphere	undefined __thiscall Intersect_Test_Sphere(MRay3 * this, MVector3 * param_1, float param_2)	ok	functions/0004fa48_STG__MRay3__Intersect_Test_Sphere.c	
0004fad0	STG::MSIMD::BlendVector4f_SW	undefined __stdcall BlendVector4f_SW(float * param_1, float * param_2, float * param_3, float param_4, ulong param_5)	ok	functions/0004fad0_STG__MSIMD__BlendVector4f_SW.c	
0004fb40	STG::MSIMD::Skin3Vector4f_SW	undefined __stdcall Skin3Vector4f_SW(float * param_1, float * param_2, float * param_3, float * param_4, float * param_5, float * param_6, ulong param_7)	ok	functions/0004fb40_STG__MSIMD__Skin3Vector4f_SW.c	
0004fd9c	STG::MSIMD::MSIMD	undefined __thiscall MSIMD(MSIMD * this)	ok	functions/0004fd9c_STG__MSIMD__MSIMD.c	
0004fdb4	STG::MSIMD::~MSIMD	undefined __thiscall ~MSIMD(MSIMD * this)	ok	functions/0004fdb4_STG__MSIMD___MSIMD.c	
0004fdb8	STG::MSIMD::Initialize	undefined __thiscall Initialize(MSIMD * this)	ok	functions/0004fdb8_STG__MSIMD__Initialize.c	
0004fe34	STG::MSIMD::Platform_QueryHardwareSupported	undefined __stdcall Platform_QueryHardwareSupported(void)	ok	functions/0004fe34_STG__MSIMD__Platform_QueryHardwareSupported.c	
0004fe74	STG::UPreferenceBase::GetKeySuffix	undefined __thiscall GetKeySuffix(UPreferenceBase * this, UStringBase * param_1)	ok	functions/0004fe74_STG__UPreferenceBase__GetKeySuffix.c	
0004fe94	STG::UPreference<STG::UStringBase<char,int>,true>::GetNumValues	undefined __thiscall GetNumValues(UPreference<STG::UStringBase<char,int>,true> * this)	ok	functions/0004fe94_STG__UPreference_STG__UStringBase_char_int__true___GetNumValues.c	
0004fe9c	STG::UPreference<STG::UPreference_IAB_Entry,true>::GetNumValues	undefined __thiscall GetNumValues(UPreference<STG::UPreference_IAB_Entry,true> * this)	ok	functions/0004fe9c_STG__UPreference_STG__UPreference_IAB_Entry_true___GetNumValues.c	
0004fea4	STG::UPreference<STG::UPreference_Theme_Entry,true>::GetNumValues	undefined __thiscall GetNumValues(UPreference<STG::UPreference_Theme_Entry,true> * this)	ok	functions/0004fea4_STG__UPreference_STG__UPreference_Theme_Entry_true___GetNumValues.c	
0004feac	STG::UPreference<STG::GETimeOfDay::EPhase,true>::GetNumValues	undefined __thiscall GetNumValues(UPreference<STG::GETimeOfDay::EPhase,true> * this)	ok	functions/0004feac_STG__UPreference_STG__GETimeOfDay__EPhase_true___GetNumValues.c	
0004feb4	STG::UPreference<STG::GETimeOfDay::EPhase,true>::GetNumSelectableValues	undefined __thiscall GetNumSelectableValues(UPreference<STG::GETimeOfDay::EPhase,true> * this)	ok	functions/0004feb4_STG__UPreference_STG__GETimeOfDay__EPhase_true___GetNumSelectableValues.c	
0004fec8	STG::UPreference<STG::GETimeOfDay::EPhase,true>::GetSelectedValueIndex	undefined __thiscall GetSelectedValueIndex(UPreference<STG::GETimeOfDay::EPhase,true> * this)	ok	functions/0004fec8_STG__UPreference_STG__GETimeOfDay__EPhase_true___GetSelectedValueIndex.c	
0004fed0	STG::UPreference<STG::GETimeOfDay::EPhase,true>::SetSelectedValueIndex	undefined __thiscall SetSelectedValueIndex(UPreference<STG::GETimeOfDay::EPhase,true> * this, ulong param_1)	ok	functions/0004fed0_STG__UPreference_STG__GETimeOfDay__EPhase_true___SetSelectedValueIndex.c	
0004ff10	STG::UPreference<STG::GETimeOfDay::EPhase,true>::GetSelectedValueByName	undefined __stdcall GetSelectedValueByName(UStringBase * param_1)	ok	functions/0004ff10_STG__UPreference_STG__GETimeOfDay__EPhase_true___GetSelectedValueByName.c	
0004ff2c	STG::UPreference<STG::GETimeOfDay::EPhase,true>::SetSelectedValue	undefined __thiscall SetSelectedValue(UPreference<STG::GETimeOfDay::EPhase,true> * this, EPhase * param_1)	ok	functions/0004ff2c_STG__UPreference_STG__GETimeOfDay__EPhase_true___SetSelectedValue.c	
0004ff98	STG::UPreference<STG::UPreference_IAB_Entry,true>::GetNumSelectableValues	undefined __thiscall GetNumSelectableValues(UPreference<STG::UPreference_IAB_Entry,true> * this)	ok	functions/0004ff98_STG__UPreference_STG__UPreference_IAB_Entry_true___GetNumSelectableValues.c	
0004ffac	STG::UPreference<STG::UPreference_IAB_Entry,true>::GetSelectedValueIndex	undefined __thiscall GetSelectedValueIndex(UPreference<STG::UPreference_IAB_Entry,true> * this)	ok	functions/0004ffac_STG__UPreference_STG__UPreference_IAB_Entry_true___GetSelectedValueIndex.c	
0004ffb4	STG::UPreference<STG::UPreference_IAB_Entry,true>::SetSelectedValueIndex	undefined __thiscall SetSelectedValueIndex(UPreference<STG::UPreference_IAB_Entry,true> * this, ulong param_1)	ok	functions/0004ffb4_STG__UPreference_STG__UPreference_IAB_Entry_true___SetSelectedValueIndex.c	
0004fff4	STG::UPreference<STG::UPreference_IAB_Entry,true>::GetSelectedValueByName	undefined __stdcall GetSelectedValueByName(UStringBase * param_1)	ok	functions/0004fff4_STG__UPreference_STG__UPreference_IAB_Entry_true___GetSelectedValueByName.c	
00050010	STG::UPreference<STG::UPreference_Theme_Entry,true>::GetNumSelectableValues	undefined __thiscall GetNumSelectableValues(UPreference<STG::UPreference_Theme_Entry,true> * this)	ok	functions/00050010_STG__UPreference_STG__UPreference_Theme_Entry_true___GetNumSelectableValues.c	
00050024	STG::UPreference<STG::UPreference_Theme_Entry,true>::GetSelectedValueIndex	undefined __thiscall GetSelectedValueIndex(UPreference<STG::UPreference_Theme_Entry,true> * this)	ok	functions/00050024_STG__UPreference_STG__UPreference_Theme_Entry_true___GetSelectedValueIndex.c	
0005002c	STG::UPreference<STG::UPreference_Theme_Entry,true>::SetSelectedValueIndex	undefined __thiscall SetSelectedValueIndex(UPreference<STG::UPreference_Theme_Entry,true> * this, ulong param_1)	ok	functions/0005002c_STG__UPreference_STG__UPreference_Theme_Entry_true___SetSelectedValueIndex.c	
0005006c	STG::UPreference<STG::UPreference_Theme_Entry,true>::GetSelectedValueByName	undefined __stdcall GetSelectedValueByName(UStringBase * param_1)	ok	functions/0005006c_STG__UPreference_STG__UPreference_Theme_Entry_true___GetSelectedValueByName.c	
00050088	STG::UPreference<STG::UStringBase<char,int>,true>::GetNumSelectableValues	undefined __thiscall GetNumSelectableValues(UPreference<STG::UStringBase<char,int>,true> * this)	ok	functions/00050088_STG__UPreference_STG__UStringBase_char_int__true___GetNumSelectableValues.c	
0005009c	STG::UPreference<STG::UStringBase<char,int>,true>::GetSelectedValueIndex	undefined __thiscall GetSelectedValueIndex(UPreference<STG::UStringBase<char,int>,true> * this)	ok	functions/0005009c_STG__UPreference_STG__UStringBase_char_int__true___GetSelectedValueIndex.c	
000500a4	STG::UPreference<STG::UStringBase<char,int>,true>::SetSelectedValueIndex	undefined __thiscall SetSelectedValueIndex(UPreference<STG::UStringBase<char,int>,true> * this, ulong param_1)	ok	functions/000500a4_STG__UPreference_STG__UStringBase_char_int__true___SetSelectedValueIndex.c	
000500e4	STG::UPreference<STG::UStringBase<char,int>,true>::GetSelectedValueByName	undefined __stdcall GetSelectedValueByName(UStringBase * param_1)	ok	functions/000500e4_STG__UPreference_STG__UStringBase_char_int__true___GetSelectedValueByName.c	
00050100	STG::UPreference<STG::UStringBase<char,int>,true>::~UPreference	undefined __thiscall ~UPreference(UPreference<STG::UStringBase<char,int>,true> * this)	ok	functions/00050100_STG__UPreference_STG__UStringBase_char_int__true____UPreference.c	
00050188	STG::UPreference<STG::GETimeOfDay::EPhase,true>::~UPreference	undefined __thiscall ~UPreference(UPreference<STG::GETimeOfDay::EPhase,true> * this)	ok	functions/00050188_STG__UPreference_STG__GETimeOfDay__EPhase_true____UPreference.c	
000501cc	STG::UPreference<STG::GETimeOfDay::EPhase,true>::Initialize	undefined __thiscall Initialize(UPreference<STG::GETimeOfDay::EPhase,true> * this, UStringBase * param_1, UStringBase * param_2, UStringBase * param_3, ulong param_4)	ok	functions/000501cc_STG__UPreference_STG__GETimeOfDay__EPhase_true___Initialize.c	
000501fc	STG::UPreference<STG::GETimeOfDay::EPhase,true>::~UPreference	undefined __thiscall ~UPreference(UPreference<STG::GETimeOfDay::EPhase,true> * this)	ok	functions/000501fc_STG__UPreference_STG__GETimeOfDay__EPhase_true____UPreference.c	
00050248	STG::UPreference<STG::UStringBase<char,int>,true>::~UPreference	undefined __thiscall ~UPreference(UPreference<STG::UStringBase<char,int>,true> * this)	ok	functions/00050248_STG__UPreference_STG__UStringBase_char_int__true____UPreference.c	
000502d8	STG::UPreference<STG::UStringBase<char,int>,true>::SetSelectedValue	undefined __thiscall SetSelectedValue(UPreference<STG::UStringBase<char,int>,true> * this, UStringBase * param_1)	ok	functions/000502d8_STG__UPreference_STG__UStringBase_char_int__true___SetSelectedValue.c	
00050374	STG::UPreference<STG::UPreference_Theme_Entry,true>::SetSelectedValue	undefined __thiscall SetSelectedValue(UPreference<STG::UPreference_Theme_Entry,true> * this, UPreference_Theme_Entry * param_1)	ok	functions/00050374_STG__UPreference_STG__UPreference_Theme_Entry_true___SetSelectedValue.c	
00050480	STG::UPreference<STG::UPreference_IAB_Entry,true>::SetSelectedValue	undefined __thiscall SetSelectedValue(UPreference<STG::UPreference_IAB_Entry,true> * this, UPreference_IAB_Entry * param_1)	ok	functions/00050480_STG__UPreference_STG__UPreference_IAB_Entry_true___SetSelectedValue.c	
0005058c	STG::USerialize::LoadLegacyTimeValue	undefined __thiscall LoadLegacyTimeValue(USerialize * this, FFileBase * param_1, ulong param_2, ulong param_3)	ok	functions/0005058c_STG__USerialize__LoadLegacyTimeValue.c	
000505dc	STG::USerialize::Load	undefined __stdcall Load(FFileBase * param_1, MVector2 * param_2)	ok	functions/000505dc_STG__USerialize__Load.c	
00050620	STG::USerialize::Save	undefined __stdcall Save(FFileBase * param_1, MVector2 * param_2)	ok	functions/00050620_STG__USerialize__Save.c	
00050668	STG::USerialize::Load	undefined __stdcall Load(FFileBase * param_1, MVector3 * param_2)	ok	functions/00050668_STG__USerialize__Load.c	
000506c4	STG::USerialize::Save	undefined __stdcall Save(FFileBase * param_1, MVector3 * param_2)	ok	functions/000506c4_STG__USerialize__Save.c	
00050724	STG::USerialize::Load	undefined __stdcall Load(FFileBase * param_1, MMatrix * param_2)	ok	functions/00050724_STG__USerialize__Load.c	
00050760	STG::USerialize::Save	undefined __stdcall Save(FFileBase * param_1, MMatrix * param_2)	ok	functions/00050760_STG__USerialize__Save.c	
0005079c	STG::USerialize::Load	undefined __stdcall Load(FFileBase * param_1, GEColor * param_2)	ok	functions/0005079c_STG__USerialize__Load.c	
000507e4	STG::USerialize::Save	undefined __stdcall Save(FFileBase * param_1, GEColor * param_2)	ok	functions/000507e4_STG__USerialize__Save.c	
0005085c	STG::USerialize::Load	undefined __stdcall Load(FFileBase * param_1, GECamera * param_2)	ok	functions/0005085c_STG__USerialize__Load.c	
00050934	STG::USerialize::Save	undefined __stdcall Save(FFileBase * param_1, GECamera * param_2)	ok	functions/00050934_STG__USerialize__Save.c	
00050a34	STG::USerialize::Load	undefined __stdcall Load(FFileBase * param_1, GEEnvironmentSettings * param_2)	ok	functions/00050a34_STG__USerialize__Load.c	
00050aa8	STG::USerialize::Load	undefined __stdcall Load(FFileBase * param_1, GEEnvironmentGroup * param_2)	ok	functions/00050aa8_STG__USerialize__Load.c	
00050b44	STG::USerialize::Load	undefined __stdcall Load(FFileBase * param_1, GEEnvironment * param_2)	ok	functions/00050b44_STG__USerialize__Load.c	
00050bbc	STG::USerialize::Save	undefined __stdcall Save(FFileBase * param_1, GEEnvironmentSettings * param_2)	ok	functions/00050bbc_STG__USerialize__Save.c	
00050c50	STG::USerialize::Save	undefined __stdcall Save(FFileBase * param_1, GEEnvironmentGroup * param_2)	ok	functions/00050c50_STG__USerialize__Save.c	
00050cf8	STG::USerialize::Save	undefined __stdcall Save(FFileBase * param_1, GEEnvironment * param_2)	ok	functions/00050cf8_STG__USerialize__Save.c	
00050d78	STG::USerialize::Load	undefined __stdcall Load(FFileBase * param_1, GEIndexBuffer * param_2)	ok	functions/00050d78_STG__USerialize__Load.c	
00050dcc	STG::USerialize::Save	undefined __stdcall Save(FFileBase * param_1, GEIndexBuffer * param_2)	ok	functions/00050dcc_STG__USerialize__Save.c	
00050e28	STG::USerialize::Load	undefined __stdcall Load(FFileBase * param_1, VertexGroup * param_2)	ok	functions/00050e28_STG__USerialize__Load.c	
00050f2c	STG::USerialize::Save	undefined __stdcall Save(FFileBase * param_1, VertexGroup * param_2)	ok	functions/00050f2c_STG__USerialize__Save.c	
00050ff8	STG::USerialize::Load	undefined __stdcall Load(FFileBase * param_1, GEAnimationCurve * param_2)	ok	functions/00050ff8_STG__USerialize__Load.c	
000511b8	STG::USerialize::Save	undefined __stdcall Save(FFileBase * param_1, GEAnimationCurve * param_2)	ok	functions/000511b8_STG__USerialize__Save.c	
000512b0	STG::USerialize::Load	undefined __stdcall Load(FFileBase * param_1, GEAnimationTrack * param_2)	ok	functions/000512b0_STG__USerialize__Load.c	
0005149c	STG::USerialize::Load	undefined __stdcall Load(FFileBase * param_1, BoneAnim * param_2)	ok	functions/0005149c_STG__USerialize__Load.c	
00051584	STG::USerialize::Load	undefined __stdcall Load(FFileBase * param_1, Animation * param_2)	ok	functions/00051584_STG__USerialize__Load.c	
000519ac	STG::USerialize::Load	undefined __stdcall Load(FFileBase * param_1, Mesh * param_2)	ok	functions/000519ac_STG__USerialize__Load.c	
00051ce0	STG::USerialize::Save	undefined __stdcall Save(FFileBase * param_1, GEAnimationTrack * param_2)	ok	functions/00051ce0_STG__USerialize__Save.c	
00051e54	STG::USerialize::Save	undefined __stdcall Save(FFileBase * param_1, BoneAnim * param_2)	ok	functions/00051e54_STG__USerialize__Save.c	
00051f3c	STG::USerialize::Save	undefined __stdcall Save(FFileBase * param_1, Animation * param_2)	ok	functions/00051f3c_STG__USerialize__Save.c	
00052150	STG::USerialize::Save	undefined __stdcall Save(FFileBase * param_1, Mesh * param_2)	ok	functions/00052150_STG__USerialize__Save.c	
00052308	STG::USerialize::Load	undefined __stdcall Load(FFileBase * param_1, GETimeOfDay * param_2)	ok	functions/00052308_STG__USerialize__Load.c	
00052348	STG::USerialize::Save	undefined __stdcall Save(FFileBase * param_1, GETimeOfDay * param_2)	ok	functions/00052348_STG__USerialize__Save.c	
00052390	STG::USerialize::Load	undefined __stdcall Load(FFileBase * param_1, GEVertexBlender * param_2)	ok	functions/00052390_STG__USerialize__Load.c	
0005270c	STG::USerialize::Save	undefined __stdcall Save(FFileBase * param_1, GEVertexBlender * param_2)	ok	functions/0005270c_STG__USerialize__Save.c	
000527a8	STG::USerialize::Load	undefined __stdcall Load(FFileBase * param_1, GEVertexBuffer * param_2)	ok	functions/000527a8_STG__USerialize__Load.c	
000528a8	STG::USerialize::Save	undefined __stdcall Save(FFileBase * param_1, GEVertexBuffer * param_2)	ok	functions/000528a8_STG__USerialize__Save.c	
000529d0	STG::UStringBase<char,int>::UStringBase	undefined __thiscall UStringBase(UStringBase<char,int> * this)	ok	functions/000529d0_STG__UStringBase_char_int___UStringBase.c	
000529fc	STG::UPreference<STG::UPreference_IAB_Entry,true>::Initialize	undefined __thiscall Initialize(UPreference<STG::UPreference_IAB_Entry,true> * this, UStringBase * param_1, UStringBase * param_2, UStringBase * param_3, ulong param_4)	ok	functions/000529fc_STG__UPreference_STG__UPreference_IAB_Entry_true___Initialize.c	
00052a74	STG::UPreference<STG::UPreference_Theme_Entry,true>::Initialize	undefined __thiscall Initialize(UPreference<STG::UPreference_Theme_Entry,true> * this, UStringBase * param_1, UStringBase * param_2, UStringBase * param_3, ulong param_4)	ok	functions/00052a74_STG__UPreference_STG__UPreference_Theme_Entry_true___Initialize.c	
00052aec	STG::UPreference<STG::UStringBase<char,int>,true>::Initialize	undefined __thiscall Initialize(UPreference<STG::UStringBase<char,int>,true> * this, UStringBase * param_1, UStringBase * param_2, UStringBase * param_3, ulong param_4)	ok	functions/00052aec_STG__UPreference_STG__UStringBase_char_int__true___Initialize.c	
00052b5c	STG::USerialize::Save<char,int>	void __stdcall Save<char,int>(FFileBase * param_1, UStringBase * param_2)	ok	functions/00052b5c_STG__USerialize__Save_char_int_.c	
00052bfc	STG::USerialize::Save	undefined __stdcall Save(FFileBase * param_1, UPreference_TimeOfDay * param_2)	ok	functions/00052bfc_STG__USerialize__Save.c	
00052cdc	STG::USerialize::Save	undefined __stdcall Save(FFileBase * param_1, UPreference_Theme * param_2)	ok	functions/00052cdc_STG__USerialize__Save.c	
00052ee4	STG::USerialize::Save	undefined __stdcall Save(FFileBase * param_1, UPreference_TextureGroup * param_2)	ok	functions/00052ee4_STG__USerialize__Save.c	
0005300c	STG::USerialize::Save	undefined __stdcall Save(FFileBase * param_1, UPreference_TextureSwap * param_2)	ok	functions/0005300c_STG__USerialize__Save.c	
00053100	STG::USerialize::Save	undefined __stdcall Save(FFileBase * param_1, UPreference_TextureFont * param_2)	ok	functions/00053100_STG__USerialize__Save.c	
000531ac	STG::USerialize::Save	undefined __stdcall Save(FFileBase * param_1, UPreference_IAB * param_2)	ok	functions/000531ac_STG__USerialize__Save.c	
000532a8	STG::USerialize::Save	undefined __stdcall Save(FFileBase * param_1, UPreference_FileChooser_Texture * param_2)	ok	functions/000532a8_STG__USerialize__Save.c	
00053354	STG::USerialize::Save	undefined __stdcall Save(FFileBase * param_1, UPreference_Environment * param_2)	ok	functions/00053354_STG__USerialize__Save.c	
00053430	STG::USerialize::Save	undefined __stdcall Save(FFileBase * param_1, UPreference_ModelToggle * param_2)	ok	functions/00053430_STG__USerialize__Save.c	
00053518	STG::USerialize::Save	undefined __stdcall Save(FFileBase * param_1, UPreference_ModelSwap * param_2)	ok	functions/00053518_STG__USerialize__Save.c	
0005366c	STG::USerialize::Save	undefined __stdcall Save(FFileBase * param_1, UPreference_CameraSet * param_2)	ok	functions/0005366c_STG__USerialize__Save.c	
00053748	STG::USerialize::Save	undefined __stdcall Save(FFileBase * param_1, UPreference_Scene * param_2)	ok	functions/00053748_STG__USerialize__Save.c	
00053d20	STG::USerialize::Save	undefined __stdcall Save(FFileBase * param_1, GECameraSet * param_2)	ok	functions/00053d20_STG__USerialize__Save.c	
00053e1c	STG::USerialize::Save	undefined __stdcall Save(FFileBase * param_1, FFileHash * param_2)	ok	functions/00053e1c_STG__USerialize__Save.c	
00053e70	STG::USerialize::Save	undefined __stdcall Save(FFileBase * param_1, GEMaterial * param_2)	ok	functions/00053e70_STG__USerialize__Save.c	
00054044	STG::USerialize::Save	undefined __stdcall Save(FFileBase * param_1, GEFont * param_2)	ok	functions/00054044_STG__USerialize__Save.c	
00054260	STG::USerialize::Save	undefined __stdcall Save(FFileBase * param_1, GETextureFont * param_2)	ok	functions/00054260_STG__USerialize__Save.c	
000543fc	STG::USerialize::Save	undefined __stdcall Save(FFileBase * param_1, GETextureFontContainer * param_2)	ok	functions/000543fc_STG__USerialize__Save.c	
000544c4	STG::USerialize::Save	undefined __stdcall Save(FFileBase * param_1, GETextureSwap * param_2)	ok	functions/000544c4_STG__USerialize__Save.c	
000545c0	STG::USerialize::Save	undefined __stdcall Save(FFileBase * param_1, GETextureSwapContainer * param_2)	ok	functions/000545c0_STG__USerialize__Save.c	
00054640	STG::USerialize::Save	undefined __stdcall Save(FFileBase * param_1, GETextureModifier * param_2)	ok	functions/00054640_STG__USerialize__Save.c	
00054894	STG::USerialize::Save	undefined __stdcall Save(FFileBase * param_1, GEModel * param_2)	ok	functions/00054894_STG__USerialize__Save.c	
00054af8	STG::USerialize::Save	undefined __stdcall Save(FFileBase * param_1, GEScene * param_2)	ok	functions/00054af8_STG__USerialize__Save.c	
0005579c	STG::USerialize::Load<unsigned_short,unsigned_short>	void __stdcall Load<unsigned_short,unsigned_short>(FFileBase * param_1, UStringBase * param_2)	ok	functions/0005579c_STG__USerialize__Load_unsigned_short_unsigned_short_.c	
00055be4	std::priv::_String_base<char,std::allocator<char>>::_M_deallocate_block	undefined __thiscall _M_deallocate_block(_String_base<char,std::allocator<char>> * this)	ok	functions/00055be4_std__priv___String_base_char_std__allocator_char_____M_deallocate_block.c	
00055c14	STG::UPreference<STG::UPreference_IAB_Entry,true>::~UPreference	undefined __thiscall ~UPreference(UPreference<STG::UPreference_IAB_Entry,true> * this)	ok	functions/00055c14_STG__UPreference_STG__UPreference_IAB_Entry_true____UPreference.c	
00055cbc	STG::UPreference<STG::UPreference_Theme_Entry,true>::~UPreference	undefined __thiscall ~UPreference(UPreference<STG::UPreference_Theme_Entry,true> * this)	ok	functions/00055cbc_STG__UPreference_STG__UPreference_Theme_Entry_true____UPreference.c	
00055d64	STG::UPreference<STG::UStringBase<char,int>,true>::IsValueValid	undefined __thiscall IsValueValid(UPreference<STG::UStringBase<char,int>,true> * this, UStringBase * param_1)	ok	functions/00055d64_STG__UPreference_STG__UStringBase_char_int__true___IsValueValid.c	
00055e54	STG::UPreference<STG::UStringBase<char,int>,true>::SetSelectedValueByName	undefined __thiscall SetSelectedValueByName(UPreference<STG::UStringBase<char,int>,true> * this, UStringBase * param_1)	ok	functions/00055e54_STG__UPreference_STG__UStringBase_char_int__true___SetSelectedValueByName.c	
00055f5c	STG::UPreference<STG::UPreference_Theme_Entry,true>::IsValueValid	undefined __thiscall IsValueValid(UPreference<STG::UPreference_Theme_Entry,true> * this, UStringBase * param_1)	ok	functions/00055f5c_STG__UPreference_STG__UPreference_Theme_Entry_true___IsValueValid.c	
0005604c	STG::UPreference<STG::UPreference_Theme_Entry,true>::SetSelectedValueByName	undefined __thiscall SetSelectedValueByName(UPreference<STG::UPreference_Theme_Entry,true> * this, UStringBase * param_1)	ok	functions/0005604c_STG__UPreference_STG__UPreference_Theme_Entry_true___SetSelectedValueByName.c	
00056154	STG::UPreference<STG::UPreference_IAB_Entry,true>::IsValueValid	undefined __thiscall IsValueValid(UPreference<STG::UPreference_IAB_Entry,true> * this, UStringBase * param_1)	ok	functions/00056154_STG__UPreference_STG__UPreference_IAB_Entry_true___IsValueValid.c	
00056244	STG::UPreference<STG::UPreference_IAB_Entry,true>::SetSelectedValueByName	undefined __thiscall SetSelectedValueByName(UPreference<STG::UPreference_IAB_Entry,true> * this, UStringBase * param_1)	ok	functions/00056244_STG__UPreference_STG__UPreference_IAB_Entry_true___SetSelectedValueByName.c	
0005634c	STG::UPreference<STG::GETimeOfDay::EPhase,true>::IsValueValid	undefined __thiscall IsValueValid(UPreference<STG::GETimeOfDay::EPhase,true> * this, UStringBase * param_1)	ok	functions/0005634c_STG__UPreference_STG__GETimeOfDay__EPhase_true___IsValueValid.c	
0005643c	STG::UPreference<STG::GETimeOfDay::EPhase,true>::SetSelectedValueByName	undefined __thiscall SetSelectedValueByName(UPreference<STG::GETimeOfDay::EPhase,true> * this, UStringBase * param_1)	ok	functions/0005643c_STG__UPreference_STG__GETimeOfDay__EPhase_true___SetSelectedValueByName.c	
00056544	STG::UStringBase<char,int>::operator=	undefined __thiscall operator=(UStringBase<char,int> * this, UStringBase * param_1)	ok	functions/00056544_STG__UStringBase_char_int___operator_.c	
00056928	STG::USerialize::Load<char,int>	void __stdcall Load<char,int>(FFileBase * param_1, UStringBase * param_2)	ok	functions/00056928_STG__USerialize__Load_char_int_.c	
00056cd4	STG::USerialize::Load	undefined __stdcall Load(FFileBase * param_1, UPreference_TimeOfDay * param_2)	ok	functions/00056cd4_STG__USerialize__Load.c	
00056efc	STG::USerialize::Load	undefined __stdcall Load(FFileBase * param_1, UPreference_Theme * param_2)	ok	functions/00056efc_STG__USerialize__Load.c	
00057098	STG::USerialize::Load	undefined __stdcall Load(FFileBase * param_1, UPreference_TextureGroup * param_2)	ok	functions/00057098_STG__USerialize__Load.c	
00057278	STG::USerialize::Load	undefined __stdcall Load(FFileBase * param_1, UPreference_TextureSwap * param_2)	ok	functions/00057278_STG__USerialize__Load.c	
00057418	STG::USerialize::Load	undefined __stdcall Load(FFileBase * param_1, UPreference_TextureFont * param_2)	ok	functions/00057418_STG__USerialize__Load.c	
00057580	STG::USerialize::Load	undefined __stdcall Load(FFileBase * param_1, UPreference_FileChooser_Texture * param_2)	ok	functions/00057580_STG__USerialize__Load.c	
000576e8	STG::USerialize::Load	undefined __stdcall Load(FFileBase * param_1, UPreference_Environment * param_2)	ok	functions/000576e8_STG__USerialize__Load.c	
00057888	STG::USerialize::Load	undefined __stdcall Load(FFileBase * param_1, UPreference_ModelToggle * param_2)	ok	functions/00057888_STG__USerialize__Load.c	
00057a2c	STG::USerialize::Load	undefined __stdcall Load(FFileBase * param_1, UPreference_ModelSwap * param_2)	ok	functions/00057a2c_STG__USerialize__Load.c	
00057c30	STG::USerialize::Load	undefined __stdcall Load(FFileBase * param_1, UPreference_CameraSet * param_2)	ok	functions/00057c30_STG__USerialize__Load.c	
00057db8	STG::USerialize::Load	undefined __stdcall Load(FFileBase * param_1, GECameraSet * param_2)	ok	functions/00057db8_STG__USerialize__Load.c	
00057edc	STG::USerialize::Load	undefined __stdcall Load(FFileBase * param_1, FFileHash * param_2)	ok	functions/00057edc_STG__USerialize__Load.c	
00057f1c	STG::USerialize::Load	undefined __stdcall Load(FFileBase * param_1, GEFont * param_2)	ok	functions/00057f1c_STG__USerialize__Load.c	
00058310	STG::UPreference<STG::UPreference_IAB_Entry,true>::~UPreference	undefined __thiscall ~UPreference(UPreference<STG::UPreference_IAB_Entry,true> * this)	ok	functions/00058310_STG__UPreference_STG__UPreference_IAB_Entry_true____UPreference.c	
000583c0	STG::UPreference<STG::UPreference_Theme_Entry,true>::~UPreference	undefined __thiscall ~UPreference(UPreference<STG::UPreference_Theme_Entry,true> * this)	ok	functions/000583c0_STG__UPreference_STG__UPreference_Theme_Entry_true____UPreference.c	
00058470	STG::USerialize::Load	undefined __stdcall Load(FFileBase * param_1, GETextureSwap * param_2)	ok	functions/00058470_STG__USerialize__Load.c	
00058b04	STG::USerialize::Load	undefined __stdcall Load(FFileBase * param_1, GETextureSwapContainer * param_2)	ok	functions/00058b04_STG__USerialize__Load.c	
00058b7c	STG::USerialize::Load	undefined __stdcall Load(FFileBase * param_1, UPreference_IAB * param_2)	ok	functions/00058b7c_STG__USerialize__Load.c	
000591b4	STG::USerialize::Load	undefined __stdcall Load(FFileBase * param_1, UPreference_Scene * param_2)	ok	functions/000591b4_STG__USerialize__Load.c	
0005a230	std::string::_M_compute_next_size	undefined __thiscall _M_compute_next_size(string * this, uint param_1)	ok	functions/0005a230_std__string___M_compute_next_size.c	
0005a290	STG::USerialize::Load	undefined __stdcall Load(FFileBase * param_1, GEMaterial * param_2)	ok	functions/0005a290_STG__USerialize__Load.c	
0005a9d8	STG::USerialize::Load	undefined __stdcall Load(FFileBase * param_1, GEModel * param_2)	ok	functions/0005a9d8_STG__USerialize__Load.c	
0005aca4	STG::USerialize::Load	undefined __stdcall Load(FFileBase * param_1, GETextureFont * param_2)	ok	functions/0005aca4_STG__USerialize__Load.c	
0005b280	STG::USerialize::Load	undefined __stdcall Load(FFileBase * param_1, GETextureFontContainer * param_2)	ok	functions/0005b280_STG__USerialize__Load.c	
0005b338	STG::USerialize::Load	undefined __stdcall Load(FFileBase * param_1, GETextureModifier * param_2)	ok	functions/0005b338_STG__USerialize__Load.c	
0005bb8c	STG::USerialize::Load	undefined __stdcall Load(FFileBase * param_1, GEScene * param_2)	ok	functions/0005bb8c_STG__USerialize__Load.c	
0005d6ac	FUN_0005d6ac	undefined FUN_0005d6ac(void)	ok	functions/0005d6ac_FUN_0005d6ac.c	
0005d788	STG::UCrypto::Transform	undefined __stdcall Transform(char * param_1, uint param_2, void * param_3)	ok	functions/0005d788_STG__UCrypto__Transform.c	
0005d7f0	STG::UCrypto::TransformAndPrint	undefined __stdcall TransformAndPrint(char * param_1)	ok	functions/0005d7f0_STG__UCrypto__TransformAndPrint.c	
0005d908	STG::UStringBaseHash_Internal	undefined __stdcall UStringBaseHash_Internal(uchar * param_1, uint param_2)	ok	functions/0005d908_STG__UStringBaseHash_Internal.c	
0005da10	STG::UTime::~UTime	undefined __thiscall ~UTime(UTime * this)	ok	functions/0005da10_STG__UTime___UTime.c	
0005da28	STG::USingleton<STG::UTime>::~USingleton	undefined __thiscall ~USingleton(USingleton<STG::UTime> * this)	ok	functions/0005da28_STG__USingleton_STG__UTime____USingleton.c	
0005da40	STG::USingleton<STG::UTime>::~USingleton	undefined __thiscall ~USingleton(USingleton<STG::UTime> * this)	ok	functions/0005da40_STG__USingleton_STG__UTime____USingleton.c	
0005da68	STG::UTime::~UTime	undefined __thiscall ~UTime(UTime * this)	ok	functions/0005da68_STG__UTime___UTime.c	
0005da84	STG::UTime::InternalTime_Default::GetTime_UTC	undefined __thiscall GetTime_UTC(InternalTime_Default * this, tm * param_1)	ok	functions/0005da84_STG__UTime__InternalTime_Default__GetTime_UTC.c	
0005daac	STG::UTime::InternalTime_Default::GetTime_Local	undefined __thiscall GetTime_Local(InternalTime_Default * this, tm * param_1)	ok	functions/0005daac_STG__UTime__InternalTime_Default__GetTime_Local.c	
0005dad4	STG::UTime::InstallTimer	undefined __thiscall InstallTimer(UTime * this, IInternalTime * param_1)	ok	functions/0005dad4_STG__UTime__InstallTimer.c	
0005dae8	STG::UTime::UTime	undefined __thiscall UTime(UTime * this)	ok	functions/0005dae8_STG__UTime__UTime.c	
0005db48	STG::UTime::GetCurrentTime_MS	undefined __stdcall GetCurrentTime_MS(void)	ok	functions/0005db48_STG__UTime__GetCurrentTime_MS.c	
0005dbcc	STG::UTime::GetCurrentTime_US	undefined __stdcall GetCurrentTime_US(void)	ok	functions/0005dbcc_STG__UTime__GetCurrentTime_US.c	
0005dc50	STG::UTime::GetStartTime_MS	undefined __stdcall GetStartTime_MS(void)	ok	functions/0005dc50_STG__UTime__GetStartTime_MS.c	
0005dc9c	STG::UTime::GetStartTime_US	undefined __stdcall GetStartTime_US(void)	ok	functions/0005dc9c_STG__UTime__GetStartTime_US.c	
0005dce8	STG::UTime::GetTime_Local	undefined __stdcall GetTime_Local(void)	ok	functions/0005dce8_STG__UTime__GetTime_Local.c	
0005dd80	STG::UTime::GetTime_UTC	undefined __stdcall GetTime_UTC(void)	ok	functions/0005dd80_STG__UTime__GetTime_UTC.c	
0005de18	STG::UTime::GetUTCOffset	undefined __thiscall GetUTCOffset(UTime * this, TimeStruct * param_1, TimeStruct * param_2)	ok	functions/0005de18_STG__UTime__GetUTCOffset.c	
0005de58	STG::UTime::GetUTCOffset	undefined __thiscall GetUTCOffset(UTime * this)	ok	functions/0005de58_STG__UTime__GetUTCOffset.c	
0005de94	STG::UTime::Sleep_MS	undefined __stdcall Sleep_MS(UTimeValue param_1)	ok	functions/0005de94_STG__UTime__Sleep_MS.c	
0005dea0	STG::UTime::ComputeSolarEvents	undefined __thiscall ComputeSolarEvents(UTime * this, long param_1, MLocation * param_2, MExplicitType * param_3, MExplicitType * param_4)	ok	functions/0005dea0_STG__UTime__ComputeSolarEvents.c	
0005e318	STG::UTime::ComputeSolarEvents	undefined __thiscall ComputeSolarEvents(UTime * this, TimeStruct * param_1, MLocation * param_2, MExplicitType * param_3, MExplicitType * param_4)	ok	functions/0005e318_STG__UTime__ComputeSolarEvents.c	
0005e320	STG::UTime::ComputeSolarEvents	undefined __thiscall ComputeSolarEvents(UTime * this, MLocation * param_1, MExplicitType * param_2, MExplicitType * param_3, long * param_4)	ok	functions/0005e320_STG__UTime__ComputeSolarEvents.c	
0005e378	STG::UResource::LoadAllResources	undefined __stdcall LoadAllResources(void)	ok	functions/0005e378_STG__UResource__LoadAllResources.c	
0005e3f0	STG::UResource::GetChildResourceCountRecurse	undefined __thiscall GetChildResourceCountRecurse(UResource * this)	ok	functions/0005e3f0_STG__UResource__GetChildResourceCountRecurse.c	
0005e45c	STG::UResource::GetSubFileCountRecurse	undefined __thiscall GetSubFileCountRecurse(UResource * this)	ok	functions/0005e45c_STG__UResource__GetSubFileCountRecurse.c	
0005e5d8	STG::UResource::LoadResources	undefined __thiscall LoadResources(UResource * this)	ok	functions/0005e5d8_STG__UResource__LoadResources.c	
0005e720	STG::UResource::~UResource	undefined __thiscall ~UResource(UResource * this)	ok	functions/0005e720_STG__UResource___UResource.c	
0005e7a0	STG::UResource::~UResource	undefined __thiscall ~UResource(UResource * this)	ok	functions/0005e7a0_STG__UResource___UResource.c	
0005e828	STG::UResource::LoadSelf	undefined __thiscall LoadSelf(UResource * this, FFileHash * param_1)	ok	functions/0005e828_STG__UResource__LoadSelf.c	
0005eac0	STG::UResource::GetAllUniqueSubFiles	undefined __thiscall GetAllUniqueSubFiles(UResource * this, UArrayFixed * param_1)	ok	functions/0005eac0_STG__UResource__GetAllUniqueSubFiles.c	
0005ee74	STG::UResource::GetAllSubFiles	undefined __thiscall GetAllSubFiles(UResource * this, UArrayFixed * param_1)	ok	functions/0005ee74_STG__UResource__GetAllSubFiles.c	
0005f498	STG::UPreferenceBase::SetListener	undefined __thiscall SetListener(UPreferenceBase * this, IListener * param_1)	ok	functions/0005f498_STG__UPreferenceBase__SetListener.c	
0005f4b0	STG::UPreference<STG::UStringBase<unsigned_short,unsigned_short>,true>::GetNumValues	undefined __thiscall GetNumValues(UPreference<STG::UStringBase<unsigned_short,unsigned_short>,true> * this)	ok	functions/0005f4b0_STG__UPreference_STG__UStringBase_unsigned_short_unsigned_short__true___GetNumValues.c	
0005f4b8	STG::UPreference<STG::UStringBase<unsigned_short,unsigned_short>,true>::GetNumSelectableValues	undefined __thiscall GetNumSelectableValues(UPreference<STG::UStringBase<unsigned_short,unsigned_short>,true> * this)	ok	functions/0005f4b8_STG__UPreference_STG__UStringBase_unsigned_short_unsigned_short__true___GetNumSelectableValues.c	
0005f4cc	STG::UPreference<STG::UStringBase<unsigned_short,unsigned_short>,true>::GetSelectedValueIndex	undefined __thiscall GetSelectedValueIndex(UPreference<STG::UStringBase<unsigned_short,unsigned_short>,true> * this)	ok	functions/0005f4cc_STG__UPreference_STG__UStringBase_unsigned_short_unsigned_short__true___GetSelectedValueIndex.c	
0005f4d4	STG::UPreference<STG::UStringBase<unsigned_short,unsigned_short>,true>::SetSelectedValueIndex	undefined __thiscall SetSelectedValueIndex(UPreference<STG::UStringBase<unsigned_short,unsigned_short>,true> * this, ulong param_1)	ok	functions/0005f4d4_STG__UPreference_STG__UStringBase_unsigned_short_unsigned_short__true___SetSelectedValueIndex.c	
0005f514	STG::UPreference<STG::UStringBase<unsigned_short,unsigned_short>,true>::GetSelectedValueByName	undefined __stdcall GetSelectedValueByName(UStringBase * param_1)	ok	functions/0005f514_STG__UPreference_STG__UStringBase_unsigned_short_unsigned_short__true___GetSelectedValueByName.c	
0005f530	STG::UPreference<STG::UStringBase<unsigned_short,unsigned_short>,true>::SetSelectedValue	undefined __thiscall SetSelectedValue(UPreference<STG::UStringBase<unsigned_short,unsigned_short>,true> * this, UStringBase * param_1)	ok	functions/0005f530_STG__UPreference_STG__UStringBase_unsigned_short_unsigned_short__true___SetSelectedValue.c	
0005f620	STG::UPreference<unsigned_long,true>::GetNumValues	undefined __thiscall GetNumValues(UPreference<unsigned_long,true> * this)	ok	functions/0005f620_STG__UPreference_unsigned_long_true___GetNumValues.c	
0005f628	STG::UPreference<unsigned_long,true>::GetNumSelectableValues	undefined __thiscall GetNumSelectableValues(UPreference<unsigned_long,true> * this)	ok	functions/0005f628_STG__UPreference_unsigned_long_true___GetNumSelectableValues.c	
0005f63c	STG::UPreference<unsigned_long,true>::GetSelectedValueIndex	undefined __thiscall GetSelectedValueIndex(UPreference<unsigned_long,true> * this)	ok	functions/0005f63c_STG__UPreference_unsigned_long_true___GetSelectedValueIndex.c	
0005f644	STG::UPreference<unsigned_long,true>::SetSelectedValueIndex	undefined __thiscall SetSelectedValueIndex(UPreference<unsigned_long,true> * this, ulong param_1)	ok	functions/0005f644_STG__UPreference_unsigned_long_true___SetSelectedValueIndex.c	
0005f684	STG::UPreference<unsigned_long,true>::GetSelectedValueByName	undefined __stdcall GetSelectedValueByName(UStringBase * param_1)	ok	functions/0005f684_STG__UPreference_unsigned_long_true___GetSelectedValueByName.c	
0005f6a0	STG::UPreference<unsigned_long,true>::SetSelectedValue	undefined __thiscall SetSelectedValue(UPreference<unsigned_long,true> * this, ulong * param_1)	ok	functions/0005f6a0_STG__UPreference_unsigned_long_true___SetSelectedValue.c	
0005f70c	STG::UPreference<bool,true>::GetNumValues	undefined __thiscall GetNumValues(UPreference<bool,true> * this)	ok	functions/0005f70c_STG__UPreference_bool_true___GetNumValues.c	
0005f714	STG::UPreference<bool,true>::GetNumSelectableValues	undefined __thiscall GetNumSelectableValues(UPreference<bool,true> * this)	ok	functions/0005f714_STG__UPreference_bool_true___GetNumSelectableValues.c	
0005f728	STG::UPreference<bool,true>::GetSelectedValueIndex	undefined __thiscall GetSelectedValueIndex(UPreference<bool,true> * this)	ok	functions/0005f728_STG__UPreference_bool_true___GetSelectedValueIndex.c	
0005f730	STG::UPreference<bool,true>::SetSelectedValueIndex	undefined __thiscall SetSelectedValueIndex(UPreference<bool,true> * this, ulong param_1)	ok	functions/0005f730_STG__UPreference_bool_true___SetSelectedValueIndex.c	
0005f770	STG::UPreference<bool,true>::GetSelectedValueByName	undefined __stdcall GetSelectedValueByName(UStringBase * param_1)	ok	functions/0005f770_STG__UPreference_bool_true___GetSelectedValueByName.c	
0005f78c	STG::UPreference<bool,true>::SetSelectedValue	undefined __thiscall SetSelectedValue(UPreference<bool,true> * this, bool * param_1)	ok	functions/0005f78c_STG__UPreference_bool_true___SetSelectedValue.c	
0005f7f8	STG::UPreferenceBase::GetShouldReflect	undefined __thiscall GetShouldReflect(UPreferenceBase * this)	ok	functions/0005f7f8_STG__UPreferenceBase__GetShouldReflect.c	
0005f918	STG::UPreferenceBase::~UPreferenceBase	undefined __thiscall ~UPreferenceBase(UPreferenceBase * this)	ok	functions/0005f918_STG__UPreferenceBase___UPreferenceBase.c	
0005fa3c	STG::UPreference<bool,true>::~UPreference	undefined __thiscall ~UPreference(UPreference<bool,true> * this)	ok	functions/0005fa3c_STG__UPreference_bool_true____UPreference.c	
0005fa80	STG::UPreference<unsigned_long,true>::~UPreference	undefined __thiscall ~UPreference(UPreference<unsigned_long,true> * this)	ok	functions/0005fa80_STG__UPreference_unsigned_long_true____UPreference.c	
0005fac4	STG::UPreference<STG::UStringBase<unsigned_short,unsigned_short>,true>::~UPreference	undefined __thiscall ~UPreference(UPreference<STG::UStringBase<unsigned_short,unsigned_short>,true> * this)	ok	functions/0005fac4_STG__UPreference_STG__UStringBase_unsigned_short_unsigned_short__true____UPreference.c	
0005fb4c	STG::UPreferenceBase::~UPreferenceBase	undefined __thiscall ~UPreferenceBase(UPreferenceBase * this)	ok	functions/0005fb4c_STG__UPreferenceBase___UPreferenceBase.c	
0005fb68	STG::UPreference_Uint32::~UPreference_Uint32	undefined __thiscall ~UPreference_Uint32(UPreference_Uint32 * this)	ok	functions/0005fb68_STG__UPreference_Uint32___UPreference_Uint32.c	
0005fbb4	STG::UPreference_Uint32::~UPreference_Uint32	undefined __thiscall ~UPreference_Uint32(UPreference_Uint32 * this)	ok	functions/0005fbb4_STG__UPreference_Uint32___UPreference_Uint32.c	
0005fbf8	STG::UPreference<unsigned_long,true>::~UPreference	undefined __thiscall ~UPreference(UPreference<unsigned_long,true> * this)	ok	functions/0005fbf8_STG__UPreference_unsigned_long_true____UPreference.c	
0005fc44	STG::UPreference<bool,true>::~UPreference	undefined __thiscall ~UPreference(UPreference<bool,true> * this)	ok	functions/0005fc44_STG__UPreference_bool_true____UPreference.c	
0005fc90	STG::UPreference_Bool::~UPreference_Bool	undefined __thiscall ~UPreference_Bool(UPreference_Bool * this)	ok	functions/0005fc90_STG__UPreference_Bool___UPreference_Bool.c	
0005fcd4	STG::UPreference_Bool::~UPreference_Bool	undefined __thiscall ~UPreference_Bool(UPreference_Bool * this)	ok	functions/0005fcd4_STG__UPreference_Bool___UPreference_Bool.c	
0005fd20	STG::UPreference_WideString::~UPreference_WideString	undefined __thiscall ~UPreference_WideString(UPreference_WideString * this)	ok	functions/0005fd20_STG__UPreference_WideString___UPreference_WideString.c	
0005fda8	STG::UPreference_WideString::~UPreference_WideString	undefined __thiscall ~UPreference_WideString(UPreference_WideString * this)	ok	functions/0005fda8_STG__UPreference_WideString___UPreference_WideString.c	
0005fe38	STG::UPreference<STG::UStringBase<unsigned_short,unsigned_short>,true>::~UPreference	undefined __thiscall ~UPreference(UPreference<STG::UStringBase<unsigned_short,unsigned_short>,true> * this)	ok	functions/0005fe38_STG__UPreference_STG__UStringBase_unsigned_short_unsigned_short__true____UPreference.c	
0005fec8	STG::UPreference_String::~UPreference_String	undefined __thiscall ~UPreference_String(UPreference_String * this)	ok	functions/0005fec8_STG__UPreference_String___UPreference_String.c	
0005ff50	STG::UPreference_String::~UPreference_String	undefined __thiscall ~UPreference_String(UPreference_String * this)	ok	functions/0005ff50_STG__UPreference_String___UPreference_String.c	
0005ffe0	STG::UPreference<STG::UStringBase<unsigned_short,unsigned_short>,true>::SetSelectedValueByName	undefined __thiscall SetSelectedValueByName(UPreference<STG::UStringBase<unsigned_short,unsigned_short>,true> * this, UStringBase * param_1)	ok	functions/0005ffe0_STG__UPreference_STG__UStringBase_unsigned_short_unsigned_short__true___SetSelectedValueByName.c	
00060130	STG::UPreference<bool,true>::IsValueValid	undefined __thiscall IsValueValid(UPreference<bool,true> * this, UStringBase * param_1)	ok	functions/00060130_STG__UPreference_bool_true___IsValueValid.c	
00060264	STG::UPreference<bool,true>::SetSelectedValueByName	undefined __thiscall SetSelectedValueByName(UPreference<bool,true> * this, UStringBase * param_1)	ok	functions/00060264_STG__UPreference_bool_true___SetSelectedValueByName.c	
000603b4	STG::UPreference<unsigned_long,true>::IsValueValid	undefined __thiscall IsValueValid(UPreference<unsigned_long,true> * this, UStringBase * param_1)	ok	functions/000603b4_STG__UPreference_unsigned_long_true___IsValueValid.c	
000604e8	STG::UPreference<unsigned_long,true>::SetSelectedValueByName	undefined __thiscall SetSelectedValueByName(UPreference<unsigned_long,true> * this, UStringBase * param_1)	ok	functions/000604e8_STG__UPreference_unsigned_long_true___SetSelectedValueByName.c	
00060638	STG::UPreference<STG::UStringBase<unsigned_short,unsigned_short>,true>::IsValueValid	undefined __thiscall IsValueValid(UPreference<STG::UStringBase<unsigned_short,unsigned_short>,true> * this, UStringBase * param_1)	ok	functions/00060638_STG__UPreference_STG__UStringBase_unsigned_short_unsigned_short__true___IsValueValid.c	
0006076c	STG::UPreferenceBase::UPreferenceBase	undefined __thiscall UPreferenceBase(UPreferenceBase * this)	ok	functions/0006076c_STG__UPreferenceBase__UPreferenceBase.c	
00060800	STG::UStringBase<char,int>::Replace	undefined __thiscall Replace(UStringBase<char,int> * this, UStringBase * param_1, UStringBase * param_2)	ok	functions/00060800_STG__UStringBase_char_int___Replace.c	
00060e68	STG::UPreference_WideString::PrintValue	undefined __thiscall PrintValue(UPreference_WideString * this, ulong param_1, UStringBase * param_2)	ok	functions/00060e68_STG__UPreference_WideString__PrintValue.c	
0006105c	STG::UPreference_String::PrintValue	undefined __thiscall PrintValue(UPreference_String * this, ulong param_1, UStringBase * param_2)	ok	functions/0006105c_STG__UPreference_String__PrintValue.c	
00061118	STG::UPreference_Uint32::PrintValue	undefined __thiscall PrintValue(UPreference_Uint32 * this, ulong param_1, UStringBase * param_2)	ok	functions/00061118_STG__UPreference_Uint32__PrintValue.c	
0006130c	STG::UPreference_Bool::PrintValue	undefined __thiscall PrintValue(UPreference_Bool * this, ulong param_1, UStringBase * param_2)	ok	functions/0006130c_STG__UPreference_Bool__PrintValue.c	
00061524	STG::UPreferenceBase::GenerateDefaultKey	undefined __thiscall GenerateDefaultKey(UPreferenceBase * this)	ok	functions/00061524_STG__UPreferenceBase__GenerateDefaultKey.c	
000619fc	STG::UPreferenceBase::Initialize	undefined __thiscall Initialize(UPreferenceBase * this, UStringBase * param_1, UStringBase * param_2, UStringBase * param_3)	ok	functions/000619fc_STG__UPreferenceBase__Initialize.c	
00061c34	STG::UPreference<STG::UStringBase<unsigned_short,unsigned_short>,true>::Initialize	undefined __thiscall Initialize(UPreference<STG::UStringBase<unsigned_short,unsigned_short>,true> * this, UStringBase * param_1, UStringBase * param_2, UStringBase * param_3, ulong param_4)	ok	functions/00061c34_STG__UPreference_STG__UStringBase_unsigned_short_unsigned_short__true___Initialize.c	
00061cc4	STG::UPreference<unsigned_long,true>::Initialize	undefined __thiscall Initialize(UPreference<unsigned_long,true> * this, UStringBase * param_1, UStringBase * param_2, UStringBase * param_3, ulong param_4)	ok	functions/00061cc4_STG__UPreference_unsigned_long_true___Initialize.c	
00061cf4	STG::UPreference<bool,true>::Initialize	undefined __thiscall Initialize(UPreference<bool,true> * this, UStringBase * param_1, UStringBase * param_2, UStringBase * param_3, ulong param_4)	ok	functions/00061cf4_STG__UPreference_bool_true___Initialize.c	
00061d20	STG::UPreference_WideString::Initialize	undefined __thiscall Initialize(UPreference_WideString * this, UStringBase * param_1, UStringBase * param_2, UStringBase * param_3, ulong param_4)	ok	functions/00061d20_STG__UPreference_WideString__Initialize.c	
00061db0	STG::UPreference_String::Initialize	undefined __thiscall Initialize(UPreference_String * this, UStringBase * param_1, UStringBase * param_2, UStringBase * param_3, ulong param_4)	ok	functions/00061db0_STG__UPreference_String__Initialize.c	
00061e44	STG::UPreference_Bool::Initialize	undefined __thiscall Initialize(UPreference_Bool * this, UStringBase * param_1, UStringBase * param_2, UStringBase * param_3, bool param_4)	ok	functions/00061e44_STG__UPreference_Bool__Initialize.c	
00061e84	STG::UPreference_Uint32::Initialize	undefined __thiscall Initialize(UPreference_Uint32 * this, UStringBase * param_1, UStringBase * param_2, UStringBase * param_3, ulong param_4)	ok	functions/00061e84_STG__UPreference_Uint32__Initialize.c	
00061eb4	FUN_00061eb4	undefined FUN_00061eb4(void)	ok	functions/00061eb4_FUN_00061eb4.c	
00062944	STG::UPreferenceBase::SetShouldReflect	undefined __thiscall SetShouldReflect(UPreferenceBase * this, bool param_1)	ok	functions/00062944_STG__UPreferenceBase__SetShouldReflect.c	
0006297c	_INIT_3	undefined _INIT_3(void)	ok	functions/0006297c__INIT_3.c	
000629f8	STG::UPreference_Environment::~UPreference_Environment	undefined __thiscall ~UPreference_Environment(UPreference_Environment * this)	ok	functions/000629f8_STG__UPreference_Environment___UPreference_Environment.c	
00062a88	STG::UPreference_Environment::~UPreference_Environment	undefined __thiscall ~UPreference_Environment(UPreference_Environment * this)	ok	functions/00062a88_STG__UPreference_Environment___UPreference_Environment.c	
00062b10	STG::UPreference_Environment::Initialize	undefined __thiscall Initialize(UPreference_Environment * this, UStringBase * param_1, UStringBase * param_2, UStringBase * param_3, ulong param_4)	ok	functions/00062b10_STG__UPreference_Environment__Initialize.c	
00062ba4	STG::UPreference_Environment::GetKeyPrefix	undefined __thiscall GetKeyPrefix(UPreference_Environment * this, UStringBase * param_1)	ok	functions/00062ba4_STG__UPreference_Environment__GetKeyPrefix.c	
00062d20	STG::UPreference_FileChooser::~UPreference_FileChooser	undefined __thiscall ~UPreference_FileChooser(UPreference_FileChooser * this)	ok	functions/00062d20_STG__UPreference_FileChooser___UPreference_FileChooser.c	
00062da8	STG::UPreference_FileChooser_Texture::~UPreference_FileChooser_Texture	undefined __thiscall ~UPreference_FileChooser_Texture(UPreference_FileChooser_Texture * this)	ok	functions/00062da8_STG__UPreference_FileChooser_Texture___UPreference_FileChooser_Texture.c	
00062dd0	STG::UPreference_FileChooser_Texture::~UPreference_FileChooser_Texture	undefined __thiscall ~UPreference_FileChooser_Texture(UPreference_FileChooser_Texture * this)	ok	functions/00062dd0_STG__UPreference_FileChooser_Texture___UPreference_FileChooser_Texture.c	
00062dec	STG::UPreference_FileChooser::~UPreference_FileChooser	undefined __thiscall ~UPreference_FileChooser(UPreference_FileChooser * this)	ok	functions/00062dec_STG__UPreference_FileChooser___UPreference_FileChooser.c	
00062e08	STG::UPreference_FileChooser::Initialize	undefined __thiscall Initialize(UPreference_FileChooser * this, UStringBase * param_1, UStringBase * param_2, UStringBase * param_3)	ok	functions/00062e08_STG__UPreference_FileChooser__Initialize.c	
00062e9c	STG::UPreference_FileChooser_Texture::Initialize	undefined __thiscall Initialize(UPreference_FileChooser_Texture * this, ulong param_1, ulong param_2, UStringBase * param_3, UStringBase * param_4, UStringBase * param_5)	ok	functions/00062e9c_STG__UPreference_FileChooser_Texture__Initialize.c	
00062ebc	STG::UPreference_FileChooser::UPreference_FileChooser	undefined __thiscall UPreference_FileChooser(UPreference_FileChooser * this)	ok	functions/00062ebc_STG__UPreference_FileChooser__UPreference_FileChooser.c	
00062ef4	STG::UPreference_FileChooser_Texture::UPreference_FileChooser_Texture	undefined __thiscall UPreference_FileChooser_Texture(UPreference_FileChooser_Texture * this)	ok	functions/00062ef4_STG__UPreference_FileChooser_Texture__UPreference_FileChooser_Texture.c	
00062f2c	STG::UPreference_FileChooser_Texture::GetKeySuffix	undefined __thiscall GetKeySuffix(UPreference_FileChooser_Texture * this, UStringBase * param_1)	ok	functions/00062f2c_STG__UPreference_FileChooser_Texture__GetKeySuffix.c	
00062fbc	STG::UPreference_FileChooser::GetKeyPrefix	undefined __thiscall GetKeyPrefix(UPreference_FileChooser * this, UStringBase * param_1)	ok	functions/00062fbc_STG__UPreference_FileChooser__GetKeyPrefix.c	
00063138	STG::UPreference_FileChooser_Texture::GetKeyPrefix	undefined __thiscall GetKeyPrefix(UPreference_FileChooser_Texture * this, UStringBase * param_1)	ok	functions/00063138_STG__UPreference_FileChooser_Texture__GetKeyPrefix.c	
000632ac	STG::UPreference_IAB::~UPreference_IAB	undefined __thiscall ~UPreference_IAB(UPreference_IAB * this)	ok	functions/000632ac_STG__UPreference_IAB___UPreference_IAB.c	
000633c0	STG::UPreference_IAB::~UPreference_IAB	undefined __thiscall ~UPreference_IAB(UPreference_IAB * this)	ok	functions/000633c0_STG__UPreference_IAB___UPreference_IAB.c	
000634cc	STG::UPreference_IAB::Initialize	undefined __thiscall Initialize(UPreference_IAB * this, UStringBase * param_1, UStringBase * param_2, UStringBase * param_3, ulong param_4)	ok	functions/000634cc_STG__UPreference_IAB__Initialize.c	
000635c8	STG::UPreference_IAB::PrintValue	undefined __thiscall PrintValue(UPreference_IAB * this, ulong param_1, UStringBase * param_2)	ok	functions/000635c8_STG__UPreference_IAB__PrintValue.c	
0006364c	STG::UPreference_IAB::GetKeyPrefix	undefined __thiscall GetKeyPrefix(UPreference_IAB * this, UStringBase * param_1)	ok	functions/0006364c_STG__UPreference_IAB__GetKeyPrefix.c	
00063794	STG::UPreference_ModelSwap::~UPreference_ModelSwap	undefined __thiscall ~UPreference_ModelSwap(UPreference_ModelSwap * this)	ok	functions/00063794_STG__UPreference_ModelSwap___UPreference_ModelSwap.c	
000638a8	STG::UPreference_ModelSwap::~UPreference_ModelSwap	undefined __thiscall ~UPreference_ModelSwap(UPreference_ModelSwap * this)	ok	functions/000638a8_STG__UPreference_ModelSwap___UPreference_ModelSwap.c	
000638c4	STG::UPreference_ModelSwap::Initialize	undefined __thiscall Initialize(UPreference_ModelSwap * this, ulong param_1, UStringBase * param_2, UStringBase * param_3, UStringBase * param_4, ulong param_5)	ok	functions/000638c4_STG__UPreference_ModelSwap__Initialize.c	
00063aa0	STG::UPreference_ModelSwap::UPreference_ModelSwap	undefined __thiscall UPreference_ModelSwap(UPreference_ModelSwap * this)	ok	functions/00063aa0_STG__UPreference_ModelSwap__UPreference_ModelSwap.c	
00063af0	STG::UPreference_ModelSwap::GetModelIndices	undefined __thiscall GetModelIndices(UPreference_ModelSwap * this, ulong param_1, ulong * * param_2, ulong * param_3)	ok	functions/00063af0_STG__UPreference_ModelSwap__GetModelIndices.c	
00063b1c	STG::UPreference_ModelSwap::SetModelCount	undefined __thiscall SetModelCount(UPreference_ModelSwap * this, ulong param_1, ulong param_2)	ok	functions/00063b1c_STG__UPreference_ModelSwap__SetModelCount.c	
00063b4c	STG::UPreference_ModelSwap::SetModelIndex	undefined __thiscall SetModelIndex(UPreference_ModelSwap * this, ulong param_1, ulong param_2, ulong param_3)	ok	functions/00063b4c_STG__UPreference_ModelSwap__SetModelIndex.c	
00063b64	STG::UPreference_ModelSwap::GetKeyPrefix	undefined __thiscall GetKeyPrefix(UPreference_ModelSwap * this, UStringBase * param_1)	ok	functions/00063b64_STG__UPreference_ModelSwap__GetKeyPrefix.c	
00063cc4	STG::UPreference_ModelToggle::Initialize	undefined __thiscall Initialize(UPreference_ModelToggle * this, ulong param_1, UStringBase * param_2, UStringBase * param_3, UStringBase * param_4, bool param_5)	ok	functions/00063cc4_STG__UPreference_ModelToggle__Initialize.c	
00063d80	STG::UPreference_ModelToggle::~UPreference_ModelToggle	undefined __thiscall ~UPreference_ModelToggle(UPreference_ModelToggle * this)	ok	functions/00063d80_STG__UPreference_ModelToggle___UPreference_ModelToggle.c	
00063e00	STG::UPreference_ModelToggle::~UPreference_ModelToggle	undefined __thiscall ~UPreference_ModelToggle(UPreference_ModelToggle * this)	ok	functions/00063e00_STG__UPreference_ModelToggle___UPreference_ModelToggle.c	
00063e1c	STG::UPreference_ModelToggle::UPreference_ModelToggle	undefined __thiscall UPreference_ModelToggle(UPreference_ModelToggle * this)	ok	functions/00063e1c_STG__UPreference_ModelToggle__UPreference_ModelToggle.c	
00063e5c	STG::UPreference_ModelToggle::GetKeyPrefix	undefined __thiscall GetKeyPrefix(UPreference_ModelToggle * this, UStringBase * param_1)	ok	functions/00063e5c_STG__UPreference_ModelToggle__GetKeyPrefix.c	
00063fd8	FUN_00063fd8	undefined FUN_00063fd8(void)	ok	functions/00063fd8_FUN_00063fd8.c	
000640a4	STG::UPreference_CameraSet::~UPreference_CameraSet	undefined __thiscall ~UPreference_CameraSet(UPreference_CameraSet * this)	ok	functions/000640a4_STG__UPreference_CameraSet___UPreference_CameraSet.c	
0006412c	STG::UPreference_CameraSet::~UPreference_CameraSet	undefined __thiscall ~UPreference_CameraSet(UPreference_CameraSet * this)	ok	functions/0006412c_STG__UPreference_CameraSet___UPreference_CameraSet.c	
000641bc	STG::UPreference_CameraSet::Initialize	undefined __thiscall Initialize(UPreference_CameraSet * this, UStringBase * param_1, UStringBase * param_2, UStringBase * param_3, ulong param_4)	ok	functions/000641bc_STG__UPreference_CameraSet__Initialize.c	
00064250	STG::UPreference_Scene::UPreference_Scene	undefined __thiscall UPreference_Scene(UPreference_Scene * this)	ok	functions/00064250_STG__UPreference_Scene__UPreference_Scene.c	
000642e0	STG::UPreference_Scene::~UPreference_Scene	undefined __thiscall ~UPreference_Scene(UPreference_Scene * this)	ok	functions/000642e0_STG__UPreference_Scene___UPreference_Scene.c	
00064960	STG::UPreference_Scene::InitializeAutoTimeOfDay	undefined __stdcall InitializeAutoTimeOfDay(void)	ok	functions/00064960_STG__UPreference_Scene__InitializeAutoTimeOfDay.c	
00064a84	STG::UPreference_Scene::Initialize	undefined __thiscall Initialize(UPreference_Scene * this, InitData * param_1)	ok	functions/00064a84_STG__UPreference_Scene__Initialize.c	
0006549c	STG::UPreference_Scene::InitializeMultiPrefs	undefined __thiscall InitializeMultiPrefs(UPreference_Scene * this, ulong param_1)	ok	functions/0006549c_STG__UPreference_Scene__InitializeMultiPrefs.c	
000656c0	STG::UPreference_Scene::GetNumMultiPrefs	undefined __thiscall GetNumMultiPrefs(UPreference_Scene * this)	ok	functions/000656c0_STG__UPreference_Scene__GetNumMultiPrefs.c	
000656c8	STG::UPreference_Scene::GetTimeOfDay	undefined __thiscall GetTimeOfDay(UPreference_Scene * this, ResultData * param_1, GETimeOfDay * param_2)	ok	functions/000656c8_STG__UPreference_Scene__GetTimeOfDay.c	
000657b8	STG::UPreference_Scene::SetTimeOfDay	undefined __thiscall SetTimeOfDay(UPreference_Scene * this, EPhase param_1)	ok	functions/000657b8_STG__UPreference_Scene__SetTimeOfDay.c	
00065810	STG::ReflectPreference<STG::UPreference_ModelToggle>	bool __stdcall ReflectPreference<STG::UPreference_ModelToggle>(FFileBase * param_1, UPreference_ModelToggle * param_2, bool param_3)	ok	functions/00065810_STG__ReflectPreference_STG__UPreference_ModelToggle_.c	
00065a04	STG::ReflectPreference<STG::UPreference_TextureFont>	bool __thiscall ReflectPreference<STG::UPreference_TextureFont>(STG * this, FFileBase * param_1, UPreference_TextureFont * param_2, bool param_3)	ok	functions/00065a04_STG__ReflectPreference_STG__UPreference_TextureFont_.c	
00065b10	STG::ReflectPreference<STG::UPreference_FileChooser_Texture>	bool __thiscall ReflectPreference<STG::UPreference_FileChooser_Texture>(STG * this, FFileBase * param_1, UPreference_FileChooser_Texture * param_2, bool param_3)	ok	functions/00065b10_STG__ReflectPreference_STG__UPreference_FileChooser_Texture_.c	
00065c1c	STG::UPreference_Scene::ReflectToFile	undefined __thiscall ReflectToFile(UPreference_Scene * this, char * param_1)	ok	functions/00065c1c_STG__UPreference_Scene__ReflectToFile.c	
00068004	STG::UPreference_Scene::GatherPreferencesByType	undefined __thiscall GatherPreferencesByType(UPreference_Scene * this, EPreferenceType param_1, UArrayFixed * param_2)	ok	functions/00068004_STG__UPreference_Scene__GatherPreferencesByType.c	
00068934	STG::UStringBase<unsigned_short,unsigned_short>::Trim	undefined __thiscall Trim(UStringBase<unsigned_short,unsigned_short> * this)	ok	functions/00068934_STG__UStringBase_unsigned_short_unsigned_short___Trim.c	
00068bb8	STG::UStringBase<char,int>::IsEqual	undefined __thiscall IsEqual(UStringBase<char,int> * this, UStringBase * param_1)	ok	functions/00068bb8_STG__UStringBase_char_int___IsEqual.c	
00068c10	STG::UPreference_Scene::FindPreference	undefined __thiscall FindPreference(UPreference_Scene * this, UStringBase * param_1)	ok	functions/00068c10_STG__UPreference_Scene__FindPreference.c	
0006900c	STG::UPreference_Scene::OnSelection	undefined __thiscall OnSelection(UPreference_Scene * this, UStringBase * param_1, ulong param_2)	ok	functions/0006900c_STG__UPreference_Scene__OnSelection.c	
000690bc	STG::UPreference_Scene::FindPreference	undefined __thiscall FindPreference(UPreference_Scene * this, UStringBase * param_1)	ok	functions/000690bc_STG__UPreference_Scene__FindPreference.c	
00069a94	STG::UPreference_Scene::GetPreferenceType	undefined __thiscall GetPreferenceType(UPreference_Scene * this, UPreferenceBase * param_1)	ok	functions/00069a94_STG__UPreference_Scene__GetPreferenceType.c	
00069aa8	STG::UPreference_Scene::GetPreferenceType	undefined __thiscall GetPreferenceType(UPreference_Scene * this, UStringBase * param_1)	ok	functions/00069aa8_STG__UPreference_Scene__GetPreferenceType.c	
00069ac4	STG::UPreference_Scene::GetIsValidMultiPref	undefined __thiscall GetIsValidMultiPref(UPreference_Scene * this, UStringBase * param_1, UStringBase * param_2)	ok	functions/00069ac4_STG__UPreference_Scene__GetIsValidMultiPref.c	
00069e14	STG::UPreference_Scene::SetValueByKey	undefined __thiscall SetValueByKey(UPreference_Scene * this, EPreferenceType param_1, UStringBase * param_2, UStringBase * param_3)	ok	functions/00069e14_STG__UPreference_Scene__SetValueByKey.c	
0006a3e0	STG::UPreference_CameraSet::GetKeyPrefix	undefined __thiscall GetKeyPrefix(UPreference_CameraSet * this, UStringBase * param_1)	ok	functions/0006a3e0_STG__UPreference_CameraSet__GetKeyPrefix.c	
0006a540	STG::UPreference_Scene::SetMultiPref	undefined __thiscall SetMultiPref(UPreference_Scene * this, ulong param_1, UStringBase * param_2, UStringBase * param_3)	ok	functions/0006a540_STG__UPreference_Scene__SetMultiPref.c	
0006a70c	STG::UPreference_TextureFont::SetUserMessage	undefined __thiscall SetUserMessage(UPreference_TextureFont * this, UStringBase * param_1)	ok	functions/0006a70c_STG__UPreference_TextureFont__SetUserMessage.c	
0006a8f8	STG::UPreference_Scene::SetValueByKey	undefined __thiscall SetValueByKey(UPreference_Scene * this, EPreferenceType param_1, UStringBase * param_2, UStringBase * param_3)	ok	functions/0006a8f8_STG__UPreference_Scene__SetValueByKey.c	
0006a99c	STG::UPreference_TextureFont::GetShouldReflect	undefined __thiscall GetShouldReflect(UPreference_TextureFont * this)	ok	functions/0006a99c_STG__UPreference_TextureFont__GetShouldReflect.c	
0006a9b4	STG::UPreference_TextureFont::~UPreference_TextureFont	undefined __thiscall ~UPreference_TextureFont(UPreference_TextureFont * this)	ok	functions/0006a9b4_STG__UPreference_TextureFont___UPreference_TextureFont.c	
0006aa3c	STG::UPreference_TextureFont::~UPreference_TextureFont	undefined __thiscall ~UPreference_TextureFont(UPreference_TextureFont * this)	ok	functions/0006aa3c_STG__UPreference_TextureFont___UPreference_TextureFont.c	
0006aa58	STG::UPreference_TextureFont::Initialize	undefined __thiscall Initialize(UPreference_TextureFont * this, ulong param_1, bool param_2, UStringBase * param_3, UStringBase * param_4, UStringBase * param_5)	ok	functions/0006aa58_STG__UPreference_TextureFont__Initialize.c	
0006ab14	STG::UPreference_TextureFont::UPreference_TextureFont	undefined __thiscall UPreference_TextureFont(UPreference_TextureFont * this)	ok	functions/0006ab14_STG__UPreference_TextureFont__UPreference_TextureFont.c	
0006ab58	STG::UPreference_TextureFont::GetKeyPrefix	undefined __thiscall GetKeyPrefix(UPreference_TextureFont * this, UStringBase * param_1)	ok	functions/0006ab58_STG__UPreference_TextureFont__GetKeyPrefix.c	
0006acd4	STG::UPreference_TextureGroup::SetSelectedValueIndex	undefined __thiscall SetSelectedValueIndex(UPreference_TextureGroup * this, ulong param_1)	ok	functions/0006acd4_STG__UPreference_TextureGroup__SetSelectedValueIndex.c	
0006ad54	STG::UPreference_TextureSwap::~UPreference_TextureSwap	undefined __thiscall ~UPreference_TextureSwap(UPreference_TextureSwap * this)	ok	functions/0006ad54_STG__UPreference_TextureSwap___UPreference_TextureSwap.c	
0006addc	STG::UPreference_TextureSwap::~UPreference_TextureSwap	undefined __thiscall ~UPreference_TextureSwap(UPreference_TextureSwap * this)	ok	functions/0006addc_STG__UPreference_TextureSwap___UPreference_TextureSwap.c	
0006adf8	STG::UPreference_TextureGroup::~UPreference_TextureGroup	undefined __thiscall ~UPreference_TextureGroup(UPreference_TextureGroup * this)	ok	functions/0006adf8_STG__UPreference_TextureGroup___UPreference_TextureGroup.c	
0006aee4	STG::UPreference_TextureGroup::~UPreference_TextureGroup	undefined __thiscall ~UPreference_TextureGroup(UPreference_TextureGroup * this)	ok	functions/0006aee4_STG__UPreference_TextureGroup___UPreference_TextureGroup.c	
0006af00	STG::UPreference_TextureGroup::Initialize	undefined __thiscall Initialize(UPreference_TextureGroup * this, ulong param_1, UStringBase * param_2, UStringBase * param_3, UStringBase * param_4, ulong param_5)	ok	functions/0006af00_STG__UPreference_TextureGroup__Initialize.c	
0006b08c	STG::UPreference_TextureSwap::Initialize	undefined __thiscall Initialize(UPreference_TextureSwap * this, ulong param_1, UStringBase * param_2, UStringBase * param_3, UStringBase * param_4, ulong param_5)	ok	functions/0006b08c_STG__UPreference_TextureSwap__Initialize.c	
0006b13c	STG::UPreference_TextureSwap::UPreference_TextureSwap	undefined __thiscall UPreference_TextureSwap(UPreference_TextureSwap * this)	ok	functions/0006b13c_STG__UPreference_TextureSwap__UPreference_TextureSwap.c	
0006b17c	STG::UPreference_TextureGroup::UPreference_TextureGroup	undefined __thiscall UPreference_TextureGroup(UPreference_TextureGroup * this)	ok	functions/0006b17c_STG__UPreference_TextureGroup__UPreference_TextureGroup.c	
0006b1c4	STG::UPreference_TextureGroup::SetChild	undefined __thiscall SetChild(UPreference_TextureGroup * this, ulong param_1, UPreference_TextureSwap * param_2)	ok	functions/0006b1c4_STG__UPreference_TextureGroup__SetChild.c	
0006b1d0	STG::UPreference_TextureGroup::SetChildID	undefined __thiscall SetChildID(UPreference_TextureGroup * this, ulong param_1, ulong param_2)	ok	functions/0006b1d0_STG__UPreference_TextureGroup__SetChildID.c	
0006b1dc	STG::UPreference_TextureSwap::GetKeyPrefix	undefined __thiscall GetKeyPrefix(UPreference_TextureSwap * this, UStringBase * param_1)	ok	functions/0006b1dc_STG__UPreference_TextureSwap__GetKeyPrefix.c	
0006b358	STG::UPreference_TextureGroup::GetKeyPrefix	undefined __thiscall GetKeyPrefix(UPreference_TextureGroup * this, UStringBase * param_1)	ok	functions/0006b358_STG__UPreference_TextureGroup__GetKeyPrefix.c	
0006b4a8	STG::UPreference_Theme::GetNumSelectableValues	undefined __stdcall GetNumSelectableValues(void)	ok	functions/0006b4a8_STG__UPreference_Theme__GetNumSelectableValues.c	
0006b4b0	STG::UPreference_Theme::~UPreference_Theme	undefined __thiscall ~UPreference_Theme(UPreference_Theme * this)	ok	functions/0006b4b0_STG__UPreference_Theme___UPreference_Theme.c	
0006b5c4	STG::UPreference_Theme::~UPreference_Theme	undefined __thiscall ~UPreference_Theme(UPreference_Theme * this)	ok	functions/0006b5c4_STG__UPreference_Theme___UPreference_Theme.c	
0006b6d0	STG::UPreference_Theme::Initialize	undefined __thiscall Initialize(UPreference_Theme * this, UStringBase * param_1, UStringBase * param_2, UStringBase * param_3, ulong param_4)	ok	functions/0006b6d0_STG__UPreference_Theme__Initialize.c	
0006b7c0	STG::UPreference_Theme::PrintValue	undefined __thiscall PrintValue(UPreference_Theme * this, ulong param_1, UStringBase * param_2)	ok	functions/0006b7c0_STG__UPreference_Theme__PrintValue.c	
0006b844	STG::UPreference_Theme::GetKeyPrefix	undefined __thiscall GetKeyPrefix(UPreference_Theme * this, UStringBase * param_1)	ok	functions/0006b844_STG__UPreference_Theme__GetKeyPrefix.c	
0006b998	STG::UPreference_TimeOfDay::SetSelectedValueByName	undefined __thiscall SetSelectedValueByName(UPreference_TimeOfDay * this, UStringBase * param_1)	ok	functions/0006b998_STG__UPreference_TimeOfDay__SetSelectedValueByName.c	
0006b9e8	STG::UPreference_TimeOfDay_Auto::GetShouldReflect	undefined __thiscall GetShouldReflect(UPreference_TimeOfDay_Auto * this)	ok	functions/0006b9e8_STG__UPreference_TimeOfDay_Auto__GetShouldReflect.c	
0006ba18	STG::UPreference_TimeOfDay::GetShouldReflect	undefined __thiscall GetShouldReflect(UPreference_TimeOfDay * this)	ok	functions/0006ba18_STG__UPreference_TimeOfDay__GetShouldReflect.c	
0006ba4c	STG::UPreference_TimeOfDay::Initialize	undefined __thiscall Initialize(UPreference_TimeOfDay * this, UStringBase * param_1, UStringBase * param_2, UStringBase * param_3, ulong param_4)	ok	functions/0006ba4c_STG__UPreference_TimeOfDay__Initialize.c	
0006ba7c	STG::UPreference_TimeOfDay::~UPreference_TimeOfDay	undefined __thiscall ~UPreference_TimeOfDay(UPreference_TimeOfDay * this)	ok	functions/0006ba7c_STG__UPreference_TimeOfDay___UPreference_TimeOfDay.c	
0006bac0	STG::UPreference_TimeOfDay::~UPreference_TimeOfDay	undefined __thiscall ~UPreference_TimeOfDay(UPreference_TimeOfDay * this)	ok	functions/0006bac0_STG__UPreference_TimeOfDay___UPreference_TimeOfDay.c	
0006bb0c	STG::UPreference_TimeOfDay_Auto::~UPreference_TimeOfDay_Auto	undefined __thiscall ~UPreference_TimeOfDay_Auto(UPreference_TimeOfDay_Auto * this)	ok	functions/0006bb0c_STG__UPreference_TimeOfDay_Auto___UPreference_TimeOfDay_Auto.c	
0006bb50	STG::UPreference_TimeOfDay_Auto::~UPreference_TimeOfDay_Auto	undefined __thiscall ~UPreference_TimeOfDay_Auto(UPreference_TimeOfDay_Auto * this)	ok	functions/0006bb50_STG__UPreference_TimeOfDay_Auto___UPreference_TimeOfDay_Auto.c	
0006bb6c	STG::UPreference_TimeOfDay::GetClosestValue	undefined __thiscall GetClosestValue(UPreference_TimeOfDay * this, GETimeOfDay * param_1, GETimeOfDay * param_2)	ok	functions/0006bb6c_STG__UPreference_TimeOfDay__GetClosestValue.c	
0006bd40	STG::UPreference_TimeOfDay::SetSelectedValue	undefined __thiscall SetSelectedValue(UPreference_TimeOfDay * this, EPhase * param_1)	ok	functions/0006bd40_STG__UPreference_TimeOfDay__SetSelectedValue.c	
0006be3c	STG::UPreference_TimeOfDay_Auto::UPreference_TimeOfDay_Auto	undefined __thiscall UPreference_TimeOfDay_Auto(UPreference_TimeOfDay_Auto * this)	ok	functions/0006be3c_STG__UPreference_TimeOfDay_Auto__UPreference_TimeOfDay_Auto.c	
0006be78	STG::UPreference_TimeOfDay::GetKeyPrefix	undefined __thiscall GetKeyPrefix(UPreference_TimeOfDay * this, UStringBase * param_1)	ok	functions/0006be78_STG__UPreference_TimeOfDay__GetKeyPrefix.c	
0006bfd8	STG::UPreference_TimeOfDay_Auto::Initialize	undefined __thiscall Initialize(UPreference_TimeOfDay_Auto * this, UPreference_TimeOfDay * param_1)	ok	functions/0006bfd8_STG__UPreference_TimeOfDay_Auto__Initialize.c	
0006c2f0	STG::UPreference_TimeOfDay_Auto::GetKeyPrefix	undefined __thiscall GetKeyPrefix(UPreference_TimeOfDay_Auto * this, UStringBase * param_1)	ok	functions/0006c2f0_STG__UPreference_TimeOfDay_Auto__GetKeyPrefix.c	
0006c464	STG::UPreference_TimeOfDay::PrintValue	undefined __thiscall PrintValue(UPreference_TimeOfDay * this, ulong param_1, UStringBase * param_2)	ok	functions/0006c464_STG__UPreference_TimeOfDay__PrintValue.c	
0006c624	StringHelperBase<STG::UStringBase<char,int>,char>::ReleaseString	undefined __stdcall ReleaseString(void)	ok	functions/0006c624_StringHelperBase_STG__UStringBase_char_int__char___ReleaseString.c	
0006c658	StringHelperBase<STG::UStringBase<unsigned_short,unsigned_short>,unsigned_short>::ReleaseString	undefined __stdcall ReleaseString(void)	ok	functions/0006c658_StringHelperBase_STG__UStringBase_unsigned_short_unsigned_short__unsigned_short___ReleaseString.c	
0006c68c	EngineBitmapData::EngineBitmapData	undefined __thiscall EngineBitmapData(EngineBitmapData * this, char * param_1, uchar * param_2, ulong param_3, ushort param_4, ushort param_5)	ok	functions/0006c68c_EngineBitmapData__EngineBitmapData.c	
0006c7cc	EngineBitmapData::~EngineBitmapData	undefined __thiscall ~EngineBitmapData(EngineBitmapData * this)	ok	functions/0006c7cc_EngineBitmapData___EngineBitmapData.c	
0006c840	EngineBitmapData::GetIsValid	undefined __thiscall GetIsValid(EngineBitmapData * this)	ok	functions/0006c840_EngineBitmapData__GetIsValid.c	
0006c898	EngineInterface::EngineInterface	undefined __thiscall EngineInterface(EngineInterface * this)	ok	functions/0006c898_EngineInterface__EngineInterface.c	
0006c928	EngineInterface::Allocate	undefined __stdcall Allocate(void)	ok	functions/0006c928_EngineInterface__Allocate.c	
0006c95c	EngineInterface::ReserveBitmapData	undefined __thiscall ReserveBitmapData(EngineInterface * this, ulong param_1)	ok	functions/0006c95c_EngineInterface__ReserveBitmapData.c	
0006ca2c	EngineInterface::~EngineInterface	undefined __thiscall ~EngineInterface(EngineInterface * this)	ok	functions/0006ca2c_EngineInterface___EngineInterface.c	
0006caec	EngineInterface::Deallocate	undefined __stdcall Deallocate(EngineInterface * * param_1)	ok	functions/0006caec_EngineInterface__Deallocate.c	
0006cb34	EngineInterface::FindBitmapData	undefined __thiscall FindBitmapData(EngineInterface * this, UStringBase * param_1)	ok	functions/0006cb34_EngineInterface__FindBitmapData.c	
0006ce88	EngineInterface::AddBitmapData	undefined __thiscall AddBitmapData(EngineInterface * this, char * param_1, uchar * param_2, ulong param_3, ushort param_4, ushort param_5)	ok	functions/0006ce88_EngineInterface__AddBitmapData.c	
0006cf3c	EngineInterface::Activate	undefined __thiscall Activate(EngineInterface * this)	ok	functions/0006cf3c_EngineInterface__Activate.c	
0006cf58	EngineInterface::Deactivate	undefined __thiscall Deactivate(EngineInterface * this)	ok	functions/0006cf58_EngineInterface__Deactivate.c	
0006cf78	JNI_OnLoad	undefined JNI_OnLoad(void)	ok	functions/0006cf78_JNI_OnLoad.c	
0006cf84	JNI_OnUnload	undefined JNI_OnUnload(void)	ok	functions/0006cf84_JNI_OnUnload.c	
0006cf88	EngineInterfaceImpl::Create	undefined __stdcall Create(int param_1)	ok	functions/0006cf88_EngineInterfaceImpl__Create.c	
0006cf8c	Java_com_dualboot_engine_EngineInterface_Create	undefined Java_com_dualboot_engine_EngineInterface_Create(void)	ok	functions/0006cf8c_Java_com_dualboot_engine_EngineInterface_Create.c	
0006d008	EngineInterfaceImpl::Destroy	undefined __thiscall Destroy(EngineInterfaceImpl * this, int param_1)	ok	functions/0006d008_EngineInterfaceImpl__Destroy.c	
0006d034	Java_com_dualboot_engine_EngineInterface_Destroy	undefined Java_com_dualboot_engine_EngineInterface_Destroy(void)	ok	functions/0006d034_Java_com_dualboot_engine_EngineInterface_Destroy.c	
0006d0b0	EngineInterfaceImpl::Recreate	undefined __thiscall Recreate(EngineInterfaceImpl * this, int param_1)	ok	functions/0006d0b0_EngineInterfaceImpl__Recreate.c	
0006d0cc	Java_com_dualboot_engine_EngineInterface_Recreate	undefined Java_com_dualboot_engine_EngineInterface_Recreate(void)	ok	functions/0006d0cc_Java_com_dualboot_engine_EngineInterface_Recreate.c	
0006d148	EngineInterfaceImpl::SetStateLocation	undefined __thiscall SetStateLocation(EngineInterfaceImpl * this, int param_1, float param_2, float param_3)	ok	functions/0006d148_EngineInterfaceImpl__SetStateLocation.c	
0006d1a8	Java_com_dualboot_engine_EngineInterface_SetStateLocation	undefined Java_com_dualboot_engine_EngineInterface_SetStateLocation(void)	ok	functions/0006d1a8_Java_com_dualboot_engine_EngineInterface_SetStateLocation.c	
0006d230	EngineInterfaceImpl::GetNeedsReload	undefined __thiscall GetNeedsReload(EngineInterfaceImpl * this, int param_1)	ok	functions/0006d230_EngineInterfaceImpl__GetNeedsReload.c	
0006d244	Java_com_dualboot_engine_EngineInterface_GetNeedsReload	undefined Java_com_dualboot_engine_EngineInterface_GetNeedsReload(void)	ok	functions/0006d244_Java_com_dualboot_engine_EngineInterface_GetNeedsReload.c	
0006d2c0	EngineInterfaceImpl::LoadResources	undefined __thiscall LoadResources(EngineInterfaceImpl * this, int param_1, _jobject * param_2)	ok	functions/0006d2c0_EngineInterfaceImpl__LoadResources.c	
0006d354	Java_com_dualboot_engine_EngineInterface_LoadResources	undefined Java_com_dualboot_engine_EngineInterface_LoadResources(void)	ok	functions/0006d354_Java_com_dualboot_engine_EngineInterface_LoadResources.c	
0006d3d8	EngineInterfaceImpl::Update	undefined __stdcall Update(int param_1, int param_2, int param_3, float param_4, float param_5, longlong param_6, double param_7, float param_8, uchar param_9)	ok	functions/0006d3d8_EngineInterfaceImpl__Update.c	
0006d78c	Java_com_dualboot_engine_EngineInterface_Update	undefined Java_com_dualboot_engine_EngineInterface_Update(void)	ok	functions/0006d78c_Java_com_dualboot_engine_EngineInterface_Update.c	
0006d838	EngineInterfaceImpl::Sleep	undefined __thiscall Sleep(EngineInterfaceImpl * this, longlong param_1)	ok	functions/0006d838_EngineInterfaceImpl__Sleep.c	
0006d9a4	Java_com_dualboot_engine_EngineInterface_Sleep	undefined Java_com_dualboot_engine_EngineInterface_Sleep(void)	ok	functions/0006d9a4_Java_com_dualboot_engine_EngineInterface_Sleep.c	
0006d9b0	StringHelperBase<STG::UStringBase<char,int>,char>::AcquireString	undefined __stdcall AcquireString(int param_1)	ok	functions/0006d9b0_StringHelperBase_STG__UStringBase_char_int__char___AcquireString.c	
0006db9c	EngineInterfaceImpl::AddBitmapData	undefined __thiscall AddBitmapData(EngineInterfaceImpl * this, int param_1, _jstring * param_2, _jobject * param_3, int param_4, int param_5, int param_6)	ok	functions/0006db9c_EngineInterfaceImpl__AddBitmapData.c	
0006dcf0	Java_com_dualboot_engine_EngineInterface_AddBitmapData	undefined Java_com_dualboot_engine_EngineInterface_AddBitmapData(void)	ok	functions/0006dcf0_Java_com_dualboot_engine_EngineInterface_AddBitmapData.c	
0006dd94	EngineInterfaceImpl::LoadFile	undefined __thiscall LoadFile(EngineInterfaceImpl * this, int param_1, _jobject * param_2, _jstring * param_3)	ok	functions/0006dd94_EngineInterfaceImpl__LoadFile.c	
0006df10	Java_com_dualboot_engine_EngineInterface_LoadFile	undefined Java_com_dualboot_engine_EngineInterface_LoadFile(void)	ok	functions/0006df10_Java_com_dualboot_engine_EngineInterface_LoadFile.c	
0006df98	StringHelperBase<STG::UStringBase<unsigned_short,unsigned_short>,unsigned_short>::AcquireString	undefined __thiscall AcquireString(StringHelperBase<STG::UStringBase<unsigned_short,unsigned_short>,unsigned_short> * this, int param_1)	ok	functions/0006df98_StringHelperBase_STG__UStringBase_unsigned_short_unsigned_short__unsigned_short___AcquireString.c	
0006e1d0	EngineInterfaceImpl::SetPreference	undefined __thiscall SetPreference(EngineInterfaceImpl * this, EPreferenceType param_1, int param_2, _jstring * param_3, _jstring * param_4)	ok	functions/0006e1d0_EngineInterfaceImpl__SetPreference.c	
0006e3cc	EngineInterfaceImpl::SetPreferenceUserImage	undefined __thiscall SetPreferenceUserImage(EngineInterfaceImpl * this, int param_1, _jstring * param_2, _jstring * param_3)	ok	functions/0006e3cc_EngineInterfaceImpl__SetPreferenceUserImage.c	
0006e3f8	Java_com_dualboot_engine_EngineInterface_SetPreferenceUserImage	undefined Java_com_dualboot_engine_EngineInterface_SetPreferenceUserImage(void)	ok	functions/0006e3f8_Java_com_dualboot_engine_EngineInterface_SetPreferenceUserImage.c	
0006e480	EngineInterfaceImpl::SetPreferenceFontMessage	undefined __thiscall SetPreferenceFontMessage(EngineInterfaceImpl * this, int param_1, _jstring * param_2, _jstring * param_3)	ok	functions/0006e480_EngineInterfaceImpl__SetPreferenceFontMessage.c	
0006e4ac	Java_com_dualboot_engine_EngineInterface_SetPreferenceFontMessage	undefined Java_com_dualboot_engine_EngineInterface_SetPreferenceFontMessage(void)	ok	functions/0006e4ac_Java_com_dualboot_engine_EngineInterface_SetPreferenceFontMessage.c	
0006e534	EngineInterfaceImpl::SetPreferenceModelToggle	undefined __thiscall SetPreferenceModelToggle(EngineInterfaceImpl * this, int param_1, _jstring * param_2, _jstring * param_3)	ok	functions/0006e534_EngineInterfaceImpl__SetPreferenceModelToggle.c	
0006e560	Java_com_dualboot_engine_EngineInterface_SetPreferenceModelToggle	undefined Java_com_dualboot_engine_EngineInterface_SetPreferenceModelToggle(void)	ok	functions/0006e560_Java_com_dualboot_engine_EngineInterface_SetPreferenceModelToggle.c	
0006e5e8	EngineInterfaceImpl::SetPreferenceModelSwap	undefined __thiscall SetPreferenceModelSwap(EngineInterfaceImpl * this, int param_1, _jstring * param_2, _jstring * param_3)	ok	functions/0006e5e8_EngineInterfaceImpl__SetPreferenceModelSwap.c	
0006e614	Java_com_dualboot_engine_EngineInterface_SetPreferenceModelSwap	undefined Java_com_dualboot_engine_EngineInterface_SetPreferenceModelSwap(void)	ok	functions/0006e614_Java_com_dualboot_engine_EngineInterface_SetPreferenceModelSwap.c	
0006e69c	EngineInterfaceImpl::SetPreferenceTextureGroup	undefined __thiscall SetPreferenceTextureGroup(EngineInterfaceImpl * this, int param_1, _jstring * param_2, _jstring * param_3)	ok	functions/0006e69c_EngineInterfaceImpl__SetPreferenceTextureGroup.c	
0006e6c8	Java_com_dualboot_engine_EngineInterface_SetPreferenceTextureGroup	undefined Java_com_dualboot_engine_EngineInterface_SetPreferenceTextureGroup(void)	ok	functions/0006e6c8_Java_com_dualboot_engine_EngineInterface_SetPreferenceTextureGroup.c	
0006e750	EngineInterfaceImpl::SetPreferenceCameraSet	undefined __thiscall SetPreferenceCameraSet(EngineInterfaceImpl * this, int param_1, _jstring * param_2, _jstring * param_3)	ok	functions/0006e750_EngineInterfaceImpl__SetPreferenceCameraSet.c	
0006e77c	Java_com_dualboot_engine_EngineInterface_SetPreferenceCameraSet	undefined Java_com_dualboot_engine_EngineInterface_SetPreferenceCameraSet(void)	ok	functions/0006e77c_Java_com_dualboot_engine_EngineInterface_SetPreferenceCameraSet.c	
0006e804	EngineInterfaceImpl::SetPreferenceEnvironment	undefined __thiscall SetPreferenceEnvironment(EngineInterfaceImpl * this, int param_1, _jstring * param_2, _jstring * param_3)	ok	functions/0006e804_EngineInterfaceImpl__SetPreferenceEnvironment.c	
0006e830	Java_com_dualboot_engine_EngineInterface_SetPreferenceEnvironment	undefined Java_com_dualboot_engine_EngineInterface_SetPreferenceEnvironment(void)	ok	functions/0006e830_Java_com_dualboot_engine_EngineInterface_SetPreferenceEnvironment.c	
0006e8b8	EngineInterfaceImpl::SetPreferenceTimeOfDay	undefined __thiscall SetPreferenceTimeOfDay(EngineInterfaceImpl * this, int param_1, _jstring * param_2, _jstring * param_3)	ok	functions/0006e8b8_EngineInterfaceImpl__SetPreferenceTimeOfDay.c	
0006e8e4	Java_com_dualboot_engine_EngineInterface_SetPreferenceTimeOfDay	undefined Java_com_dualboot_engine_EngineInterface_SetPreferenceTimeOfDay(void)	ok	functions/0006e8e4_Java_com_dualboot_engine_EngineInterface_SetPreferenceTimeOfDay.c	
0006e96c	EngineInterfaceImpl::SetPreferenceTimeOfDayAuto	undefined __thiscall SetPreferenceTimeOfDayAuto(EngineInterfaceImpl * this, int param_1, _jstring * param_2, _jstring * param_3)	ok	functions/0006e96c_EngineInterfaceImpl__SetPreferenceTimeOfDayAuto.c	
0006e998	Java_com_dualboot_engine_EngineInterface_SetPreferenceTimeOfDayAuto	undefined Java_com_dualboot_engine_EngineInterface_SetPreferenceTimeOfDayAuto(void)	ok	functions/0006e998_Java_com_dualboot_engine_EngineInterface_SetPreferenceTimeOfDayAuto.c	
0006ea20	FUN_0006ea20	undefined FUN_0006ea20(void)	ok	functions/0006ea20_FUN_0006ea20.c	
0006eb44	FUN_0006eb44	undefined FUN_0006eb44(void)	ok	functions/0006eb44_FUN_0006eb44.c	
0006ebb2	FUN_0006ebb2	undefined FUN_0006ebb2(void)	ok	functions/0006ebb2_FUN_0006ebb2.c	
0006f11c	android_getCpuFamily	undefined android_getCpuFamily(void)	ok	functions/0006f11c_android_getCpuFamily.c	
0006f13c	android_getCpuFeatures	undefined android_getCpuFeatures(void)	ok	functions/0006f13c_android_getCpuFeatures.c	
0006f15c	android_getCpuCount	undefined android_getCpuCount(void)	ok	functions/0006f15c_android_getCpuCount.c	
0006f17c	android_setCpu	undefined android_setCpu(void)	ok	functions/0006f17c_android_setCpu.c	
0006f1b4	android_getCpuIdArm	undefined android_getCpuIdArm(void)	ok	functions/0006f1b4_android_getCpuIdArm.c	
0006f1d4	android_setCpuArm	undefined android_setCpuArm(void)	ok	functions/0006f1d4_android_setCpuArm.c	
0006f1f0	FUN_0006f1f0	undefined FUN_0006f1f0(void)	ok	functions/0006f1f0_FUN_0006f1f0.c	
0006f208	FUN_0006f208	undefined FUN_0006f208(void)	ok	functions/0006f208_FUN_0006f208.c	
0006f21c	FUN_0006f21c	undefined FUN_0006f21c(void)	ok	functions/0006f21c_FUN_0006f21c.c	
0006f240	FUN_0006f240	undefined FUN_0006f240(void)	ok	functions/0006f240_FUN_0006f240.c	
0006f278	FUN_0006f278	undefined FUN_0006f278(void)	ok	functions/0006f278_FUN_0006f278.c	
0006f2e0	FUN_0006f2e0	undefined FUN_0006f2e0(void)	ok	functions/0006f2e0_FUN_0006f2e0.c	
0006f364	FUN_0006f364	undefined FUN_0006f364(void)	ok	functions/0006f364_FUN_0006f364.c	
0006f37c	FUN_0006f37c	undefined FUN_0006f37c(void)	ok	functions/0006f37c_FUN_0006f37c.c	
0006f3b0	FUN_0006f3b0	undefined FUN_0006f3b0(void)	ok	functions/0006f3b0_FUN_0006f3b0.c	
0006f4a8	FUN_0006f4a8	undefined FUN_0006f4a8(void)	ok	functions/0006f4a8_FUN_0006f4a8.c	
0006f4f4	FUN_0006f4f4	undefined FUN_0006f4f4(void)	ok	functions/0006f4f4_FUN_0006f4f4.c	
0006f528	FUN_0006f528	undefined FUN_0006f528(void)	ok	functions/0006f528_FUN_0006f528.c	
0006f570	FUN_0006f570	undefined FUN_0006f570(void)	ok	functions/0006f570_FUN_0006f570.c	
0006f5f0	FUN_0006f5f0	undefined FUN_0006f5f0(void)	ok	functions/0006f5f0_FUN_0006f5f0.c	
0006f75c	_INIT_4	undefined _INIT_4(void)	ok	functions/0006f75c__INIT_4.c	
0006f7cc	operator.delete	void __stdcall operator.delete(void * param_1)	ok	functions/0006f7cc_operator.delete.c	
0006f7d4	operator.delete[]	void __stdcall operator.delete[](void * param_1)	ok	functions/0006f7d4_operator.delete__.c	
0006f7e4	FUN_0006f7e4	undefined FUN_0006f7e4(void)	ok	functions/0006f7e4_FUN_0006f7e4.c	
0006f8c0	FUN_0006f8c0	undefined FUN_0006f8c0(void)	ok	functions/0006f8c0_FUN_0006f8c0.c	
0006f99c	FUN_0006f99c	undefined FUN_0006f99c(void)	ok	functions/0006f99c_FUN_0006f99c.c	
0006fa34	FUN_0006fa34	noreturn undefined FUN_0006fa34(void)	ok	functions/0006fa34_FUN_0006fa34.c	
0006fa90	FUN_0006fa90	undefined FUN_0006fa90(void)	ok	functions/0006fa90_FUN_0006fa90.c	
0006fef0	FUN_0006fef0	undefined FUN_0006fef0(void)	ok	functions/0006fef0_FUN_0006fef0.c	
0006ff08	FUN_0006ff08	undefined FUN_0006ff08(void)	ok	functions/0006ff08_FUN_0006ff08.c	
0006ff20	FUN_0006ff20	undefined FUN_0006ff20(void)	ok	functions/0006ff20_FUN_0006ff20.c	
0006ff34	FUN_0006ff34	undefined FUN_0006ff34(void)	ok	functions/0006ff34_FUN_0006ff34.c	
0006ff48	FUN_0006ff48	undefined FUN_0006ff48(void)	ok	functions/0006ff48_FUN_0006ff48.c	
0006ff60	FUN_0006ff60	undefined FUN_0006ff60(void)	ok	functions/0006ff60_FUN_0006ff60.c	
0006ff9c	FUN_0006ff9c	undefined FUN_0006ff9c(void)	ok	functions/0006ff9c_FUN_0006ff9c.c	
0006ffc8	operator.new	void * __stdcall operator.new(uint param_1)	ok	functions/0006ffc8_operator.new.c	
00070034	operator.new[]	void * __stdcall operator.new[](uint param_1)	ok	functions/00070034_operator.new__.c	
0007004c	FUN_0007004c	undefined FUN_0007004c(void)	ok	functions/0007004c_FUN_0007004c.c	
000700b0	FUN_000700b0	undefined FUN_000700b0(void)	ok	functions/000700b0_FUN_000700b0.c	
00070288	FUN_00070288	undefined FUN_00070288(void)	ok	functions/00070288_FUN_00070288.c	
000702a0	FUN_000702a0	undefined FUN_000702a0(void)	ok	functions/000702a0_FUN_000702a0.c	
0007030c	FUN_0007030c	undefined FUN_0007030c(void)	ok	functions/0007030c_FUN_0007030c.c	
00070324	FUN_00070324	undefined FUN_00070324(void)	ok	functions/00070324_FUN_00070324.c	
00070338	FUN_00070338	undefined FUN_00070338(void)	ok	functions/00070338_FUN_00070338.c	
0007035c	FUN_0007035c	undefined FUN_0007035c(void)	ok	functions/0007035c_FUN_0007035c.c	
00070370	FUN_00070370	undefined FUN_00070370(void)	ok	functions/00070370_FUN_00070370.c	
00070394	FUN_00070394	undefined FUN_00070394(void)	ok	functions/00070394_FUN_00070394.c	
000703f0	FUN_000703f0	noreturn undefined FUN_000703f0(void)	ok	functions/000703f0_FUN_000703f0.c	
00070404	FUN_00070404	undefined FUN_00070404(void)	ok	functions/00070404_FUN_00070404.c	
00070460	FUN_00070460	undefined FUN_00070460(void)	ok	functions/00070460_FUN_00070460.c	
00070470	FUN_00070470	undefined FUN_00070470(void)	ok	functions/00070470_FUN_00070470.c	
000704b0	FUN_000704b0	undefined FUN_000704b0(void)	ok	functions/000704b0_FUN_000704b0.c	
000704c8	FUN_000704c8	undefined FUN_000704c8(void)	ok	functions/000704c8_FUN_000704c8.c	
000704dc	FUN_000704dc	undefined FUN_000704dc(void)	ok	functions/000704dc_FUN_000704dc.c	
000704f4	FUN_000704f4	undefined FUN_000704f4(void)	ok	functions/000704f4_FUN_000704f4.c	
00070508	FUN_00070508	undefined FUN_00070508(void)	ok	functions/00070508_FUN_00070508.c	
0007051c	FUN_0007051c	undefined FUN_0007051c(void)	ok	functions/0007051c_FUN_0007051c.c	
0007052c	FUN_0007052c	undefined FUN_0007052c(void)	ok	functions/0007052c_FUN_0007052c.c	
0007053c	FUN_0007053c	undefined FUN_0007053c(void)	ok	functions/0007053c_FUN_0007053c.c	
00070554	FUN_00070554	undefined FUN_00070554(void)	ok	functions/00070554_FUN_00070554.c	
00070570	FUN_00070570	undefined FUN_00070570(void)	ok	functions/00070570_FUN_00070570.c	
00070588	FUN_00070588	undefined FUN_00070588(void)	ok	functions/00070588_FUN_00070588.c	
0007059c	FUN_0007059c	undefined FUN_0007059c(void)	ok	functions/0007059c_FUN_0007059c.c	
00070744	std::__Named_exception::what	undefined __thiscall what(__Named_exception * this)	ok	functions/00070744_std____Named_exception__what.c	
0007074c	std::__Named_exception::~__Named_exception	undefined __thiscall ~__Named_exception(__Named_exception * this)	ok	functions/0007074c_std____Named_exception_____Named_exception.c	
00070778	std::runtime_error::~runtime_error	undefined __thiscall ~runtime_error(runtime_error * this)	ok	functions/00070778_std__runtime_error___runtime_error.c	
00070794	std::underflow_error::~underflow_error	undefined __thiscall ~underflow_error(underflow_error * this)	ok	functions/00070794_std__underflow_error___underflow_error.c	
000707b0	std::underflow_error::~underflow_error	undefined __thiscall ~underflow_error(underflow_error * this)	ok	functions/000707b0_std__underflow_error___underflow_error.c	
000707c4	std::overflow_error::~overflow_error	undefined __thiscall ~overflow_error(overflow_error * this)	ok	functions/000707c4_std__overflow_error___overflow_error.c	
000707e0	std::overflow_error::~overflow_error	undefined __thiscall ~overflow_error(overflow_error * this)	ok	functions/000707e0_std__overflow_error___overflow_error.c	
000707f4	std::range_error::~range_error	undefined __thiscall ~range_error(range_error * this)	ok	functions/000707f4_std__range_error___range_error.c	
00070810	std::range_error::~range_error	undefined __thiscall ~range_error(range_error * this)	ok	functions/00070810_std__range_error___range_error.c	
00070824	std::runtime_error::~runtime_error	undefined __thiscall ~runtime_error(runtime_error * this)	ok	functions/00070824_std__runtime_error___runtime_error.c	
00070838	std::logic_error::~logic_error	undefined __thiscall ~logic_error(logic_error * this)	ok	functions/00070838_std__logic_error___logic_error.c	
00070854	std::out_of_range::~out_of_range	undefined __thiscall ~out_of_range(out_of_range * this)	ok	functions/00070854_std__out_of_range___out_of_range.c	
00070870	std::out_of_range::~out_of_range	undefined __thiscall ~out_of_range(out_of_range * this)	ok	functions/00070870_std__out_of_range___out_of_range.c	
00070884	std::length_error::~length_error	undefined __thiscall ~length_error(length_error * this)	ok	functions/00070884_std__length_error___length_error.c	
000708a0	std::length_error::~length_error	undefined __thiscall ~length_error(length_error * this)	ok	functions/000708a0_std__length_error___length_error.c	
000708b4	std::invalid_argument::~invalid_argument	undefined __thiscall ~invalid_argument(invalid_argument * this)	ok	functions/000708b4_std__invalid_argument___invalid_argument.c	
000708d0	std::invalid_argument::~invalid_argument	undefined __thiscall ~invalid_argument(invalid_argument * this)	ok	functions/000708d0_std__invalid_argument___invalid_argument.c	
000708e4	std::domain_error::~domain_error	undefined __thiscall ~domain_error(domain_error * this)	ok	functions/000708e4_std__domain_error___domain_error.c	
00070900	std::domain_error::~domain_error	undefined __thiscall ~domain_error(domain_error * this)	ok	functions/00070900_std__domain_error___domain_error.c	
00070914	std::logic_error::~logic_error	undefined __thiscall ~logic_error(logic_error * this)	ok	functions/00070914_std__logic_error___logic_error.c	
00070928	std::__Named_exception::~__Named_exception	undefined __thiscall ~__Named_exception(__Named_exception * this)	ok	functions/00070928_std____Named_exception_____Named_exception.c	
0007093c	std::__Named_exception::__Named_exception	undefined __thiscall __Named_exception(__Named_exception * this, string * param_1)	ok	functions/0007093c_std____Named_exception____Named_exception.c	
000709b0	std::__Named_exception::__Named_exception	undefined __thiscall __Named_exception(__Named_exception * this, __Named_exception * param_1)	ok	functions/000709b0_std____Named_exception____Named_exception.c	
00070a18	std::__Named_exception::operator=	undefined __thiscall operator=(__Named_exception * this, __Named_exception * param_1)	ok	functions/00070a18_std____Named_exception__operator_.c	
00070a90	FUN_00070a90	undefined FUN_00070a90(void)	ok	functions/00070a90_FUN_00070a90.c	
00070ab4	FUN_00070ab4	undefined FUN_00070ab4(void)	ok	functions/00070ab4_FUN_00070ab4.c	
00070af0	FUN_00070af0	undefined FUN_00070af0(void)	ok	functions/00070af0_FUN_00070af0.c	
00070b30	std::__stl_throw_runtime_error	undefined __stl_throw_runtime_error(char * param_1)	ok	functions/00070b30_std____stl_throw_runtime_error.c	
00070b90	std::__stl_throw_range_error	undefined __stl_throw_range_error(char * param_1)	ok	functions/00070b90_std____stl_throw_range_error.c	
00070bf0	std::__stl_throw_out_of_range	noreturn undefined __stl_throw_out_of_range(char * param_1)	ok	functions/00070bf0_std____stl_throw_out_of_range.c	
00070c50	std::__stl_throw_length_error	noreturn undefined __stl_throw_length_error(char * param_1)	ok	functions/00070c50_std____stl_throw_length_error.c	
00070cb0	std::__stl_throw_invalid_argument	undefined __stl_throw_invalid_argument(char * param_1)	ok	functions/00070cb0_std____stl_throw_invalid_argument.c	
00070d10	std::__stl_throw_overflow_error	undefined __stl_throw_overflow_error(char * param_1)	ok	functions/00070d10_std____stl_throw_overflow_error.c	
00070d70	FUN_00070d70	undefined FUN_00070d70(void)	ok	functions/00070d70_FUN_00070d70.c	
00070da8	std::__malloc_alloc::allocate	undefined __stdcall allocate(uint param_1)	ok	functions/00070da8_std____malloc_alloc__allocate.c	
00070e0c	std::__malloc_alloc::set_malloc_handler	undefined __stdcall set_malloc_handler(_func_void * param_1)	ok	functions/00070e0c_std____malloc_alloc__set_malloc_handler.c	
00070e34	FUN_00070e34	undefined FUN_00070e34(void)	ok	functions/00070e34_FUN_00070e34.c	
00070e68	FUN_00070e68	undefined FUN_00070e68(void)	ok	functions/00070e68_FUN_00070e68.c	
00070ff4	FUN_00070ff4	undefined FUN_00070ff4(void)	ok	functions/00070ff4_FUN_00070ff4.c	
0007103c	FUN_0007103c	undefined FUN_0007103c(void)	ok	functions/0007103c_FUN_0007103c.c	
00071098	std::__node_alloc::_M_allocate	undefined __stdcall _M_allocate(uint * param_1)	ok	functions/00071098_std____node_alloc___M_allocate.c	
0007109c	std::__node_alloc::_M_deallocate	undefined __stdcall _M_deallocate(void * param_1, uint param_2)	ok	functions/0007109c_std____node_alloc___M_deallocate.c	
000710a0	FUN_000710a0	undefined FUN_000710a0(void)	ok	functions/000710a0_FUN_000710a0.c	
000710e4	FUN_000710e4	undefined FUN_000710e4(void)	ok	functions/000710e4_FUN_000710e4.c	
000711cc	FUN_000711cc	undefined FUN_000711cc(void)	ok	functions/000711cc_FUN_000711cc.c	
000712cc	FUN_000712cc	undefined FUN_000712cc(void)	ok	functions/000712cc_FUN_000712cc.c	
00071320	FUN_00071320	undefined FUN_00071320(void)	ok	functions/00071320_FUN_00071320.c	
00071360	FUN_00071360	undefined FUN_00071360(void)	ok	functions/00071360_FUN_00071360.c	
00071388	FUN_00071388	undefined FUN_00071388(void)	ok	functions/00071388_FUN_00071388.c	
000713e0	FUN_000713e0	undefined FUN_000713e0(void)	ok	functions/000713e0_FUN_000713e0.c	
00071418	FUN_00071418	undefined FUN_00071418(void)	ok	functions/00071418_FUN_00071418.c	
00071468	std::priv::_Pthread_alloc::allocate	undefined __stdcall allocate(uint * param_1)	ok	functions/00071468_std__priv___Pthread_alloc__allocate.c	
0007146c	std::priv::_Pthread_alloc::deallocate	undefined __stdcall deallocate(void * param_1, uint param_2)	ok	functions/0007146c_std__priv___Pthread_alloc__deallocate.c	
00071470	std::priv::_Pthread_alloc::allocate	undefined __stdcall allocate(uint * param_1, _Pthread_alloc_per_thread_state * param_2)	ok	functions/00071470_std__priv___Pthread_alloc__allocate.c	
00071474	std::priv::_Pthread_alloc::deallocate	undefined __stdcall deallocate(void * param_1, uint param_2, _Pthread_alloc_per_thread_state * param_3)	ok	functions/00071474_std__priv___Pthread_alloc__deallocate.c	
00071478	std::priv::_Pthread_alloc::reallocate	undefined __stdcall reallocate(void * param_1, uint param_2, uint * param_3)	ok	functions/00071478_std__priv___Pthread_alloc__reallocate.c	
0007147c	std::priv::_Pthread_alloc::_S_get_per_thread_state	undefined __stdcall _S_get_per_thread_state(void)	ok	functions/0007147c_std__priv___Pthread_alloc___S_get_per_thread_state.c	
00071480	_INIT_5	undefined _INIT_5(void)	ok	functions/00071480__INIT_5.c	
000714b0	__cxa_end_cleanup	undefined __cxa_end_cleanup(void)	ok	functions/000714b0___cxa_end_cleanup.c	
000714c0	__cxa_type_match	undefined __cxa_type_match(void)	ok	functions/000714c0___cxa_type_match.c	
00071538	__cxa_begin_cleanup	undefined __cxa_begin_cleanup(void)	ok	functions/00071538___cxa_begin_cleanup.c	
00071588	FUN_00071588	undefined FUN_00071588(void)	ok	functions/00071588_FUN_00071588.c	
000715d8	__cxa_call_unexpected	noreturn undefined __cxa_call_unexpected(void)	ok	functions/000715d8___cxa_call_unexpected.c	
000718e0	FUN_000718e0	undefined FUN_000718e0(void)	ok	functions/000718e0_FUN_000718e0.c	
00071930	FUN_00071930	undefined FUN_00071930(void)	ok	functions/00071930_FUN_00071930.c	
00071948	FUN_00071948	undefined FUN_00071948(void)	ok	functions/00071948_FUN_00071948.c	
0007197c	FUN_0007197c	undefined FUN_0007197c(void)	ok	functions/0007197c_FUN_0007197c.c	
00071994	FUN_00071994	undefined FUN_00071994(void)	ok	functions/00071994_FUN_00071994.c	
000719ac	FUN_000719ac	undefined FUN_000719ac(void)	ok	functions/000719ac_FUN_000719ac.c	
000719c4	FUN_000719c4	undefined FUN_000719c4(void)	ok	functions/000719c4_FUN_000719c4.c	
000719d8	FUN_000719d8	undefined FUN_000719d8(void)	ok	functions/000719d8_FUN_000719d8.c	
000719f0	FUN_000719f0	undefined FUN_000719f0(void)	ok	functions/000719f0_FUN_000719f0.c	
00071a2c	FUN_00071a2c	undefined FUN_00071a2c(void)	ok	functions/00071a2c_FUN_00071a2c.c	
00071b58	__udivsi3	undefined __udivsi3(void)	ok	functions/00071b58___udivsi3.c	
00071c00	__aeabi_uidivmod	undefined __aeabi_uidivmod(void)	ok	functions/00071c00___aeabi_uidivmod.c	
00071c20	__aeabi_drsub	undefined __aeabi_drsub(void)	ok	functions/00071c20___aeabi_drsub.c	
00071c28	__aeabi_dsub	undefined __aeabi_dsub(void)	ok	functions/00071c28___aeabi_dsub.c	
00071c2c	__aeabi_dadd	undefined __aeabi_dadd(void)	ok	functions/00071c2c___aeabi_dadd.c	
00071ed8	__aeabi_ui2d	undefined __aeabi_ui2d(void)	ok	functions/00071ed8___aeabi_ui2d.c	
00071efc	__aeabi_i2d	undefined __aeabi_i2d(void)	ok	functions/00071efc___aeabi_i2d.c	
00071f24	__aeabi_f2d	undefined __aeabi_f2d(void)	ok	functions/00071f24___aeabi_f2d.c	
00071f64	__floatundidf	undefined __floatundidf(void)	ok	functions/00071f64___floatundidf.c	
00071f78	__aeabi_l2d	undefined __aeabi_l2d(void)	ok	functions/00071f78___aeabi_l2d.c	
00071fd8	__aeabi_frsub	undefined __aeabi_frsub(void)	ok	functions/00071fd8___aeabi_frsub.c	
00071fe0	__aeabi_fsub	undefined __aeabi_fsub(void)	ok	functions/00071fe0___aeabi_fsub.c	
00071fe4	__aeabi_fadd	undefined __aeabi_fadd(void)	ok	functions/00071fe4___aeabi_fadd.c	
00072174	__aeabi_ui2f	undefined __aeabi_ui2f(void)	ok	functions/00072174___aeabi_ui2f.c	
0007217c	__aeabi_i2f	undefined __aeabi_i2f(void)	ok	functions/0007217c___aeabi_i2f.c	
0007219c	__floatundisf	undefined __floatundisf(void)	ok	functions/0007219c___floatundisf.c	
000721ac	__aeabi_l2f	undefined __aeabi_l2f(void)	ok	functions/000721ac___aeabi_l2f.c	
00072228	__aeabi_uldivmod	undefined __aeabi_uldivmod(void)	ok	functions/00072228___aeabi_uldivmod.c	
00072264	__aeabi_ldiv0	undefined __aeabi_ldiv0(void)	ok	functions/00072264___aeabi_ldiv0.c	
00072274	__popcountsi2	undefined __popcountsi2(void)	ok	functions/00072274___popcountsi2.c	
000722ac	__fixunssfdi	undefined __fixunssfdi(void)	ok	functions/000722ac___fixunssfdi.c	
0007231c	__fixunsdfdi	undefined __fixunsdfdi(void)	ok	functions/0007231c___fixunsdfdi.c	
00072388	__gnu_ldivmod_helper	undefined __gnu_ldivmod_helper(void)	ok	functions/00072388___gnu_ldivmod_helper.c	
000723c4	__gnu_uldivmod_helper	undefined __gnu_uldivmod_helper(void)	ok	functions/000723c4___gnu_uldivmod_helper.c	
00072400	FUN_00072400	undefined FUN_00072400(void)	ok	functions/00072400_FUN_00072400.c	
00072418	FUN_00072418	undefined FUN_00072418(void)	ok	functions/00072418_FUN_00072418.c	
000725ec	FUN_000725ec	undefined FUN_000725ec(void)	ok	functions/000725ec_FUN_000725ec.c	
00072658	FUN_00072658	undefined FUN_00072658(void)	ok	functions/00072658_FUN_00072658.c	
0007276c	FUN_0007276c	undefined FUN_0007276c(void)	ok	functions/0007276c_FUN_0007276c.c	
000727c4	_Unwind_VRS_Get	undefined _Unwind_VRS_Get(void)	ok	functions/000727c4__Unwind_VRS_Get.c	
00072808	FUN_00072808	undefined FUN_00072808(void)	ok	functions/00072808_FUN_00072808.c	
00072830	_Unwind_VRS_Set	undefined _Unwind_VRS_Set(void)	ok	functions/00072830__Unwind_VRS_Set.c	
00072874	FUN_00072874	undefined FUN_00072874(void)	ok	functions/00072874_FUN_00072874.c	
00072c30	__aeabi_unwind_cpp_pr2	undefined __aeabi_unwind_cpp_pr2(void)	ok	functions/00072c30___aeabi_unwind_cpp_pr2.c	
00072c38	__aeabi_unwind_cpp_pr1	undefined __aeabi_unwind_cpp_pr1(void)	ok	functions/00072c38___aeabi_unwind_cpp_pr1.c	
00072c40	__aeabi_unwind_cpp_pr0	undefined __aeabi_unwind_cpp_pr0(void)	ok	functions/00072c40___aeabi_unwind_cpp_pr0.c	
00072c48	_Unwind_VRS_Pop	undefined _Unwind_VRS_Pop(void)	ok	functions/00072c48__Unwind_VRS_Pop.c	
00072f94	_Unwind_GetCFA	undefined _Unwind_GetCFA(void)	ok	functions/00072f94__Unwind_GetCFA.c	
00072f9c	__gnu_Unwind_RaiseException	undefined __gnu_Unwind_RaiseException(void)	ok	functions/00072f9c___gnu_Unwind_RaiseException.c	
00073040	__gnu_Unwind_ForcedUnwind	undefined __gnu_Unwind_ForcedUnwind(void)	ok	functions/00073040___gnu_Unwind_ForcedUnwind.c	
0007305c	__gnu_Unwind_Resume	undefined __gnu_Unwind_Resume(void)	ok	functions/0007305c___gnu_Unwind_Resume.c	
000730c8	__gnu_Unwind_Resume_or_Rethrow	undefined __gnu_Unwind_Resume_or_Rethrow(void)	ok	functions/000730c8___gnu_Unwind_Resume_or_Rethrow.c	
000730e8	_Unwind_Complete	undefined _Unwind_Complete(void)	ok	functions/000730e8__Unwind_Complete.c	
000730ec	_Unwind_DeleteException	undefined _Unwind_DeleteException(void)	ok	functions/000730ec__Unwind_DeleteException.c	
0007310c	__gnu_Unwind_Backtrace	undefined __gnu_Unwind_Backtrace(void)	ok	functions/0007310c___gnu_Unwind_Backtrace.c	
000731cc	restore_core_regs	undefined restore_core_regs(void)	ok	functions/000731cc_restore_core_regs.c	
000731e0	__gnu_Unwind_Restore_VFP	undefined __gnu_Unwind_Restore_VFP(void)	ok	functions/000731e0___gnu_Unwind_Restore_VFP.c	
000731e8	__gnu_Unwind_Save_VFP	undefined __gnu_Unwind_Save_VFP(void)	ok	functions/000731e8___gnu_Unwind_Save_VFP.c	
000731f0	__gnu_Unwind_Restore_VFP_D	undefined __gnu_Unwind_Restore_VFP_D(void)	ok	functions/000731f0___gnu_Unwind_Restore_VFP_D.c	
000731f8	__gnu_Unwind_Save_VFP_D	undefined __gnu_Unwind_Save_VFP_D(void)	ok	functions/000731f8___gnu_Unwind_Save_VFP_D.c	
00073200	__gnu_Unwind_Restore_VFP_D_16_to_31	undefined __gnu_Unwind_Restore_VFP_D_16_to_31(void)	ok	functions/00073200___gnu_Unwind_Restore_VFP_D_16_to_31.c	
00073208	__gnu_Unwind_Save_VFP_D_16_to_31	undefined __gnu_Unwind_Save_VFP_D_16_to_31(void)	ok	functions/00073208___gnu_Unwind_Save_VFP_D_16_to_31.c	
00073210	__gnu_Unwind_Restore_WMMXD	undefined __gnu_Unwind_Restore_WMMXD(void)	ok	functions/00073210___gnu_Unwind_Restore_WMMXD.c	
00073254	__gnu_Unwind_Save_WMMXD	undefined __gnu_Unwind_Save_WMMXD(void)	ok	functions/00073254___gnu_Unwind_Save_WMMXD.c	
00073298	__gnu_Unwind_Restore_WMMXC	undefined __gnu_Unwind_Restore_WMMXC(void)	ok	functions/00073298___gnu_Unwind_Restore_WMMXC.c	
000732ac	__gnu_Unwind_Save_WMMXC	undefined __gnu_Unwind_Save_WMMXC(void)	ok	functions/000732ac___gnu_Unwind_Save_WMMXC.c	
000732c0	___Unwind_RaiseException	undefined ___Unwind_RaiseException(void)	ok	functions/000732c0____Unwind_RaiseException.c	
000732e4	___Unwind_Resume	noreturn undefined ___Unwind_Resume(void)	ok	functions/000732e4____Unwind_Resume.c	
00073308	_Unwind_Resume_or_Rethrow	undefined _Unwind_Resume_or_Rethrow(void)	ok	functions/00073308__Unwind_Resume_or_Rethrow.c	
0007332c	_Unwind_ForcedUnwind	undefined _Unwind_ForcedUnwind(void)	ok	functions/0007332c__Unwind_ForcedUnwind.c	
00073350	_Unwind_Backtrace	undefined _Unwind_Backtrace(void)	ok	functions/00073350__Unwind_Backtrace.c	
00073374	FUN_00073374	undefined FUN_00073374(void)	ok	functions/00073374_FUN_00073374.c	
000733cc	__gnu_unwind_execute	undefined __gnu_unwind_execute(void)	ok	functions/000733cc___gnu_unwind_execute.c	
00073760	__gnu_unwind_frame	undefined __gnu_unwind_frame(void)	ok	functions/00073760___gnu_unwind_frame.c	
000737a0	_Unwind_GetRegionStart	undefined _Unwind_GetRegionStart(void)	ok	functions/000737a0__Unwind_GetRegionStart.c	
000737cc	_Unwind_GetLanguageSpecificData	undefined _Unwind_GetLanguageSpecificData(void)	ok	functions/000737cc__Unwind_GetLanguageSpecificData.c	
00073804	_Unwind_GetDataRelBase	undefined _Unwind_GetDataRelBase(void)	ok	functions/00073804__Unwind_GetDataRelBase.c	
0007380c	_Unwind_GetTextRelBase	undefined _Unwind_GetTextRelBase(void)	ok	functions/0007380c__Unwind_GetTextRelBase.c	
00073814	__muldf3	undefined __muldf3(void)	ok	functions/00073814___muldf3.c	
000739f4	FUN_000739f4	undefined FUN_000739f4(void)	ok	functions/000739f4_FUN_000739f4.c	
00073a80	__aeabi_ddiv	undefined __aeabi_ddiv(void)	ok	functions/00073a80___aeabi_ddiv.c	
00073c14	FUN_00073c14	undefined FUN_00073c14(void)	ok	functions/00073c14_FUN_00073c14.c	
00073c84	__fixunsdfsi	undefined __fixunsdfsi(void)	ok	functions/00073c84___fixunsdfsi.c	
00073cd8	__divdi3	undefined __divdi3(void)	ok	functions/00073cd8___divdi3.c	
0007413c	__udivdi3	undefined __udivdi3(void)	ok	functions/0007413c___udivdi3.c	
00074548	acosf	float __stdcall acosf(float __x)	ok	functions/00074548_acosf.c	
00074748	asinf	float __stdcall asinf(float __x)	ok	functions/00074748_asinf.c	
00074880	sqrtl	double __stdcall sqrtl(double __x)	ok	functions/00074880_sqrtl.c	
00074a68	sqrtf	float __stdcall sqrtf(float __x)	ok	functions/00074a68_sqrtf.c	
00074b90	atanf	float __stdcall atanf(float __x)	ok	functions/00074b90_atanf.c	
00074d7c	ceilf	float __stdcall ceilf(float __x)	ok	functions/00074d7c_ceilf.c	
00074e18	cosf	float __stdcall cosf(float __x)	ok	functions/00074e18_cosf.c	
00075238	floorf	float __stdcall floorf(float __x)	ok	functions/00075238_floorf.c	
000752e0	sinf	float __stdcall sinf(float __x)	ok	functions/000752e0_sinf.c	
000756d0	tanf	float __stdcall tanf(float __x)	ok	functions/000756d0_tanf.c	
00075a38	__kernel_rem_pio2	undefined __kernel_rem_pio2(void)	ok	functions/00075a38___kernel_rem_pio2.c	
00076268	floorl	double __stdcall floorl(double __x)	ok	functions/00076268_floorl.c	
000763c0	scalbnl	double __stdcall scalbnl(double __x, int __n)	ok	functions/000763c0_scalbnl.c	
00076508	operator.delete	void __stdcall operator.delete(void * param_1)	ok	functions/00076508_operator.delete.c	
00076518	std::__node_alloc::_M_deallocate	undefined __stdcall _M_deallocate(void * param_1, uint param_2)	ok	functions/00076518_std____node_alloc___M_deallocate.c	
00076528	operator.new[]	void * __stdcall operator.new[](uint param_1)	ok	functions/00076528_operator.new__.c	
00076538	operator.delete[]	void __stdcall operator.delete[](void * param_1)	ok	functions/00076538_operator.delete__.c	
00076548	operator.new	void * __stdcall operator.new(uint param_1)	ok	functions/00076548_operator.new.c	
00076558	std::__stl_throw_length_error	noreturn undefined __stl_throw_length_error(char * param_1)	ok	functions/00076558_std____stl_throw_length_error.c	
00076568	std::__node_alloc::_M_allocate	undefined __stdcall _M_allocate(uint * param_1)	ok	functions/00076568_std____node_alloc___M_allocate.c	
00076578	std::__stl_throw_out_of_range	noreturn undefined __stl_throw_out_of_range(char * param_1)	ok	functions/00076578_std____stl_throw_out_of_range.c	
00076588	thunk_FUN_0007004c	undefined thunk_FUN_0007004c(void)	ok	functions/00076588_thunk_FUN_0007004c.c	
00076598	thunk_FUN_000700b0	undefined thunk_FUN_000700b0(void)	ok	functions/00076598_thunk_FUN_000700b0.c	
000765a8	android_getCpuFamily	undefined android_getCpuFamily(void)	ok	functions/000765a8_android_getCpuFamily.c	
000765b8	android_getCpuFeatures	undefined android_getCpuFeatures(void)	ok	functions/000765b8_android_getCpuFeatures.c	
00076608	__cxa_begin_cleanup	undefined __cxa_begin_cleanup(void)	ok	functions/00076608___cxa_begin_cleanup.c	
00076618	__cxa_type_match	undefined __cxa_type_match(void)	ok	functions/00076618___cxa_type_match.c	
00080000	<EXTERNAL>::__cxa_finalize	undefined __cxa_finalize(void)	ok	functions/00080000__EXTERNAL_____cxa_finalize.c	
00080004	<EXTERNAL>::__cxa_atexit	undefined __cxa_atexit(void)	ok	functions/00080004__EXTERNAL_____cxa_atexit.c	
00080008	<EXTERNAL>::vsnprintf	int vsnprintf(char * __s, size_t __maxlen, char * __format, __gnuc_va_list __arg)	ok	functions/00080008__EXTERNAL___vsnprintf.c	
0008000c	<EXTERNAL>::__stack_chk_fail	noreturn undefined __stack_chk_fail(void)	ok	functions/0008000c__EXTERNAL_____stack_chk_fail.c	
00080014	<EXTERNAL>::fflush	int fflush(FILE * __stream)	ok	functions/00080014__EXTERNAL___fflush.c	
00080018	<EXTERNAL>::fprintf	int fprintf(FILE * __stream, char * __format, ...)	ok	functions/00080018__EXTERNAL___fprintf.c	
0008001c	<EXTERNAL>::fwrite	size_t fwrite(void * __ptr, size_t __size, size_t __n, FILE * __s)	ok	functions/0008001c__EXTERNAL___fwrite.c	
00080020	<EXTERNAL>::fread	size_t fread(void * __ptr, size_t __size, size_t __n, FILE * __stream)	ok	functions/00080020__EXTERNAL___fread.c	
00080024	<EXTERNAL>::ftell	long ftell(FILE * __stream)	ok	functions/00080024__EXTERNAL___ftell.c	
00080028	<EXTERNAL>::fseek	int fseek(FILE * __stream, long __off, int __whence)	ok	functions/00080028__EXTERNAL___fseek.c	
0008002c	<EXTERNAL>::fclose	int fclose(FILE * __stream)	ok	functions/0008002c__EXTERNAL___fclose.c	
00080030	<EXTERNAL>::fopen	FILE * fopen(char * __filename, char * __modes)	ok	functions/00080030__EXTERNAL___fopen.c	
00080034	<EXTERNAL>::memcpy	void * memcpy(void * __dest, void * __src, size_t __n)	ok	functions/00080034__EXTERNAL___memcpy.c	
00080038	<EXTERNAL>::strlen	size_t strlen(char * __s)	ok	functions/00080038__EXTERNAL___strlen.c	
0008003c	<EXTERNAL>::memmove	void * memmove(void * __dest, void * __src, size_t __n)	ok	functions/0008003c__EXTERNAL___memmove.c	
00080048	<EXTERNAL>::memcmp	int memcmp(void * __s1, void * __s2, size_t __n)	ok	functions/00080048__EXTERNAL___memcmp.c	
0008004c	<EXTERNAL>::atol	long atol(char * __nptr)	ok	functions/0008004c__EXTERNAL___atol.c	
00080050	<EXTERNAL>::snprintf	int snprintf(char * __s, size_t __maxlen, char * __format, ...)	ok	functions/00080050__EXTERNAL___snprintf.c	
00080054	<EXTERNAL>::__android_log_write	undefined __android_log_write(void)	ok	functions/00080054__EXTERNAL_____android_log_write.c	
00080058	<EXTERNAL>::AAssetManager_open	undefined AAssetManager_open(void)	ok	functions/00080058__EXTERNAL___AAssetManager_open.c	
0008005c	<EXTERNAL>::mkdir	int mkdir(char * __path, __mode_t __mode)	ok	functions/0008005c__EXTERNAL___mkdir.c	
00080060	<EXTERNAL>::__errno	undefined __errno(void)	ok	functions/00080060__EXTERNAL_____errno.c	
00080064	<EXTERNAL>::AAssetManager_fromJava	undefined AAssetManager_fromJava(void)	ok	functions/00080064__EXTERNAL___AAssetManager_fromJava.c	
00080068	<EXTERNAL>::__aeabi_atexit	undefined __aeabi_atexit(void)	ok	functions/00080068__EXTERNAL_____aeabi_atexit.c	
0008006c	<EXTERNAL>::AAsset_close	undefined AAsset_close(void)	ok	functions/0008006c__EXTERNAL___AAsset_close.c	
00080070	<EXTERNAL>::AAsset_getLength	undefined AAsset_getLength(void)	ok	functions/00080070__EXTERNAL___AAsset_getLength.c	
00080074	<EXTERNAL>::AAsset_getBuffer	undefined AAsset_getBuffer(void)	ok	functions/00080074__EXTERNAL___AAsset_getBuffer.c	
00080078	<EXTERNAL>::memset	void * memset(void * __s, int __c, size_t __n)	ok	functions/00080078__EXTERNAL___memset.c	
0008007c	<EXTERNAL>::malloc	void * malloc(size_t __size)	ok	functions/0008007c__EXTERNAL___malloc.c	
00080080	<EXTERNAL>::free	void free(void * __ptr)	ok	functions/00080080__EXTERNAL___free.c	
00080084	<EXTERNAL>::srand48	void srand48(long __seedval)	ok	functions/00080084__EXTERNAL___srand48.c	
00080088	<EXTERNAL>::glNormalPointer	undefined glNormalPointer(void)	ok	functions/00080088__EXTERNAL___glNormalPointer.c	
0008008c	<EXTERNAL>::glBlendFunc	undefined glBlendFunc(void)	ok	functions/0008008c__EXTERNAL___glBlendFunc.c	
00080090	<EXTERNAL>::glAlphaFunc	undefined glAlphaFunc(void)	ok	functions/00080090__EXTERNAL___glAlphaFunc.c	
00080094	<EXTERNAL>::glEnable	undefined glEnable(void)	ok	functions/00080094__EXTERNAL___glEnable.c	
00080098	<EXTERNAL>::glDisable	undefined glDisable(void)	ok	functions/00080098__EXTERNAL___glDisable.c	
0008009c	<EXTERNAL>::glCullFace	undefined glCullFace(void)	ok	functions/0008009c__EXTERNAL___glCullFace.c	
000800a0	<EXTERNAL>::glFrontFace	undefined glFrontFace(void)	ok	functions/000800a0__EXTERNAL___glFrontFace.c	
000800a4	<EXTERNAL>::glDepthFunc	undefined glDepthFunc(void)	ok	functions/000800a4__EXTERNAL___glDepthFunc.c	
000800a8	<EXTERNAL>::glDepthMask	undefined glDepthMask(void)	ok	functions/000800a8__EXTERNAL___glDepthMask.c	
000800ac	<EXTERNAL>::glColor4f	undefined glColor4f(void)	ok	functions/000800ac__EXTERNAL___glColor4f.c	
000800b0	<EXTERNAL>::glColorMask	undefined glColorMask(void)	ok	functions/000800b0__EXTERNAL___glColorMask.c	
000800b4	<EXTERNAL>::glLogicOp	undefined glLogicOp(void)	ok	functions/000800b4__EXTERNAL___glLogicOp.c	
000800b8	<EXTERNAL>::glClientActiveTexture	undefined glClientActiveTexture(void)	ok	functions/000800b8__EXTERNAL___glClientActiveTexture.c	
000800bc	<EXTERNAL>::glDisableClientState	undefined glDisableClientState(void)	ok	functions/000800bc__EXTERNAL___glDisableClientState.c	
000800c0	<EXTERNAL>::glEnableClientState	undefined glEnableClientState(void)	ok	functions/000800c0__EXTERNAL___glEnableClientState.c	
000800c4	<EXTERNAL>::glDrawElements	undefined glDrawElements(void)	ok	functions/000800c4__EXTERNAL___glDrawElements.c	
000800c8	<EXTERNAL>::glClearColor	undefined glClearColor(void)	ok	functions/000800c8__EXTERNAL___glClearColor.c	
000800cc	<EXTERNAL>::glClear	undefined glClear(void)	ok	functions/000800cc__EXTERNAL___glClear.c	
000800d0	<EXTERNAL>::glFinish	undefined glFinish(void)	ok	functions/000800d0__EXTERNAL___glFinish.c	
000800d4	<EXTERNAL>::glFlush	undefined glFlush(void)	ok	functions/000800d4__EXTERNAL___glFlush.c	
000800d8	<EXTERNAL>::glMatrixMode	undefined glMatrixMode(void)	ok	functions/000800d8__EXTERNAL___glMatrixMode.c	
000800dc	<EXTERNAL>::glLoadMatrixf	undefined glLoadMatrixf(void)	ok	functions/000800dc__EXTERNAL___glLoadMatrixf.c	
000800e0	<EXTERNAL>::glLoadIdentity	undefined glLoadIdentity(void)	ok	functions/000800e0__EXTERNAL___glLoadIdentity.c	
000800e4	<EXTERNAL>::glGenTextures	undefined glGenTextures(void)	ok	functions/000800e4__EXTERNAL___glGenTextures.c	
000800e8	<EXTERNAL>::glDeleteTextures	undefined glDeleteTextures(void)	ok	functions/000800e8__EXTERNAL___glDeleteTextures.c	
000800ec	<EXTERNAL>::glBindTexture	undefined glBindTexture(void)	ok	functions/000800ec__EXTERNAL___glBindTexture.c	
000800f0	<EXTERNAL>::glActiveTexture	undefined glActiveTexture(void)	ok	functions/000800f0__EXTERNAL___glActiveTexture.c	
000800f4	<EXTERNAL>::glTexParameteri	undefined glTexParameteri(void)	ok	functions/000800f4__EXTERNAL___glTexParameteri.c	
000800f8	<EXTERNAL>::glTexEnvi	undefined glTexEnvi(void)	ok	functions/000800f8__EXTERNAL___glTexEnvi.c	
000800fc	<EXTERNAL>::glTexEnvf	undefined glTexEnvf(void)	ok	functions/000800fc__EXTERNAL___glTexEnvf.c	
00080100	<EXTERNAL>::glTexParameterf	undefined glTexParameterf(void)	ok	functions/00080100__EXTERNAL___glTexParameterf.c	
00080104	<EXTERNAL>::glTexEnvfv	undefined glTexEnvfv(void)	ok	functions/00080104__EXTERNAL___glTexEnvfv.c	
00080108	<EXTERNAL>::glFogf	undefined glFogf(void)	ok	functions/00080108__EXTERNAL___glFogf.c	
0008010c	<EXTERNAL>::glFogfv	undefined glFogfv(void)	ok	functions/0008010c__EXTERNAL___glFogfv.c	
00080110	<EXTERNAL>::glCopyTexImage2D	undefined glCopyTexImage2D(void)	ok	functions/00080110__EXTERNAL___glCopyTexImage2D.c	
00080114	<EXTERNAL>::glGenBuffers	undefined glGenBuffers(void)	ok	functions/00080114__EXTERNAL___glGenBuffers.c	
00080118	<EXTERNAL>::glDeleteBuffers	undefined glDeleteBuffers(void)	ok	functions/00080118__EXTERNAL___glDeleteBuffers.c	
0008011c	<EXTERNAL>::glBindBuffer	undefined glBindBuffer(void)	ok	functions/0008011c__EXTERNAL___glBindBuffer.c	
00080120	<EXTERNAL>::glBufferData	undefined glBufferData(void)	ok	functions/00080120__EXTERNAL___glBufferData.c	
00080124	<EXTERNAL>::glBufferSubData	undefined glBufferSubData(void)	ok	functions/00080124__EXTERNAL___glBufferSubData.c	
00080128	<EXTERNAL>::glGetError	undefined glGetError(void)	ok	functions/00080128__EXTERNAL___glGetError.c	
0008012c	<EXTERNAL>::glDepthRangef	undefined glDepthRangef(void)	ok	functions/0008012c__EXTERNAL___glDepthRangef.c	
00080130	<EXTERNAL>::glViewport	undefined glViewport(void)	ok	functions/00080130__EXTERNAL___glViewport.c	
00080134	<EXTERNAL>::glReadPixels	undefined glReadPixels(void)	ok	functions/00080134__EXTERNAL___glReadPixels.c	
00080138	<EXTERNAL>::glTexImage2D	undefined glTexImage2D(void)	ok	functions/00080138__EXTERNAL___glTexImage2D.c	
0008013c	<EXTERNAL>::glCompressedTexImage2D	undefined glCompressedTexImage2D(void)	ok	functions/0008013c__EXTERNAL___glCompressedTexImage2D.c	
00080140	<EXTERNAL>::glGetString	undefined glGetString(void)	ok	functions/00080140__EXTERNAL___glGetString.c	
00080144	<EXTERNAL>::glGetFloatv	undefined glGetFloatv(void)	ok	functions/00080144__EXTERNAL___glGetFloatv.c	
00080148	<EXTERNAL>::glVertexPointer	undefined glVertexPointer(void)	ok	functions/00080148__EXTERNAL___glVertexPointer.c	
0008014c	<EXTERNAL>::glColorPointer	undefined glColorPointer(void)	ok	functions/0008014c__EXTERNAL___glColorPointer.c	
00080150	<EXTERNAL>::glTexCoordPointer	undefined glTexCoordPointer(void)	ok	functions/00080150__EXTERNAL___glTexCoordPointer.c	
00080154	<EXTERNAL>::strcasecmp	int strcasecmp(char * __s1, char * __s2)	ok	functions/00080154__EXTERNAL___strcasecmp.c	
00080158	<EXTERNAL>::lrand48	long lrand48(void)	ok	functions/00080158__EXTERNAL___lrand48.c	
0008015c	<EXTERNAL>::mktime	time_t mktime(tm * __tp)	ok	functions/0008015c__EXTERNAL___mktime.c	
00080160	<EXTERNAL>::difftime	double difftime(time_t __time1, time_t __time0)	ok	functions/00080160__EXTERNAL___difftime.c	
00080164	<EXTERNAL>::puts	int puts(char * __s)	ok	functions/00080164__EXTERNAL___puts.c	
00080168	<EXTERNAL>::abort	noreturn void abort(void)	ok	functions/00080168__EXTERNAL___abort.c	
0008016c	<EXTERNAL>::time	time_t time(time_t * __timer)	ok	functions/0008016c__EXTERNAL___time.c	
00080170	<EXTERNAL>::gmtime_r	tm * gmtime_r(time_t * __timer, tm * __tp)	ok	functions/00080170__EXTERNAL___gmtime_r.c	
00080174	<EXTERNAL>::localtime_r	tm * localtime_r(time_t * __timer, tm * __tp)	ok	functions/00080174__EXTERNAL___localtime_r.c	
00080178	<EXTERNAL>::clock_gettime	int clock_gettime(clockid_t __clock_id, timespec * __tp)	ok	functions/00080178__EXTERNAL___clock_gettime.c	
0008017c	<EXTERNAL>::usleep	int usleep(__useconds_t __useconds)	ok	functions/0008017c__EXTERNAL___usleep.c	
00080180	<EXTERNAL>::iswspace	int iswspace(wint_t __wc)	ok	functions/00080180__EXTERNAL___iswspace.c	
00080184	<EXTERNAL>::pthread_mutex_lock	int pthread_mutex_lock(pthread_mutex_t * __mutex)	ok	functions/00080184__EXTERNAL___pthread_mutex_lock.c	
00080188	<EXTERNAL>::pthread_cond_timedwait_monotonic_np	undefined pthread_cond_timedwait_monotonic_np(void)	ok	functions/00080188__EXTERNAL___pthread_cond_timedwait_monotonic_np.c	
0008018c	<EXTERNAL>::pthread_mutex_unlock	int pthread_mutex_unlock(pthread_mutex_t * __mutex)	ok	functions/0008018c__EXTERNAL___pthread_mutex_unlock.c	
00080190	<EXTERNAL>::sched_yield	int sched_yield(void)	ok	functions/00080190__EXTERNAL___sched_yield.c	
00080194	<EXTERNAL>::pthread_mutex_init	int pthread_mutex_init(pthread_mutex_t * __mutex, pthread_mutexattr_t * __mutexattr)	ok	functions/00080194__EXTERNAL___pthread_mutex_init.c	
00080198	<EXTERNAL>::pthread_cond_init	int pthread_cond_init(pthread_cond_t * __cond, pthread_condattr_t * __cond_attr)	ok	functions/00080198__EXTERNAL___pthread_cond_init.c	
0008019c	<EXTERNAL>::open	int open(char * __file, int __oflag, ...)	ok	functions/0008019c__EXTERNAL___open.c	
000801a0	<EXTERNAL>::read	ssize_t read(int __fd, void * __buf, size_t __nbytes)	ok	functions/000801a0__EXTERNAL___read.c	
000801a4	<EXTERNAL>::close	int close(int __fd)	ok	functions/000801a4__EXTERNAL___close.c	
000801a8	<EXTERNAL>::memchr	void * memchr(void * __s, int __c, size_t __n)	ok	functions/000801a8__EXTERNAL___memchr.c	
000801ac	<EXTERNAL>::memmem	void * memmem(void * __haystack, size_t __haystacklen, void * __needle, size_t __needlelen)	ok	functions/000801ac__EXTERNAL___memmem.c	
000801b0	<EXTERNAL>::strtol	long strtol(char * __nptr, char * * __endptr, int __base)	ok	functions/000801b0__EXTERNAL___strtol.c	
000801b4	<EXTERNAL>::pthread_once	int pthread_once(pthread_once_t * __once_control, __init_routine * __init_routine)	ok	functions/000801b4__EXTERNAL___pthread_once.c	
000801b8	<EXTERNAL>::munmap	int munmap(void * __addr, size_t __len)	ok	functions/000801b8__EXTERNAL___munmap.c	
000801bc	<EXTERNAL>::pthread_mutex_destroy	int pthread_mutex_destroy(pthread_mutex_t * __mutex)	ok	functions/000801bc__EXTERNAL___pthread_mutex_destroy.c	
000801c0	<EXTERNAL>::pthread_key_delete	int pthread_key_delete(pthread_key_t __key)	ok	functions/000801c0__EXTERNAL___pthread_key_delete.c	
000801c4	<EXTERNAL>::pthread_getspecific	void * pthread_getspecific(pthread_key_t __key)	ok	functions/000801c4__EXTERNAL___pthread_getspecific.c	
000801c8	<EXTERNAL>::pthread_setspecific	int pthread_setspecific(pthread_key_t __key, void * __pointer)	ok	functions/000801c8__EXTERNAL___pthread_setspecific.c	
000801cc	<EXTERNAL>::mmap	void * mmap(void * __addr, size_t __len, int __prot, int __flags, int __fd, __off_t __offset)	ok	functions/000801cc__EXTERNAL___mmap.c	
000801d0	<EXTERNAL>::pthread_key_create	int pthread_key_create(pthread_key_t * __key, __destr_function * __destr_function)	ok	functions/000801d0__EXTERNAL___pthread_key_create.c	
000801d4	<EXTERNAL>::__assert2	undefined __assert2(void)	ok	functions/000801d4__EXTERNAL_____assert2.c	
000801d8	<EXTERNAL>::dlopen	undefined dlopen(void)	ok	functions/000801d8__EXTERNAL___dlopen.c	
000801dc	<EXTERNAL>::dlsym	undefined dlsym(void)	ok	functions/000801dc__EXTERNAL___dlsym.c	
000801e0	<EXTERNAL>::dlclose	undefined dlclose(void)	ok	functions/000801e0__EXTERNAL___dlclose.c	
000801e8	<EXTERNAL>::pthread_cond_wait	int pthread_cond_wait(pthread_cond_t * __cond, pthread_mutex_t * __mutex)	ok	functions/000801e8__EXTERNAL___pthread_cond_wait.c	
000801ec	<EXTERNAL>::pthread_cond_broadcast	int pthread_cond_broadcast(pthread_cond_t * __cond)	ok	functions/000801ec__EXTERNAL___pthread_cond_broadcast.c	
000801f0	<EXTERNAL>::strcmp	int strcmp(char * __s1, char * __s2)	ok	functions/000801f0__EXTERNAL___strcmp.c	
000801f4	<EXTERNAL>::strncpy	char * strncpy(char * __dest, char * __src, size_t __n)	ok	functions/000801f4__EXTERNAL___strncpy.c	
000801f8	<EXTERNAL>::realloc	void * realloc(void * __ptr, size_t __size)	ok	functions/000801f8__EXTERNAL___realloc.c	
000801fc	<EXTERNAL>::raise	int raise(int __sig)	ok	functions/000801fc__EXTERNAL___raise.c	
00080200	<EXTERNAL>::__gnu_Unwind_Find_exidx	undefined __gnu_Unwind_Find_exidx(void)	ok	functions/00080200__EXTERNAL_____gnu_Unwind_Find_exidx.c	
