address	name	signature	status	file	diagnostic
0002d7c8	FUN_0002d7c8	undefined FUN_0002d7c8(void)	ok	functions/0002d7c8_FUN_0002d7c8.c	
0002d7d8	<EXTERNAL>::__cxa_atexit	undefined __cxa_atexit(void)	ok	functions/0002d7d8__EXTERNAL_____cxa_atexit.c	
0002d7e8	<EXTERNAL>::__stack_chk_fail	noreturn undefined __stack_chk_fail(void)	ok	functions/0002d7e8__EXTERNAL_____stack_chk_fail.c	
0002d7f8	<EXTERNAL>::__cxa_finalize	undefined __cxa_finalize(void)	ok	functions/0002d7f8__EXTERNAL_____cxa_finalize.c	
0002d808	<EXTERNAL>::vsnprintf	int vsnprintf(char * __s, size_t __maxlen, char * __format, __gnuc_va_list __arg)	ok	functions/0002d808__EXTERNAL___vsnprintf.c	
0002d818	<EXTERNAL>::fflush	int fflush(FILE * __stream)	ok	functions/0002d818__EXTERNAL___fflush.c	
0002d828	<EXTERNAL>::fprintf	int fprintf(FILE * __stream, char * __format, ...)	ok	functions/0002d828__EXTERNAL___fprintf.c	
0002d838	<EXTERNAL>::fwrite	size_t fwrite(void * __ptr, size_t __size, size_t __n, FILE * __s)	ok	functions/0002d838__EXTERNAL___fwrite.c	
0002d848	<EXTERNAL>::fread	size_t fread(void * __ptr, size_t __size, size_t __n, FILE * __stream)	ok	functions/0002d848__EXTERNAL___fread.c	
0002d858	<EXTERNAL>::ftell	long ftell(FILE * __stream)	ok	functions/0002d858__EXTERNAL___ftell.c	
0002d868	<EXTERNAL>::fseek	int fseek(FILE * __stream, long __off, int __whence)	ok	functions/0002d868__EXTERNAL___fseek.c	
0002d878	<EXTERNAL>::fclose	int fclose(FILE * __stream)	ok	functions/0002d878__EXTERNAL___fclose.c	
0002d888	<EXTERNAL>::fopen	FILE * fopen(char * __filename, char * __modes)	ok	functions/0002d888__EXTERNAL___fopen.c	
0002d898	<EXTERNAL>::memcpy	void * memcpy(void * __dest, void * __src, size_t __n)	ok	functions/0002d898__EXTERNAL___memcpy.c	
0002d8a8	<EXTERNAL>::strlen	size_t strlen(char * __s)	ok	functions/0002d8a8__EXTERNAL___strlen.c	
0002d8b8	<EXTERNAL>::memmove	void * memmove(void * __dest, void * __src, size_t __n)	ok	functions/0002d8b8__EXTERNAL___memmove.c	
0002d8c8	<EXTERNAL>::memcmp	int memcmp(void * __s1, void * __s2, size_t __n)	ok	functions/0002d8c8__EXTERNAL___memcmp.c	
0002d8d8	<EXTERNAL>::atol	long atol(char * __nptr)	ok	functions/0002d8d8__EXTERNAL___atol.c	
0002d8e8	<EXTERNAL>::snprintf	int snprintf(char * __s, size_t __maxlen, char * __format, ...)	ok	functions/0002d8e8__EXTERNAL___snprintf.c	
0002d8f8	<EXTERNAL>::__android_log_write	undefined __android_log_write(void)	ok	functions/0002d8f8__EXTERNAL_____android_log_write.c	
0002d908	<EXTERNAL>::AAssetManager_open	undefined AAssetManager_open(void)	ok	functions/0002d908__EXTERNAL___AAssetManager_open.c	
0002d918	<EXTERNAL>::mkdir	int mkdir(char * __path, __mode_t __mode)	ok	functions/0002d918__EXTERNAL___mkdir.c	
0002d928	<EXTERNAL>::__errno	undefined __errno(void)	ok	functions/0002d928__EXTERNAL_____errno.c	
0002d938	<EXTERNAL>::AAssetManager_fromJava	undefined AAssetManager_fromJava(void)	ok	functions/0002d938__EXTERNAL___AAssetManager_fromJava.c	
0002d948	<EXTERNAL>::AAsset_close	undefined AAsset_close(void)	ok	functions/0002d948__EXTERNAL___AAsset_close.c	
0002d958	<EXTERNAL>::AAsset_getLength	undefined AAsset_getLength(void)	ok	functions/0002d958__EXTERNAL___AAsset_getLength.c	
0002d968	<EXTERNAL>::AAsset_getBuffer	undefined AAsset_getBuffer(void)	ok	functions/0002d968__EXTERNAL___AAsset_getBuffer.c	
0002d978	<EXTERNAL>::tanf	float tanf(float __x)	ok	functions/0002d978__EXTERNAL___tanf.c	
0002d988	<EXTERNAL>::atanf	float atanf(float __x)	ok	functions/0002d988__EXTERNAL___atanf.c	
0002d998	<EXTERNAL>::memset	void * memset(void * __s, int __c, size_t __n)	ok	functions/0002d998__EXTERNAL___memset.c	
0002d9a8	<EXTERNAL>::malloc	void * malloc(size_t __size)	ok	functions/0002d9a8__EXTERNAL___malloc.c	
0002d9b8	<EXTERNAL>::free	void free(void * __ptr)	ok	functions/0002d9b8__EXTERNAL___free.c	
0002d9c8	<EXTERNAL>::srand48	void srand48(long __seedval)	ok	functions/0002d9c8__EXTERNAL___srand48.c	
0002d9d8	<EXTERNAL>::glNormalPointer	undefined glNormalPointer(void)	ok	functions/0002d9d8__EXTERNAL___glNormalPointer.c	
0002d9e8	<EXTERNAL>::glBlendFunc	undefined glBlendFunc(void)	ok	functions/0002d9e8__EXTERNAL___glBlendFunc.c	
0002d9f8	<EXTERNAL>::glAlphaFunc	undefined glAlphaFunc(void)	ok	functions/0002d9f8__EXTERNAL___glAlphaFunc.c	
0002da08	<EXTERNAL>::glEnable	undefined glEnable(void)	ok	functions/0002da08__EXTERNAL___glEnable.c	
0002da18	<EXTERNAL>::glDisable	undefined glDisable(void)	ok	functions/0002da18__EXTERNAL___glDisable.c	
0002da28	<EXTERNAL>::glCullFace	undefined glCullFace(void)	ok	functions/0002da28__EXTERNAL___glCullFace.c	
0002da38	<EXTERNAL>::glFrontFace	undefined glFrontFace(void)	ok	functions/0002da38__EXTERNAL___glFrontFace.c	
0002da48	<EXTERNAL>::glDepthFunc	undefined glDepthFunc(void)	ok	functions/0002da48__EXTERNAL___glDepthFunc.c	
0002da58	<EXTERNAL>::glDepthMask	undefined glDepthMask(void)	ok	functions/0002da58__EXTERNAL___glDepthMask.c	
0002da68	<EXTERNAL>::glColor4f	undefined glColor4f(void)	ok	functions/0002da68__EXTERNAL___glColor4f.c	
0002da78	<EXTERNAL>::glColorMask	undefined glColorMask(void)	ok	functions/0002da78__EXTERNAL___glColorMask.c	
0002da88	<EXTERNAL>::glLogicOp	undefined glLogicOp(void)	ok	functions/0002da88__EXTERNAL___glLogicOp.c	
0002da98	<EXTERNAL>::glClientActiveTexture	undefined glClientActiveTexture(void)	ok	functions/0002da98__EXTERNAL___glClientActiveTexture.c	
0002daa8	<EXTERNAL>::glDisableClientState	undefined glDisableClientState(void)	ok	functions/0002daa8__EXTERNAL___glDisableClientState.c	
0002dab8	<EXTERNAL>::glEnableClientState	undefined glEnableClientState(void)	ok	functions/0002dab8__EXTERNAL___glEnableClientState.c	
0002dac8	<EXTERNAL>::glDrawElements	undefined glDrawElements(void)	ok	functions/0002dac8__EXTERNAL___glDrawElements.c	
0002dad8	<EXTERNAL>::glClearColor	undefined glClearColor(void)	ok	functions/0002dad8__EXTERNAL___glClearColor.c	
0002dae8	<EXTERNAL>::glClear	undefined glClear(void)	ok	functions/0002dae8__EXTERNAL___glClear.c	
0002daf8	<EXTERNAL>::glFinish	undefined glFinish(void)	ok	functions/0002daf8__EXTERNAL___glFinish.c	
0002db08	<EXTERNAL>::glFlush	undefined glFlush(void)	ok	functions/0002db08__EXTERNAL___glFlush.c	
0002db18	<EXTERNAL>::glMatrixMode	undefined glMatrixMode(void)	ok	functions/0002db18__EXTERNAL___glMatrixMode.c	
0002db28	<EXTERNAL>::glLoadMatrixf	undefined glLoadMatrixf(void)	ok	functions/0002db28__EXTERNAL___glLoadMatrixf.c	
0002db38	<EXTERNAL>::glLoadIdentity	undefined glLoadIdentity(void)	ok	functions/0002db38__EXTERNAL___glLoadIdentity.c	
0002db48	<EXTERNAL>::glGenTextures	undefined glGenTextures(void)	ok	functions/0002db48__EXTERNAL___glGenTextures.c	
0002db58	<EXTERNAL>::glDeleteTextures	undefined glDeleteTextures(void)	ok	functions/0002db58__EXTERNAL___glDeleteTextures.c	
0002db68	<EXTERNAL>::glBindTexture	undefined glBindTexture(void)	ok	functions/0002db68__EXTERNAL___glBindTexture.c	
0002db78	<EXTERNAL>::glActiveTexture	undefined glActiveTexture(void)	ok	functions/0002db78__EXTERNAL___glActiveTexture.c	
0002db88	<EXTERNAL>::glTexParameteri	undefined glTexParameteri(void)	ok	functions/0002db88__EXTERNAL___glTexParameteri.c	
0002db98	<EXTERNAL>::glTexEnvi	undefined glTexEnvi(void)	ok	functions/0002db98__EXTERNAL___glTexEnvi.c	
0002dba8	<EXTERNAL>::glTexEnvf	undefined glTexEnvf(void)	ok	functions/0002dba8__EXTERNAL___glTexEnvf.c	
0002dbb8	<EXTERNAL>::glTexParameterf	undefined glTexParameterf(void)	ok	functions/0002dbb8__EXTERNAL___glTexParameterf.c	
0002dbc8	<EXTERNAL>::glTexEnvfv	undefined glTexEnvfv(void)	ok	functions/0002dbc8__EXTERNAL___glTexEnvfv.c	
0002dbd8	<EXTERNAL>::glFogf	undefined glFogf(void)	ok	functions/0002dbd8__EXTERNAL___glFogf.c	
0002dbe8	<EXTERNAL>::glFogfv	undefined glFogfv(void)	ok	functions/0002dbe8__EXTERNAL___glFogfv.c	
0002dbf8	<EXTERNAL>::glCopyTexImage2D	undefined glCopyTexImage2D(void)	ok	functions/0002dbf8__EXTERNAL___glCopyTexImage2D.c	
0002dc08	<EXTERNAL>::glGenBuffers	undefined glGenBuffers(void)	ok	functions/0002dc08__EXTERNAL___glGenBuffers.c	
0002dc18	<EXTERNAL>::glDeleteBuffers	undefined glDeleteBuffers(void)	ok	functions/0002dc18__EXTERNAL___glDeleteBuffers.c	
0002dc28	<EXTERNAL>::glBindBuffer	undefined glBindBuffer(void)	ok	functions/0002dc28__EXTERNAL___glBindBuffer.c	
0002dc38	<EXTERNAL>::glBufferData	undefined glBufferData(void)	ok	functions/0002dc38__EXTERNAL___glBufferData.c	
0002dc48	<EXTERNAL>::glBufferSubData	undefined glBufferSubData(void)	ok	functions/0002dc48__EXTERNAL___glBufferSubData.c	
0002dc58	<EXTERNAL>::glGetError	undefined glGetError(void)	ok	functions/0002dc58__EXTERNAL___glGetError.c	
0002dc68	<EXTERNAL>::glDepthRangef	undefined glDepthRangef(void)	ok	functions/0002dc68__EXTERNAL___glDepthRangef.c	
0002dc78	<EXTERNAL>::glViewport	undefined glViewport(void)	ok	functions/0002dc78__EXTERNAL___glViewport.c	
0002dc88	<EXTERNAL>::glReadPixels	undefined glReadPixels(void)	ok	functions/0002dc88__EXTERNAL___glReadPixels.c	
0002dc98	<EXTERNAL>::glTexImage2D	undefined glTexImage2D(void)	ok	functions/0002dc98__EXTERNAL___glTexImage2D.c	
0002dca8	<EXTERNAL>::glCompressedTexImage2D	undefined glCompressedTexImage2D(void)	ok	functions/0002dca8__EXTERNAL___glCompressedTexImage2D.c	
0002dcb8	<EXTERNAL>::glGetString	undefined glGetString(void)	ok	functions/0002dcb8__EXTERNAL___glGetString.c	
0002dcc8	<EXTERNAL>::glGetFloatv	undefined glGetFloatv(void)	ok	functions/0002dcc8__EXTERNAL___glGetFloatv.c	
0002dd08	<EXTERNAL>::strcasecmp	int strcasecmp(char * __s1, char * __s2)	ok	functions/0002dd08__EXTERNAL___strcasecmp.c	
0002dd18	<EXTERNAL>::lrand48	long lrand48(void)	ok	functions/0002dd18__EXTERNAL___lrand48.c	
0002dd28	<EXTERNAL>::mktime	time_t mktime(tm * __tp)	ok	functions/0002dd28__EXTERNAL___mktime.c	
0002dd38	<EXTERNAL>::difftime	double difftime(time_t __time1, time_t __time0)	ok	functions/0002dd38__EXTERNAL___difftime.c	
0002dd48	<EXTERNAL>::cosf	float cosf(float __x)	ok	functions/0002dd48__EXTERNAL___cosf.c	
0002dd58	<EXTERNAL>::sinf	float sinf(float __x)	ok	functions/0002dd58__EXTERNAL___sinf.c	
0002dd68	<EXTERNAL>::puts	int puts(char * __s)	ok	functions/0002dd68__EXTERNAL___puts.c	
0002dd78	<EXTERNAL>::abort	noreturn void abort(void)	ok	functions/0002dd78__EXTERNAL___abort.c	
0002dd88	<EXTERNAL>::time	time_t time(time_t * __timer)	ok	functions/0002dd88__EXTERNAL___time.c	
0002dd98	<EXTERNAL>::gmtime_r	tm * gmtime_r(time_t * __timer, tm * __tp)	ok	functions/0002dd98__EXTERNAL___gmtime_r.c	
0002dda8	<EXTERNAL>::localtime_r	tm * localtime_r(time_t * __timer, tm * __tp)	ok	functions/0002dda8__EXTERNAL___localtime_r.c	
0002ddb8	<EXTERNAL>::clock_gettime	int clock_gettime(clockid_t __clock_id, timespec * __tp)	ok	functions/0002ddb8__EXTERNAL___clock_gettime.c	
0002ddc8	<EXTERNAL>::usleep	int usleep(__useconds_t __useconds)	ok	functions/0002ddc8__EXTERNAL___usleep.c	
0002ddd8	<EXTERNAL>::asinf	float asinf(float __x)	ok	functions/0002ddd8__EXTERNAL___asinf.c	
0002dde8	<EXTERNAL>::acosf	float acosf(float __x)	ok	functions/0002dde8__EXTERNAL___acosf.c	
0002ddf8	<EXTERNAL>::iswspace	int iswspace(wint_t __wc)	ok	functions/0002ddf8__EXTERNAL___iswspace.c	
0002de08	<EXTERNAL>::pthread_mutex_lock	int pthread_mutex_lock(pthread_mutex_t * __mutex)	ok	functions/0002de08__EXTERNAL___pthread_mutex_lock.c	
0002de18	<EXTERNAL>::pthread_cond_timedwait_monotonic_np	undefined pthread_cond_timedwait_monotonic_np(void)	ok	functions/0002de18__EXTERNAL___pthread_cond_timedwait_monotonic_np.c	
0002de28	<EXTERNAL>::pthread_mutex_unlock	int pthread_mutex_unlock(pthread_mutex_t * __mutex)	ok	functions/0002de28__EXTERNAL___pthread_mutex_unlock.c	
0002de38	<EXTERNAL>::sched_yield	int sched_yield(void)	ok	functions/0002de38__EXTERNAL___sched_yield.c	
0002de48	<EXTERNAL>::pthread_mutex_init	int pthread_mutex_init(pthread_mutex_t * __mutex, pthread_mutexattr_t * __mutexattr)	ok	functions/0002de48__EXTERNAL___pthread_mutex_init.c	
0002de58	<EXTERNAL>::pthread_cond_init	int pthread_cond_init(pthread_cond_t * __cond, pthread_condattr_t * __cond_attr)	ok	functions/0002de58__EXTERNAL___pthread_cond_init.c	
0002de68	<EXTERNAL>::open	int open(char * __file, int __oflag, ...)	ok	functions/0002de68__EXTERNAL___open.c	
0002de78	<EXTERNAL>::read	ssize_t read(int __fd, void * __buf, size_t __nbytes)	ok	functions/0002de78__EXTERNAL___read.c	
0002de88	<EXTERNAL>::close	int close(int __fd)	ok	functions/0002de88__EXTERNAL___close.c	
0002de98	<EXTERNAL>::memchr	void * memchr(void * __s, int __c, size_t __n)	ok	functions/0002de98__EXTERNAL___memchr.c	
0002dea8	<EXTERNAL>::pthread_once	int pthread_once(pthread_once_t * __once_control, __init_routine * __init_routine)	ok	functions/0002dea8__EXTERNAL___pthread_once.c	
0002deb8	<EXTERNAL>::munmap	int munmap(void * __addr, size_t __len)	ok	functions/0002deb8__EXTERNAL___munmap.c	
0002dec8	<EXTERNAL>::pthread_mutex_destroy	int pthread_mutex_destroy(pthread_mutex_t * __mutex)	ok	functions/0002dec8__EXTERNAL___pthread_mutex_destroy.c	
0002ded8	<EXTERNAL>::pthread_key_delete	int pthread_key_delete(pthread_key_t __key)	ok	functions/0002ded8__EXTERNAL___pthread_key_delete.c	
0002dee8	<EXTERNAL>::pthread_getspecific	void * pthread_getspecific(pthread_key_t __key)	ok	functions/0002dee8__EXTERNAL___pthread_getspecific.c	
0002def8	<EXTERNAL>::pthread_setspecific	int pthread_setspecific(pthread_key_t __key, void * __pointer)	ok	functions/0002def8__EXTERNAL___pthread_setspecific.c	
0002df08	<EXTERNAL>::mmap	void * mmap(void * __addr, size_t __len, int __prot, int __flags, int __fd, __off_t __offset)	ok	functions/0002df08__EXTERNAL___mmap.c	
0002df18	<EXTERNAL>::pthread_key_create	int pthread_key_create(pthread_key_t * __key, __destr_function * __destr_function)	ok	functions/0002df18__EXTERNAL___pthread_key_create.c	
0002df28	<EXTERNAL>::__assert2	undefined __assert2(void)	ok	functions/0002df28__EXTERNAL_____assert2.c	
0002df38	<EXTERNAL>::dlopen	undefined dlopen(void)	ok	functions/0002df38__EXTERNAL___dlopen.c	
0002df48	<EXTERNAL>::dlsym	undefined dlsym(void)	ok	functions/0002df48__EXTERNAL___dlsym.c	
0002df58	<EXTERNAL>::dlclose	undefined dlclose(void)	ok	functions/0002df58__EXTERNAL___dlclose.c	
0002df68	<EXTERNAL>::pthread_cond_wait	int pthread_cond_wait(pthread_cond_t * __cond, pthread_mutex_t * __mutex)	ok	functions/0002df68__EXTERNAL___pthread_cond_wait.c	
0002df78	<EXTERNAL>::pthread_cond_broadcast	int pthread_cond_broadcast(pthread_cond_t * __cond)	ok	functions/0002df78__EXTERNAL___pthread_cond_broadcast.c	
0002df88	<EXTERNAL>::strncpy	char * strncpy(char * __dest, char * __src, size_t __n)	ok	functions/0002df88__EXTERNAL___strncpy.c	
0002df98	<EXTERNAL>::realloc	void * realloc(void * __ptr, size_t __size)	ok	functions/0002df98__EXTERNAL___realloc.c	
0002dfa8	<EXTERNAL>::dl_iterate_phdr	undefined dl_iterate_phdr(void)	ok	functions/0002dfa8__EXTERNAL___dl_iterate_phdr.c	
0002dfc0	FUN_0002dfc0	undefined FUN_0002dfc0(void)	ok	functions/0002dfc0_FUN_0002dfc0.c	
0002e000	FUN_0002e000	noreturn undefined FUN_0002e000(void)	ok	functions/0002e000_FUN_0002e000.c	
0002e020	_FINI_0	undefined _FINI_0(void)	ok	functions/0002e020__FINI_0.c	
0002e044	FUN_0002e044	undefined FUN_0002e044(void)	ok	functions/0002e044_FUN_0002e044.c	
0002e050	STG::MSIMD::BlendVector4f_HW	undefined __cdecl BlendVector4f_HW(float * param_1, float * param_2, float * param_3, float param_4, ulong param_5)	ok	functions/0002e050_STG__MSIMD__BlendVector4f_HW.c	
0002e0a0	STG::MSIMD::Skin3Vector4f_HW	undefined __cdecl Skin3Vector4f_HW(float * param_1, float * param_2, float * param_3, float * param_4, float * param_5, float * param_6, ulong param_7)	ok	functions/0002e0a0_STG__MSIMD__Skin3Vector4f_HW.c	
0002e210	STG::FFileBase::Print	undefined __thiscall Print(FFileBase * this, char * param_1, ...)	ok	functions/0002e210_STG__FFileBase__Print.c	
0002e2e0	STG::UStringBase<char,int>::~UStringBase	undefined __thiscall ~UStringBase(UStringBase<char,int> * this)	ok	functions/0002e2e0_STG__UStringBase_char_int____UStringBase.c	
0002e340	STG::UStringBase<char,int>::~UStringBase	undefined __thiscall ~UStringBase(UStringBase<char,int> * this)	ok	functions/0002e340_STG__UStringBase_char_int____UStringBase.c	
0002e3c0	STG::FFileBase::~FFileBase	undefined __thiscall ~FFileBase(FFileBase * this)	ok	functions/0002e3c0_STG__FFileBase___FFileBase.c	
0002e430	STG::FFileBase::~FFileBase	undefined __thiscall ~FFileBase(FFileBase * this)	ok	functions/0002e430_STG__FFileBase___FFileBase.c	
0002e470	STG::FFileBase::FFileBase	undefined __thiscall FFileBase(FFileBase * this)	ok	functions/0002e470_STG__FFileBase__FFileBase.c	
0002e4c0	STG::FFileBase::Open	undefined __thiscall Open(FFileBase * this, char * param_1, EAccess param_2)	ok	functions/0002e4c0_STG__FFileBase__Open.c	
0002e520	STG::FFileBase::Open	undefined __thiscall Open(FFileBase * this, uchar * param_1, ulong param_2)	ok	functions/0002e520_STG__FFileBase__Open.c	
0002e570	STG::FFileBase::Close	undefined __thiscall Close(FFileBase * this)	ok	functions/0002e570_STG__FFileBase__Close.c	
0002e590	STG::FFileBase::GetFileSize	undefined __thiscall GetFileSize(FFileBase * this)	ok	functions/0002e590_STG__FFileBase__GetFileSize.c	
0002e5f0	STG::FFileBase::Read	undefined __thiscall Read(FFileBase * this, uchar * param_1, ulong param_2)	ok	functions/0002e5f0_STG__FFileBase__Read.c	
0002e660	STG::FFileBase::ReadAll	undefined __thiscall ReadAll(FFileBase * this, uchar * * param_1, ulong * param_2)	ok	functions/0002e660_STG__FFileBase__ReadAll.c	
0002e700	STG::FFileBase::Peek	undefined __thiscall Peek(FFileBase * this, uchar * param_1, ulong param_2)	ok	functions/0002e700_STG__FFileBase__Peek.c	
0002e780	STG::FFileBase::ReadDirect	undefined __thiscall ReadDirect(FFileBase * this, uchar * * param_1, ulong param_2)	ok	functions/0002e780_STG__FFileBase__ReadDirect.c	
0002e7c0	STG::FFileBase::ReadSkip	undefined __thiscall ReadSkip(FFileBase * this, ulong param_1)	ok	functions/0002e7c0_STG__FFileBase__ReadSkip.c	
0002e880	STG::FFileBase::Write	undefined __thiscall Write(FFileBase * this, uchar * param_1, ulong param_2)	ok	functions/0002e880_STG__FFileBase__Write.c	
0002e8e0	STG::FFileBase::GetNumBytesRead	undefined __thiscall GetNumBytesRead(FFileBase * this)	ok	functions/0002e8e0_STG__FFileBase__GetNumBytesRead.c	
0002e8f0	STG::FFileBase::GetNumBytesWritten	undefined __thiscall GetNumBytesWritten(FFileBase * this)	ok	functions/0002e8f0_STG__FFileBase__GetNumBytesWritten.c	
0002e900	STG::FFileBase::Flush	undefined __thiscall Flush(FFileBase * this)	ok	functions/0002e900_STG__FFileBase__Flush.c	
0002e915	FUN_0002e915	undefined FUN_0002e915(void)	ok	functions/0002e915_FUN_0002e915.c	
0002e930	STG::FFileDisk::GetMediaType	undefined __cdecl GetMediaType(void)	ok	functions/0002e930_STG__FFileDisk__GetMediaType.c	
0002e940	STG::FFileDisk::_FOpenMemory	undefined __cdecl _FOpenMemory(uchar * param_1, ulong param_2)	ok	functions/0002e940_STG__FFileDisk___FOpenMemory.c	
0002e950	STG::FFileDisk::_FGetIsOpen	undefined __thiscall _FGetIsOpen(FFileDisk * this)	ok	functions/0002e950_STG__FFileDisk___FGetIsOpen.c	
0002e960	STG::FFileDisk::_FReadDirect	undefined __cdecl _FReadDirect(uchar * * param_1, ulong param_2)	ok	functions/0002e960_STG__FFileDisk___FReadDirect.c	
0002e970	STG::FFileDisk::_FFlush	undefined __thiscall _FFlush(FFileDisk * this)	ok	functions/0002e970_STG__FFileDisk___FFlush.c	
0002e9a0	STG::FFileDisk::_FPrintf	undefined __thiscall _FPrintf(FFileDisk * this, char * param_1, char * param_2)	ok	functions/0002e9a0_STG__FFileDisk___FPrintf.c	
0002e9e0	STG::FFileDisk::_FWrite	undefined __thiscall _FWrite(FFileDisk * this, uchar * param_1, ulong param_2, ulong param_3)	ok	functions/0002e9e0_STG__FFileDisk___FWrite.c	
0002ea20	STG::FFileDisk::_FRead	undefined __thiscall _FRead(FFileDisk * this, uchar * param_1, ulong param_2, ulong param_3)	ok	functions/0002ea20_STG__FFileDisk___FRead.c	
0002ea60	STG::FFileDisk::_FTell	undefined __thiscall _FTell(FFileDisk * this)	ok	functions/0002ea60_STG__FFileDisk___FTell.c	
0002ea90	STG::FFileDisk::_FSeek	undefined __thiscall _FSeek(FFileDisk * this, long param_1, int param_2)	ok	functions/0002ea90_STG__FFileDisk___FSeek.c	
0002ead0	STG::FFileDisk::_FClose	undefined __thiscall _FClose(FFileDisk * this)	ok	functions/0002ead0_STG__FFileDisk___FClose.c	
0002eb10	STG::FFileDisk::_FOpenFile	undefined __thiscall _FOpenFile(FFileDisk * this, char * param_1, char * param_2)	ok	functions/0002eb10_STG__FFileDisk___FOpenFile.c	
0002eb50	STG::FFileDisk::~FFileDisk	undefined __thiscall ~FFileDisk(FFileDisk * this)	ok	functions/0002eb50_STG__FFileDisk___FFileDisk.c	
0002ebb0	STG::FFileDisk::~FFileDisk	undefined __thiscall ~FFileDisk(FFileDisk * this)	ok	functions/0002ebb0_STG__FFileDisk___FFileDisk.c	
0002ebf0	STG::FFileDisk::FFileDisk	undefined __thiscall FFileDisk(FFileDisk * this)	ok	functions/0002ebf0_STG__FFileDisk__FFileDisk.c	
0002ec40	STG::FFileDisk::FFileDisk	undefined __thiscall FFileDisk(FFileDisk * this, char * param_1, EAccess param_2)	ok	functions/0002ec40_STG__FFileDisk__FFileDisk.c	
0002eca0	STG::FFileMemory::GetMediaType	undefined __cdecl GetMediaType(void)	ok	functions/0002eca0_STG__FFileMemory__GetMediaType.c	
0002ecb0	STG::FFileMemory::_FOpenFile	undefined __cdecl _FOpenFile(char * param_1, char * param_2)	ok	functions/0002ecb0_STG__FFileMemory___FOpenFile.c	
0002ecc0	STG::FFileMemory::_FOpenMemory	undefined __thiscall _FOpenMemory(FFileMemory * this, uchar * param_1, ulong param_2)	ok	functions/0002ecc0_STG__FFileMemory___FOpenMemory.c	
0002ecf0	STG::FFileMemory::_FClose	undefined __thiscall _FClose(FFileMemory * this)	ok	functions/0002ecf0_STG__FFileMemory___FClose.c	
0002ed10	STG::FFileMemory::_FGetIsOpen	undefined __thiscall _FGetIsOpen(FFileMemory * this)	ok	functions/0002ed10_STG__FFileMemory___FGetIsOpen.c	
0002ed30	STG::FFileMemory::_FSeek	undefined __thiscall _FSeek(FFileMemory * this, long param_1, int param_2)	ok	functions/0002ed30_STG__FFileMemory___FSeek.c	
0002ed90	STG::FFileMemory::_FTell	undefined __thiscall _FTell(FFileMemory * this)	ok	functions/0002ed90_STG__FFileMemory___FTell.c	
0002eda0	STG::FFileMemory::_FReadDirect	undefined __thiscall _FReadDirect(FFileMemory * this, uchar * * param_1, ulong param_2)	ok	functions/0002eda0_STG__FFileMemory___FReadDirect.c	
0002ede0	STG::FFileMemory::_FWrite	undefined __cdecl _FWrite(uchar * param_1, ulong param_2, ulong param_3)	ok	functions/0002ede0_STG__FFileMemory___FWrite.c	
0002edf0	STG::FFileMemory::_FPrintf	undefined __cdecl _FPrintf(char * param_1, char * param_2)	ok	functions/0002edf0_STG__FFileMemory___FPrintf.c	
0002ee00	STG::FFileMemory::_FFlush	undefined __cdecl _FFlush(void)	ok	functions/0002ee00_STG__FFileMemory___FFlush.c	
0002ee10	STG::FFileMemory::_FRead	undefined __thiscall _FRead(FFileMemory * this, uchar * param_1, ulong param_2, ulong param_3)	ok	functions/0002ee10_STG__FFileMemory___FRead.c	
0002ee70	STG::FFileMemory::~FFileMemory	undefined __thiscall ~FFileMemory(FFileMemory * this)	ok	functions/0002ee70_STG__FFileMemory___FFileMemory.c	
0002eed0	STG::FFileMemory::~FFileMemory	undefined __thiscall ~FFileMemory(FFileMemory * this)	ok	functions/0002eed0_STG__FFileMemory___FFileMemory.c	
0002ef10	STG::FFileMemory::FFileMemory	undefined __thiscall FFileMemory(FFileMemory * this)	ok	functions/0002ef10_STG__FFileMemory__FFileMemory.c	
0002ef60	STG::FFileMemory::FFileMemory	undefined __thiscall FFileMemory(FFileMemory * this, uchar * param_1, ulong param_2)	ok	functions/0002ef60_STG__FFileMemory__FFileMemory.c	
0002efd0	STG::FFileManager::CloseFile	undefined __thiscall CloseFile(FFileManager * this, FFileBase * * param_1)	ok	functions/0002efd0_STG__FFileManager__CloseFile.c	
0002f000	STG::FFileManager::CreateDir	undefined __cdecl CreateDir(UStringBase * param_1)	ok	functions/0002f000_STG__FFileManager__CreateDir.c	
0002f010	STG::FFileManager::CreateTemporaryFile	undefined __cdecl CreateTemporaryFile(UStringBase * param_1)	ok	functions/0002f010_STG__FFileManager__CreateTemporaryFile.c	
0002f020	STG::FFileManager::CopyFileAbsolute	undefined __thiscall CopyFileAbsolute(FFileManager * this, UStringBase * param_1, UStringBase * param_2)	ok	functions/0002f020_STG__FFileManager__CopyFileAbsolute.c	
0002f1c0	STG::FFileManager::~FFileManager	undefined __thiscall ~FFileManager(FFileManager * this)	ok	functions/0002f1c0_STG__FFileManager___FFileManager.c	
0002f280	STG::FFileManager::~FFileManager	undefined __thiscall ~FFileManager(FFileManager * this)	ok	functions/0002f280_STG__FFileManager___FFileManager.c	
0002f350	STG::FFileManager::HasValidBasePath	undefined __thiscall HasValidBasePath(FFileManager * this)	ok	functions/0002f350_STG__FFileManager__HasValidBasePath.c	
0002f370	STG::FFileManager::ClearBasePath	undefined __thiscall ClearBasePath(FFileManager * this)	ok	functions/0002f370_STG__FFileManager__ClearBasePath.c	
0002f3a0	STG::FFileManager::GetPathFlags	undefined __thiscall GetPathFlags(FFileManager * this, UStringBase * param_1, UStringBase * param_2, UStringBase * param_3, UStringBase * param_4)	ok	functions/0002f3a0_STG__FFileManager__GetPathFlags.c	
0002f5f0	STG::FFileManager::GetIsPathAbsolute	undefined __thiscall GetIsPathAbsolute(FFileManager * this, ulong param_1)	ok	functions/0002f5f0_STG__FFileManager__GetIsPathAbsolute.c	
0002f600	STG::FFileManager::GetIsPathRelative	undefined __thiscall GetIsPathRelative(FFileManager * this, ulong param_1)	ok	functions/0002f600_STG__FFileManager__GetIsPathRelative.c	
0002f620	STG::UStringBase<char,int>::Trim	undefined __thiscall Trim(UStringBase<char,int> * this)	ok	functions/0002f620_STG__UStringBase_char_int___Trim.c	
0002f9d0	std::string::_M_append	undefined __thiscall _M_append(string * this, char * param_1, char * param_2)	ok	functions/0002f9d0_std__string___M_append.c	
0002fdd0	STG::FFileManager::GetBasePath	undefined __cdecl GetBasePath(void)	ok	functions/0002fdd0_STG__FFileManager__GetBasePath.c	
00030040	STG::FFileManager::OpenFile	undefined __thiscall OpenFile(FFileManager * this, FFileHash * param_1, EAccess param_2)	ok	functions/00030040_STG__FFileManager__OpenFile.c	
00030160	STG::UStringBase<char,int>::Find_FromEnd	undefined __thiscall Find_FromEnd(UStringBase<char,int> * this, UStringBase * param_1, UStringBase * param_2, UStringBase * param_3)	ok	functions/00030160_STG__UStringBase_char_int___Find_FromEnd.c	
000307a0	STG::FFileManager::NormalizePath	undefined __thiscall NormalizePath(FFileManager * this, UStringBase * param_1, UStringBase * param_2)	ok	functions/000307a0_STG__FFileManager__NormalizePath.c	
00030b60	FUN_00030b60	undefined FUN_00030b60(void)	ok	functions/00030b60_FUN_00030b60.c	
00031180	STG::FFileManager::GetPathComponents	undefined __thiscall GetPathComponents(FFileManager * this, UStringBase * param_1, UStringBase * param_2, UStringBase * param_3, UStringBase * param_4, UStringBase * param_5)	ok	functions/00031180_STG__FFileManager__GetPathComponents.c	
00031d80	STG::FFileManager::GetPathFlags	undefined __thiscall GetPathFlags(FFileManager * this, UStringBase * param_1)	ok	functions/00031d80_STG__FFileManager__GetPathFlags.c	
00032000	STG::FFileManager::GetIsPathRelative	undefined __thiscall GetIsPathRelative(FFileManager * this, UStringBase * param_1)	ok	functions/00032000_STG__FFileManager__GetIsPathRelative.c	
00032050	STG::FFileManager::GetIsPathAbsolute	undefined __thiscall GetIsPathAbsolute(FFileManager * this, UStringBase * param_1)	ok	functions/00032050_STG__FFileManager__GetIsPathAbsolute.c	
000320a0	STG::FFileManager::GetPathComponents	undefined __thiscall GetPathComponents(FFileManager * this, UStringBase * param_1, UStringBase * param_2, UStringBase * param_3)	ok	functions/000320a0_STG__FFileManager__GetPathComponents.c	
000329b0	STG::FFileManager::GetPathComponents	undefined __thiscall GetPathComponents(FFileManager * this, UStringBase * param_1, UStringBase * param_2, UStringBase * param_3, UStringBase * param_4)	ok	functions/000329b0_STG__FFileManager__GetPathComponents.c	
000330e0	FUN_000330e0	undefined FUN_000330e0(void)	ok	functions/000330e0_FUN_000330e0.c	
00033920	STG::FFileManager::BuildPath	undefined __thiscall BuildPath(FFileManager * this, UStringBase * param_1, UStringBase * param_2)	ok	functions/00033920_STG__FFileManager__BuildPath.c	
000339b0	STG::FFileManager::OpenFilePath	undefined __thiscall OpenFilePath(FFileManager * this, UStringBase * param_1, EAccess param_2)	ok	functions/000339b0_STG__FFileManager__OpenFilePath.c	
00033ab0	STG::FFileManager::AddBasePath	undefined __thiscall AddBasePath(FFileManager * this, UStringBase * param_1)	ok	functions/00033ab0_STG__FFileManager__AddBasePath.c	
00033f30	STG::FFileManager::MakeUniquePath	undefined __thiscall MakeUniquePath(FFileManager * this, UStringBase * param_1, UStringBase * param_2)	ok	functions/00033f30_STG__FFileManager__MakeUniquePath.c	
00035070	STG::FFileManager::BuildFileHash	undefined __cdecl BuildFileHash(UStringBase * param_1, FFileHash * param_2)	ok	functions/00035070_STG__FFileManager__BuildFileHash.c	
00035510	STG::FFileManager::BuildFileHash	undefined __cdecl BuildFileHash(UStringBase * param_1, UStringBase * param_2, FFileHash * param_3)	ok	functions/00035510_STG__FFileManager__BuildFileHash.c	
00035640	FUN_00035640	undefined FUN_00035640(void)	ok	functions/00035640_FUN_00035640.c	
00035760	STG::FLog::Print	undefined __thiscall Print(FLog * this, char * param_1, ...)	ok	functions/00035760_STG__FLog__Print.c	
00035830	STG::FLog::~FLog	undefined __thiscall ~FLog(FLog * this)	ok	functions/00035830_STG__FLog___FLog.c	
00035880	STG::FLog::~FLog	undefined __thiscall ~FLog(FLog * this)	ok	functions/00035880_STG__FLog___FLog.c	
000358c0	STG::FLog::FLog	undefined __thiscall FLog(FLog * this, char * param_1)	ok	functions/000358c0_STG__FLog__FLog.c	
00035920	STG::FFileManager_Android::OpenFilePath	undefined __thiscall OpenFilePath(FFileManager_Android * this, UStringBase * param_1, EAccess param_2)	ok	functions/00035920_STG__FFileManager_Android__OpenFilePath.c	
000359c0	STG::FFileManager_Android::CreateDir	undefined __thiscall CreateDir(FFileManager_Android * this, UStringBase * param_1)	ok	functions/000359c0_STG__FFileManager_Android__CreateDir.c	
00035a10	STG::FFileManager_Android::~FFileManager_Android	undefined __thiscall ~FFileManager_Android(FFileManager_Android * this)	ok	functions/00035a10_STG__FFileManager_Android___FFileManager_Android.c	
00035ad0	STG::FFileManager_Android::~FFileManager_Android	undefined __thiscall ~FFileManager_Android(FFileManager_Android * this)	ok	functions/00035ad0_STG__FFileManager_Android___FFileManager_Android.c	
00035ba0	STG::FFileManager_Android::HasAssetManager	undefined __thiscall HasAssetManager(FFileManager_Android * this)	ok	functions/00035ba0_STG__FFileManager_Android__HasAssetManager.c	
00035bc0	STG::FFileManager_Android::SetAssetManager	undefined __cdecl SetAssetManager(_JNIEnv * param_1, _jobject * param_2)	ok	functions/00035bc0_STG__FFileManager_Android__SetAssetManager.c	
00035c40	STG::FFileManager_Android::ClearAssetManager	undefined __thiscall ClearAssetManager(FFileManager_Android * this, _JNIEnv * param_1)	ok	functions/00035c40_STG__FFileManager_Android__ClearAssetManager.c	
00035c80	STG::FFileManagerScoped::FFileManagerScoped	undefined __thiscall FFileManagerScoped(FFileManagerScoped * this, _JNIEnv * param_1, _jobject * param_2)	ok	functions/00035c80_STG__FFileManagerScoped__FFileManagerScoped.c	
00035e60	STG::FFileManagerScoped::~FFileManagerScoped	undefined __thiscall ~FFileManagerScoped(FFileManagerScoped * this)	ok	functions/00035e60_STG__FFileManagerScoped___FFileManagerScoped.c	
00035f30	STG::FFileManagerScoped::IsValid	undefined __cdecl IsValid(void)	ok	functions/00035f30_STG__FFileManagerScoped__IsValid.c	
00035ff0	STG::FFileManagerScoped::Open	undefined __thiscall Open(FFileManagerScoped * this, UStringBase * param_1)	ok	functions/00035ff0_STG__FFileManagerScoped__Open.c	
000360c0	STG::FFileManagerScoped::Close	undefined __thiscall Close(FFileManagerScoped * this, FFileBase * * param_1)	ok	functions/000360c0_STG__FFileManagerScoped__Close.c	
00036190	STG::FFileMemory_Android::~FFileMemory_Android	undefined __thiscall ~FFileMemory_Android(FFileMemory_Android * this)	ok	functions/00036190_STG__FFileMemory_Android___FFileMemory_Android.c	
000361e0	STG::FFileMemory_Android::~FFileMemory_Android	undefined __thiscall ~FFileMemory_Android(FFileMemory_Android * this)	ok	functions/000361e0_STG__FFileMemory_Android___FFileMemory_Android.c	
00036220	STG::FFileMemory_Android::FFileMemory_Android	undefined __thiscall FFileMemory_Android(FFileMemory_Android * this, AAsset * param_1)	ok	functions/00036220_STG__FFileMemory_Android__FFileMemory_Android.c	
000362a0	STG::GEAnimationTrack::Initialize	undefined __thiscall Initialize(GEAnimationTrack * this, float param_1, ulong param_2, UTimeValue * param_3, UTimeValue * param_4, EDriver param_5, UTimeValue * param_6)	ok	functions/000362a0_STG__GEAnimationTrack__Initialize.c	
000364c0	STG::GEAnimationTrack::Evaluate	undefined __thiscall Evaluate(GEAnimationTrack * this, EDriver param_1, GEAnimationTimeData * param_2, bool param_3, UTimeValue * param_4, ulong * param_5, float * param_6)	ok	functions/000364c0_STG__GEAnimationTrack__Evaluate.c	
000367d0	STG::GEAnimationTrack::Evaluate	undefined __thiscall Evaluate(GEAnimationTrack * this, EDriver param_1, GEAnimationTimeData * param_2, bool param_3, UTimeValue * param_4)	ok	functions/000367d0_STG__GEAnimationTrack__Evaluate.c	
000368a0	STG::GEBufferObject::GEBufferObject	undefined __thiscall GEBufferObject(GEBufferObject * this, EType param_1, EUsage param_2)	ok	functions/000368a0_STG__GEBufferObject__GEBufferObject.c	
000368f0	STG::GEBufferObject::Deallocate	undefined __thiscall Deallocate(GEBufferObject * this)	ok	functions/000368f0_STG__GEBufferObject__Deallocate.c	
00036950	STG::GEBufferObject::~GEBufferObject	undefined __thiscall ~GEBufferObject(GEBufferObject * this)	ok	functions/00036950_STG__GEBufferObject___GEBufferObject.c	
00036980	STG::GEBufferObject::~GEBufferObject	undefined __thiscall ~GEBufferObject(GEBufferObject * this)	ok	functions/00036980_STG__GEBufferObject___GEBufferObject.c	
000369c0	STG::GEBufferObject::Bind	undefined __thiscall Bind(GEBufferObject * this)	ok	functions/000369c0_STG__GEBufferObject__Bind.c	
000369f0	STG::GEBufferObject::Unbind	undefined __thiscall Unbind(GEBufferObject * this)	ok	functions/000369f0_STG__GEBufferObject__Unbind.c	
00036a20	STG::GEBufferObject::Allocate	undefined __cdecl Allocate(ulong param_1)	ok	functions/00036a20_STG__GEBufferObject__Allocate.c	
00036ab0	STG::GEBufferObject::Update	undefined __thiscall Update(GEBufferObject * this, uchar * param_1)	ok	functions/00036ab0_STG__GEBufferObject__Update.c	
00036b10	STG::GECamera::~GECamera	undefined __thiscall ~GECamera(GECamera * this)	ok	functions/00036b10_STG__GECamera___GECamera.c	
00036b30	STG::GECamera::~GECamera	undefined __thiscall ~GECamera(GECamera * this)	ok	functions/00036b30_STG__GECamera___GECamera.c	
00036b70	STG::GECamera::SetLookAtParams	undefined __thiscall SetLookAtParams(GECamera * this, MVector3 * param_1, MVector3 * param_2, MVector3 * param_3)	ok	functions/00036b70_STG__GECamera__SetLookAtParams.c	
00036be0	STG::GECamera::ApplyViewport	undefined __thiscall ApplyViewport(GECamera * this, GEViewport * param_1)	ok	functions/00036be0_STG__GECamera__ApplyViewport.c	
00036d00	STG::GECamera::BuildCameraXfm	undefined __thiscall BuildCameraXfm(GECamera * this)	ok	functions/00036d00_STG__GECamera__BuildCameraXfm.c	
00036d50	STG::GECamera::BuildScaleXfm	undefined __thiscall BuildScaleXfm(GECamera * this)	ok	functions/00036d50_STG__GECamera__BuildScaleXfm.c	
00036d90	STG::GECamera::BuildProjectionXfm	undefined __thiscall BuildProjectionXfm(GECamera * this)	ok	functions/00036d90_STG__GECamera__BuildProjectionXfm.c	
00036ed0	STG::GECamera::BuildWorldToClipXfm	undefined __thiscall BuildWorldToClipXfm(GECamera * this)	ok	functions/00036ed0_STG__GECamera__BuildWorldToClipXfm.c	
00036f40	STG::GECamera::Lerp	undefined __thiscall Lerp(GECamera * this, GECamera * param_1, GECamera * param_2, float param_3)	ok	functions/00036f40_STG__GECamera__Lerp.c	
000374e0	STG::GECamera::IsVisible	undefined __thiscall IsVisible(GECamera * this, MMatrix * param_1, MVector3 * param_2, float param_3)	ok	functions/000374e0_STG__GECamera__IsVisible.c	
000376b0	STG::GECamera::ConvertScreenToClip	undefined __cdecl ConvertScreenToClip(URectangle * param_1, MVector2 * param_2, MVector2 * param_3)	ok	functions/000376b0_STG__GECamera__ConvertScreenToClip.c	
00037790	STG::GECamera::ConvertScreenToClip	undefined __cdecl ConvertScreenToClip(MVector2 * param_1, MVector2 * param_2)	ok	functions/00037790_STG__GECamera__ConvertScreenToClip.c	
000377d0	STG::GECamera::ConvertClipToWorld	undefined __thiscall ConvertClipToWorld(GECamera * this, float param_1, float param_2, MVector3 * param_3, MVector3 * param_4)	ok	functions/000377d0_STG__GECamera__ConvertClipToWorld.c	
00037af0	STG::GECamera::BuildFrustumPlanes	undefined __thiscall BuildFrustumPlanes(GECamera * this)	ok	functions/00037af0_STG__GECamera__BuildFrustumPlanes.c	
000388e0	STG::GECamera::BuildTransforms	undefined __thiscall BuildTransforms(GECamera * this)	ok	functions/000388e0_STG__GECamera__BuildTransforms.c	
00038930	STG::GECamera::GECamera	undefined __thiscall GECamera(GECamera * this)	ok	functions/00038930_STG__GECamera__GECamera.c	
00038a20	STG::GECamera::ComputeCursorData	undefined __thiscall ComputeCursorData(GECamera * this, GEViewport * param_1, MVector2 * param_2, UTimeValue * param_3, GECursorData * param_4)	ok	functions/00038a20_STG__GECamera__ComputeCursorData.c	
00038ba0	STG::GECameraSet::GECameraSet	undefined __thiscall GECameraSet(GECameraSet * this)	ok	functions/00038ba0_STG__GECameraSet__GECameraSet.c	
00038c40	STG::GECameraSet::~GECameraSet	undefined __thiscall ~GECameraSet(GECameraSet * this)	ok	functions/00038c40_STG__GECameraSet___GECameraSet.c	
00038d30	STG::GECameraSet::ComputeCamera	undefined __thiscall ComputeCamera(GECameraSet * this, GEViewport * param_1, GECamera * param_2)	ok	functions/00038d30_STG__GECameraSet__ComputeCamera.c	
00039070	STG::GECameraSet::Initialize	undefined __thiscall Initialize(GECameraSet * this, UStringBase * param_1, ulong param_2, ulong param_3)	ok	functions/00039070_STG__GECameraSet__Initialize.c	
00039220	STG::GEEnvironment::GEEnvironment	undefined __thiscall GEEnvironment(GEEnvironment * this)	ok	functions/00039220_STG__GEEnvironment__GEEnvironment.c	
00039240	STG::GEEnvironment::~GEEnvironment	undefined __thiscall ~GEEnvironment(GEEnvironment * this)	ok	functions/00039240_STG__GEEnvironment___GEEnvironment.c	
000392c0	STG::GEEnvironment::Initialize	undefined __thiscall Initialize(GEEnvironment * this, ulong param_1)	ok	functions/000392c0_STG__GEEnvironment__Initialize.c	
000393a0	STG::GEEnvironmentGroup::GEEnvironmentGroup	undefined __thiscall GEEnvironmentGroup(GEEnvironmentGroup * this)	ok	functions/000393a0_STG__GEEnvironmentGroup__GEEnvironmentGroup.c	
00039420	STG::GEEnvironmentGroup::~GEEnvironmentGroup	undefined __thiscall ~GEEnvironmentGroup(GEEnvironmentGroup * this)	ok	functions/00039420_STG__GEEnvironmentGroup___GEEnvironmentGroup.c	
00039460	STG::GEEnvironmentSettings::GEEnvironmentSettings	undefined __thiscall GEEnvironmentSettings(GEEnvironmentSettings * this)	ok	functions/00039460_STG__GEEnvironmentSettings__GEEnvironmentSettings.c	
000394a0	STG::GEEnvironmentSettings::~GEEnvironmentSettings	undefined __thiscall ~GEEnvironmentSettings(GEEnvironmentSettings * this)	ok	functions/000394a0_STG__GEEnvironmentSettings___GEEnvironmentSettings.c	
000394b0	STG::URefCountBase::~URefCountBase	undefined __thiscall ~URefCountBase(URefCountBase * this)	ok	functions/000394b0_STG__URefCountBase___URefCountBase.c	
000394d0	STG::GEFont::GetSubFileCount	undefined __cdecl GetSubFileCount(void)	ok	functions/000394d0_STG__GEFont__GetSubFileCount.c	
000394e0	STG::GEFont::GetSubFile	undefined __cdecl GetSubFile(ulong param_1, FFileHash * param_2)	ok	functions/000394e0_STG__GEFont__GetSubFile.c	
000394f0	STG::GEFont::GetChildResourceCount	undefined __cdecl GetChildResourceCount(void)	ok	functions/000394f0_STG__GEFont__GetChildResourceCount.c	
00039500	STG::GEFont::GetChildResource	undefined __cdecl GetChildResource(ulong param_1)	ok	functions/00039500_STG__GEFont__GetChildResource.c	
00039510	STG::GEFont::LoadSubFile	undefined __cdecl LoadSubFile(ulong param_1, FFileHash * param_2)	ok	functions/00039510_STG__GEFont__LoadSubFile.c	
00039520	STG::URefCountBase::~URefCountBase	undefined __thiscall ~URefCountBase(URefCountBase * this)	ok	functions/00039520_STG__URefCountBase___URefCountBase.c	
00039550	STG::GEFont::LoadSelf	undefined __cdecl LoadSelf(FFileBase * param_1)	ok	functions/00039550_STG__GEFont__LoadSelf.c	
00039590	STG::GEFont::LoadSelf	undefined __thiscall LoadSelf(GEFont * this, FFileHash * param_1)	ok	functions/00039590_STG__GEFont__LoadSelf.c	
000395c0	STG::GEFont::~GEFont	undefined __thiscall ~GEFont(GEFont * this)	ok	functions/000395c0_STG__GEFont___GEFont.c	
000396f0	STG::GEFont::~GEFont	undefined __thiscall ~GEFont(GEFont * this)	ok	functions/000396f0_STG__GEFont___GEFont.c	
00039730	STG::GEFontChar::GEFontChar	undefined __thiscall GEFontChar(GEFontChar * this)	ok	functions/00039730_STG__GEFontChar__GEFontChar.c	
00039770	STG::GEFont::GEFont	undefined __thiscall GEFont(GEFont * this)	ok	functions/00039770_STG__GEFont__GEFont.c	
00039900	STG::GEFont::Allocate	undefined __thiscall Allocate(GEFont * this, ushort param_1, float param_2, ulong param_3, bool param_4)	ok	functions/00039900_STG__GEFont__Allocate.c	
000399b0	STG::GEFont::GetBitmapData	undefined __thiscall GetBitmapData(GEFont * this, uchar * * param_1, ulong * param_2)	ok	functions/000399b0_STG__GEFont__GetBitmapData.c	
000399d0	STG::GEFont::SetCharData	undefined __thiscall SetCharData(GEFont * this, ushort param_1, ushort param_2, URectangle * param_3, long param_4, long param_5, long param_6, long param_7, float param_8)	ok	functions/000399d0_STG__GEFont__SetCharData.c	
00039ac0	STG::GEFont::CopyBitmapData	undefined __thiscall CopyBitmapData(GEFont * this, ushort param_1, uchar * param_2, ulong param_3)	ok	functions/00039ac0_STG__GEFont__CopyBitmapData.c	
00039b30	STG::GEFont::Finalize	undefined __thiscall Finalize(GEFont * this)	ok	functions/00039b30_STG__GEFont__Finalize.c	
00039ba0	STG::GEFont::GetCharacter	undefined __thiscall GetCharacter(GEFont * this, ushort param_1)	ok	functions/00039ba0_STG__GEFont__GetCharacter.c	
00039bd0	STG::GEIndexBuffer::GEIndexBuffer	undefined __thiscall GEIndexBuffer(GEIndexBuffer * this)	ok	functions/00039bd0_STG__GEIndexBuffer__GEIndexBuffer.c	
00039c10	STG::GEIndexBuffer::Allocate	undefined __cdecl Allocate(ulong param_1)	ok	functions/00039c10_STG__GEIndexBuffer__Allocate.c	
00039c80	STG::GEIndexBuffer::Deallocate	undefined __thiscall Deallocate(GEIndexBuffer * this)	ok	functions/00039c80_STG__GEIndexBuffer__Deallocate.c	
00039cf0	STG::GEIndexBuffer::~GEIndexBuffer	undefined __thiscall ~GEIndexBuffer(GEIndexBuffer * this)	ok	functions/00039cf0_STG__GEIndexBuffer___GEIndexBuffer.c	
00039d20	STG::GEIndexBuffer::~GEIndexBuffer	undefined __thiscall ~GEIndexBuffer(GEIndexBuffer * this)	ok	functions/00039d20_STG__GEIndexBuffer___GEIndexBuffer.c	
00039d60	STG::GEIndexBuffer::Clone	undefined __thiscall Clone(GEIndexBuffer * this, GEIndexBuffer * param_1)	ok	functions/00039d60_STG__GEIndexBuffer__Clone.c	
00039e30	STG::GEIndexBuffer::AllocateBufferObject	undefined __thiscall AllocateBufferObject(GEIndexBuffer * this)	ok	functions/00039e30_STG__GEIndexBuffer__AllocateBufferObject.c	
00039ea0	STG::GEIndexBuffer::UpdateBufferObject	undefined __thiscall UpdateBufferObject(GEIndexBuffer * this)	ok	functions/00039ea0_STG__GEIndexBuffer__UpdateBufferObject.c	
00039ed0	STG::GETextureList::~GETextureList	undefined __thiscall ~GETextureList(GETextureList * this)	ok	functions/00039ed0_STG__GETextureList___GETextureList.c	
00039ef0	STG::GEMaterial::GetSubFileCount	undefined __cdecl GetSubFileCount(void)	ok	functions/00039ef0_STG__GEMaterial__GetSubFileCount.c	
00039f00	STG::GEMaterial::GetChildResourceCount	undefined __cdecl GetChildResourceCount(void)	ok	functions/00039f00_STG__GEMaterial__GetChildResourceCount.c	
00039f10	STG::GEMaterial::GetChildResource	undefined __thiscall GetChildResource(GEMaterial * this, ulong param_1)	ok	functions/00039f10_STG__GEMaterial__GetChildResource.c	
00039f20	STG::UResourceList<STG::GETexture,STG::GETextureList,STG::GETextureList_CreateParams>::~UResourceList	undefined __thiscall ~UResourceList(UResourceList<STG::GETexture,STG::GETextureList,STG::GETextureList_CreateParams> * this)	ok	functions/00039f20_STG__UResourceList_STG__GETexture_STG__GETextureList_STG__GETextureList_CreateParams____UResourceList.c	
00039f40	STG::USingleton<STG::GETextureList>::~USingleton	undefined __thiscall ~USingleton(USingleton<STG::GETextureList> * this)	ok	functions/00039f40_STG__USingleton_STG__GETextureList____USingleton.c	
00039f60	STG::USingleton<STG::GETextureList>::~USingleton	undefined __thiscall ~USingleton(USingleton<STG::GETextureList> * this)	ok	functions/00039f60_STG__USingleton_STG__GETextureList____USingleton.c	
00039f90	STG::UResourceList<STG::GETexture,STG::GETextureList,STG::GETextureList_CreateParams>::~UResourceList	undefined __thiscall ~UResourceList(UResourceList<STG::GETexture,STG::GETextureList,STG::GETextureList_CreateParams> * this)	ok	functions/00039f90_STG__UResourceList_STG__GETexture_STG__GETextureList_STG__GETextureList_CreateParams____UResourceList.c	
00039fc0	STG::GEMaterial::LoadSelf	undefined __cdecl LoadSelf(FFileBase * param_1)	ok	functions/00039fc0_STG__GEMaterial__LoadSelf.c	
0003a000	STG::GEMaterial::LoadSelf	undefined __thiscall LoadSelf(GEMaterial * this, FFileHash * param_1)	ok	functions/0003a000_STG__GEMaterial__LoadSelf.c	
0003a030	STG::GEMaterial::LoadSubFile	undefined __thiscall LoadSubFile(GEMaterial * this, ulong param_1, FFileHash * param_2)	ok	functions/0003a030_STG__GEMaterial__LoadSubFile.c	
0003a340	STG::GETextureList::~GETextureList	undefined __thiscall ~GETextureList(GETextureList * this)	ok	functions/0003a340_STG__GETextureList___GETextureList.c	
0003a370	STG::GEMaterial::GetIsEqual	undefined __cdecl GetIsEqual(GEMaterial * param_1)	ok	functions/0003a370_STG__GEMaterial__GetIsEqual.c	
0003a380	STG::GEMaterial::GetIsSuitableForMultiPassTransparency	undefined __thiscall GetIsSuitableForMultiPassTransparency(GEMaterial * this)	ok	functions/0003a380_STG__GEMaterial__GetIsSuitableForMultiPassTransparency.c	
0003a3b0	STG::GEMaterial::GetSubFile	undefined __thiscall GetSubFile(GEMaterial * this, ulong param_1, FFileHash * param_2)	ok	functions/0003a3b0_STG__GEMaterial__GetSubFile.c	
0003a4f0	STG::GEMaterial::SetDefault	undefined __thiscall SetDefault(GEMaterial * this)	ok	functions/0003a4f0_STG__GEMaterial__SetDefault.c	
0003a810	STG::GEMaterial::GEMaterial	undefined __thiscall GEMaterial(GEMaterial * this)	ok	functions/0003a810_STG__GEMaterial__GEMaterial.c	
0003a8d0	STG::GEMaterial::~GEMaterial	undefined __thiscall ~GEMaterial(GEMaterial * this)	ok	functions/0003a8d0_STG__GEMaterial___GEMaterial.c	
0003a9f0	STG::GEMaterial::~GEMaterial	undefined __thiscall ~GEMaterial(GEMaterial * this)	ok	functions/0003a9f0_STG__GEMaterial___GEMaterial.c	
0003aa30	STG::GEMaterial::Clone	undefined __thiscall Clone(GEMaterial * this, GEMaterial * param_1)	ok	functions/0003aa30_STG__GEMaterial__Clone.c	
0003ad60	STG::GEMaterial::ConvertToMultiPassTransparency	undefined __thiscall ConvertToMultiPassTransparency(GEMaterial * this, GEMaterial * param_1, GEMaterial * param_2)	ok	functions/0003ad60_STG__GEMaterial__ConvertToMultiPassTransparency.c	
0003adf0	STG::GEMaterial::SetTexture	undefined __thiscall SetTexture(GEMaterial * this, ulong param_1, GETexture * param_2, ESamplerState * param_3, ETextureStageState * param_4, EAnisotropyState * param_5, GEColor * param_6, MMatrix * param_7)	ok	functions/0003adf0_STG__GEMaterial__SetTexture.c	
0003b040	STG::GEMaterial::SetTextureFile	undefined __thiscall SetTextureFile(GEMaterial * this, ulong param_1, FFileHash * param_2, ulong param_3, ulong param_4, bool param_5)	ok	functions/0003b040_STG__GEMaterial__SetTextureFile.c	
0003b260	STG::GEModel::LoadSubFile	undefined __cdecl LoadSubFile(ulong param_1, FFileHash * param_2)	ok	functions/0003b260_STG__GEModel__LoadSubFile.c	
0003b270	STG::GEModel::GetSubFileCount	undefined __cdecl GetSubFileCount(void)	ok	functions/0003b270_STG__GEModel__GetSubFileCount.c	
0003b280	STG::GEModel::GetSubFile	undefined __cdecl GetSubFile(ulong param_1, FFileHash * param_2)	ok	functions/0003b280_STG__GEModel__GetSubFile.c	
0003b290	STG::GEModel::GetChildResourceCount	undefined __thiscall GetChildResourceCount(GEModel * this)	ok	functions/0003b290_STG__GEModel__GetChildResourceCount.c	
0003b2a0	STG::GEModel::GetChildResource	undefined __thiscall GetChildResource(GEModel * this, ulong param_1)	ok	functions/0003b2a0_STG__GEModel__GetChildResource.c	
0003b2c0	STG::GEModel::LoadResources	undefined __thiscall LoadResources(GEModel * this)	ok	functions/0003b2c0_STG__GEModel__LoadResources.c	
0003b3b0	STG::GEModel::LoadSelf	undefined __cdecl LoadSelf(FFileBase * param_1)	ok	functions/0003b3b0_STG__GEModel__LoadSelf.c	
0003b3f0	STG::GEModel::LoadSelf	undefined __thiscall LoadSelf(GEModel * this, FFileHash * param_1)	ok	functions/0003b3f0_STG__GEModel__LoadSelf.c	
0003b420	STG::GEModel::~GEModel	undefined __thiscall ~GEModel(GEModel * this)	ok	functions/0003b420_STG__GEModel___GEModel.c	
0003b600	STG::GEModel::~GEModel	undefined __thiscall ~GEModel(GEModel * this)	ok	functions/0003b600_STG__GEModel___GEModel.c	
0003b640	STG::GEModel::GEModel	undefined __thiscall GEModel(GEModel * this)	ok	functions/0003b640_STG__GEModel__GEModel.c	
0003b790	STG::GEModel::Initialize	undefined __thiscall Initialize(GEModel * this, ulong param_1, ulong param_2, ulong param_3)	ok	functions/0003b790_STG__GEModel__Initialize.c	
0003b890	STG::GEModel::IsAllocated	undefined __thiscall IsAllocated(GEModel * this)	ok	functions/0003b890_STG__GEModel__IsAllocated.c	
0003b920	STG::GEModel::CalcRenderTransform	undefined __thiscall CalcRenderTransform(GEModel * this, GECamera * param_1, MMatrix * param_2, MMatrix * param_3)	ok	functions/0003b920_STG__GEModel__CalcRenderTransform.c	
0003baf0	STG::GEModel::CalcBoundingData	undefined __thiscall CalcBoundingData(GEModel * this, MMatrix * param_1, UArrayFixed * param_2)	ok	functions/0003baf0_STG__GEModel__CalcBoundingData.c	
0003c320	STG::GEModel::CalcBoundingData	undefined __thiscall CalcBoundingData(GEModel * this, MMatrix * param_1)	ok	functions/0003c320_STG__GEModel__CalcBoundingData.c	
0003c460	STG::GEModel::SetBoundingData	undefined __thiscall SetBoundingData(GEModel * this, MVector3 * param_1, MVector3 * param_2, MVector3 * param_3, float param_4)	ok	functions/0003c460_STG__GEModel__SetBoundingData.c	
0003c4b0	STG::GEModel::ConvertToMultiPassTransparency	undefined __thiscall ConvertToMultiPassTransparency(GEModel * this, UArrayFixed * param_1)	ok	functions/0003c4b0_STG__GEModel__ConvertToMultiPassTransparency.c	
0003c830	STG::GEPixelData::SetFormat	undefined __thiscall SetFormat(GEPixelData * this, EFormat param_1)	ok	functions/0003c830_STG__GEPixelData__SetFormat.c	
0003c880	STG::GEPixelData::SetDimensions	undefined __thiscall SetDimensions(GEPixelData * this, ulong param_1, ulong param_2)	ok	functions/0003c880_STG__GEPixelData__SetDimensions.c	
0003c8a0	STG::GEPixelData::Allocate	undefined __thiscall Allocate(GEPixelData * this)	ok	functions/0003c8a0_STG__GEPixelData__Allocate.c	
0003c920	STG::GEPixelData::Deallocate	undefined __thiscall Deallocate(GEPixelData * this)	ok	functions/0003c920_STG__GEPixelData__Deallocate.c	
0003c980	STG::GERenderer::EndViewport	undefined __thiscall EndViewport(GERenderer * this)	ok	functions/0003c980_STG__GERenderer__EndViewport.c	
0003c9a0	STG::GERenderer::SaveImageData	undefined __thiscall SaveImageData(GERenderer * this, UStringBase * param_1, GEPixelData * param_2)	ok	functions/0003c9a0_STG__GERenderer__SaveImageData.c	
0003c9d0	STG::GERenderer::EndFrame	undefined __thiscall EndFrame(GERenderer * this)	ok	functions/0003c9d0_STG__GERenderer__EndFrame.c	
0003ca10	STG::GERenderer::EndCamera	undefined __thiscall EndCamera(GERenderer * this)	ok	functions/0003ca10_STG__GERenderer__EndCamera.c	
0003ca50	STG::GERenderer::BeginCamera	undefined __thiscall BeginCamera(GERenderer * this, GECamera * param_1)	ok	functions/0003ca50_STG__GERenderer__BeginCamera.c	
0003ce10	STG::GERenderer::BeginViewport	undefined __thiscall BeginViewport(GERenderer * this, GEViewport * param_1)	ok	functions/0003ce10_STG__GERenderer__BeginViewport.c	
0003cee0	STG::GERenderer::~GERenderer	undefined __thiscall ~GERenderer(GERenderer * this)	ok	functions/0003cee0_STG__GERenderer___GERenderer.c	
0003cf20	STG::GERenderer::~GERenderer	undefined __thiscall ~GERenderer(GERenderer * this)	ok	functions/0003cf20_STG__GERenderer___GERenderer.c	
0003cf60	STG::GERenderState<STG::GEColor>::SetState	undefined __thiscall SetState(GERenderState<STG::GEColor> * this, GEColor * param_1)	ok	functions/0003cf60_STG__GERenderState_STG__GEColor___SetState.c	
0003cf90	STG::GERenderState<STG::MMatrix>::SetState	undefined __thiscall SetState(GERenderState<STG::MMatrix> * this, MMatrix * param_1)	ok	functions/0003cf90_STG__GERenderState_STG__MMatrix___SetState.c	
0003cfc0	STG::GERenderState<STG::MMatrix>::RestoreState	undefined __cdecl RestoreState(void)	ok	functions/0003cfc0_STG__GERenderState_STG__MMatrix___RestoreState.c	
0003cff0	STG::GERenderer::GERenderer	undefined __thiscall GERenderer(GERenderer * this)	ok	functions/0003cff0_STG__GERenderer__GERenderer.c	
0003d1f0	STG::GERenderer::AllocateFrameBufferTexture	undefined __cdecl AllocateFrameBufferTexture(void)	ok	functions/0003d1f0_STG__GERenderer__AllocateFrameBufferTexture.c	
0003d200	STG::GERenderer::DeallocateFrameBufferTexture	undefined __thiscall DeallocateFrameBufferTexture(GERenderer * this)	ok	functions/0003d200_STG__GERenderer__DeallocateFrameBufferTexture.c	
0003d270	STG::GERenderer::UpdateFrameBufferTexture	undefined __thiscall UpdateFrameBufferTexture(GERenderer * this)	ok	functions/0003d270_STG__GERenderer__UpdateFrameBufferTexture.c	
0003d310	STG::GERenderer::GetFrameBufferTexture	undefined __thiscall GetFrameBufferTexture(GERenderer * this)	ok	functions/0003d310_STG__GERenderer__GetFrameBufferTexture.c	
0003d330	STG::GERenderer::GetFrameBufferTexture	undefined __thiscall GetFrameBufferTexture(GERenderer * this)	ok	functions/0003d330_STG__GERenderer__GetFrameBufferTexture.c	
0003d350	STG::GERenderer::VertexBufferInstall	undefined __thiscall VertexBufferInstall(GERenderer * this, GEVertexBuffer * param_1)	ok	functions/0003d350_STG__GERenderer__VertexBufferInstall.c	
0003d3d0	STG::GERenderer::VertexBufferUninstall	undefined __thiscall VertexBufferUninstall(GERenderer * this, GEVertexBuffer * param_1)	ok	functions/0003d3d0_STG__GERenderer__VertexBufferUninstall.c	
0003d440	STG::GERenderer::DrawElements	undefined __thiscall DrawElements(GERenderer * this, GEIndexBuffer * param_1, ulong param_2)	ok	functions/0003d440_STG__GERenderer__DrawElements.c	
0003d4a0	STG::GERenderer::DrawElements	undefined __thiscall DrawElements(GERenderer * this, GEIndexBuffer * param_1)	ok	functions/0003d4a0_STG__GERenderer__DrawElements.c	
0003d4e0	STG::GERenderer::Draw	undefined __thiscall Draw(GERenderer * this, GEVertexBuffer * param_1, GEIndexBuffer * param_2)	ok	functions/0003d4e0_STG__GERenderer__Draw.c	
0003d540	STG::GERenderer::Draw	undefined __thiscall Draw(GERenderer * this, UStringBase * param_1, GEFont * param_2, MVector2 * param_3, GEColor * param_4)	ok	functions/0003d540_STG__GERenderer__Draw.c	
0003d8f0	STG::GERenderer::AllocateResources	undefined __thiscall AllocateResources(GERenderer * this)	ok	functions/0003d8f0_STG__GERenderer__AllocateResources.c	
0003dff0	STG::GERenderer::DeallocateResources	undefined __thiscall DeallocateResources(GERenderer * this)	ok	functions/0003dff0_STG__GERenderer__DeallocateResources.c	
0003e190	STG::GERenderer::Uninitialize	undefined __thiscall Uninitialize(GERenderer * this)	ok	functions/0003e190_STG__GERenderer__Uninitialize.c	
0003e1d0	STG::GERenderer::SetFocus	undefined __thiscall SetFocus(GERenderer * this)	ok	functions/0003e1d0_STG__GERenderer__SetFocus.c	
0003e1f0	STG::GERenderer::SetScreenDims	undefined __thiscall SetScreenDims(GERenderer * this, ulong param_1, ulong param_2)	ok	functions/0003e1f0_STG__GERenderer__SetScreenDims.c	
0003e270	STG::GERenderer::GetFogEnabled	undefined __cdecl GetFogEnabled(void)	ok	functions/0003e270_STG__GERenderer__GetFogEnabled.c	
0003e280	STG::GERenderer::SetFogEnabled	undefined __cdecl SetFogEnabled(bool param_1)	ok	functions/0003e280_STG__GERenderer__SetFogEnabled.c	
0003e290	STG::GERenderer::SetFogState	undefined __cdecl SetFogState(GEColor * param_1, float param_2, float param_3)	ok	functions/0003e290_STG__GERenderer__SetFogState.c	
0003e2a0	STG::GERenderer::ApplyFog	undefined __cdecl ApplyFog(EBlendState * param_1)	ok	functions/0003e2a0_STG__GERenderer__ApplyFog.c	
0003e2b0	STG::GERenderer::SetMaterial	undefined __thiscall SetMaterial(GERenderer * this, GEMaterial * param_1, GEColor * param_2)	ok	functions/0003e2b0_STG__GERenderer__SetMaterial.c	
0003e430	STG::GERenderer::Draw	undefined __thiscall Draw(GERenderer * this, GEModel * param_1, MMatrix * param_2)	ok	functions/0003e430_STG__GERenderer__Draw.c	
0003e670	STG::GERenderer::Draw	undefined __thiscall Draw(GERenderer * this, GEModel * param_1)	ok	functions/0003e670_STG__GERenderer__Draw.c	
0003e6c0	STG::GERenderer::Draw	undefined __thiscall Draw(GERenderer * this, MVector2 * param_1, GEMaterial * param_2)	ok	functions/0003e6c0_STG__GERenderer__Draw.c	
0003e900	STG::GERenderer::DrawVignette	undefined __thiscall DrawVignette(GERenderer * this)	ok	functions/0003e900_STG__GERenderer__DrawVignette.c	
0003ea50	STG::GERenderer::Draw	undefined __thiscall Draw(GERenderer * this, GEScene * param_1)	ok	functions/0003ea50_STG__GERenderer__Draw.c	
0003eb10	STG::GERenderer::Draw	undefined __thiscall Draw(GERenderer * this, URectangle * param_1, GEMaterial * param_2, GEColor * param_3, bool param_4)	ok	functions/0003eb10_STG__GERenderer__Draw.c	
0003ed80	STG::GERenderer::Draw	undefined __thiscall Draw(GERenderer * this, URectangle * param_1, GEMaterial * param_2, GEColor * param_3, bool param_4)	ok	functions/0003ed80_STG__GERenderer__Draw.c	
0003ee50	STG::GERenderer::GetMultiSampleEnabled	undefined __thiscall GetMultiSampleEnabled(GERenderer * this)	ok	functions/0003ee50_STG__GERenderer__GetMultiSampleEnabled.c	
0003ee60	STG::GERenderer::SetMultiSampleEnabled	undefined __thiscall SetMultiSampleEnabled(GERenderer * this, bool param_1)	ok	functions/0003ee60_STG__GERenderer__SetMultiSampleEnabled.c	
0003ee90	STG::GERenderer::Initialize	undefined __thiscall Initialize(GERenderer * this)	ok	functions/0003ee90_STG__GERenderer__Initialize.c	
0003f010	STG::GERenderer::GetFPS	undefined __cdecl GetFPS(void)	ok	functions/0003f010_STG__GERenderer__GetFPS.c	
0003f070	STG::GERenderer::GetCamera	undefined __thiscall GetCamera(GERenderer * this)	ok	functions/0003f070_STG__GERenderer__GetCamera.c	
0003f080	STG::GERenderer::CaptureScreenShot	undefined __thiscall CaptureScreenShot(GERenderer * this, URectangle * param_1, GEPixelData * param_2)	ok	functions/0003f080_STG__GERenderer__CaptureScreenShot.c	
0003f0b0	STG::GERenderer::CaptureScreenShot	undefined __thiscall CaptureScreenShot(GERenderer * this, GEPixelData * param_1)	ok	functions/0003f0b0_STG__GERenderer__CaptureScreenShot.c	
0003f0f0	STG::GERenderer::CaptureScreenShot	undefined __thiscall CaptureScreenShot(GERenderer * this, URectangle * param_1, UStringBase * param_2)	ok	functions/0003f0f0_STG__GERenderer__CaptureScreenShot.c	
0003f1d0	STG::GERenderer::CaptureScreenShot	undefined __thiscall CaptureScreenShot(GERenderer * this, UStringBase * param_1)	ok	functions/0003f1d0_STG__GERenderer__CaptureScreenShot.c	
0003f210	STG::GERenderer::Internal_Clear	undefined __thiscall Internal_Clear(GERenderer * this, GEColor * param_1, ulong param_2)	ok	functions/0003f210_STG__GERenderer__Internal_Clear.c	
0003f240	STG::GERenderer::Internal_SetColorMask	undefined __thiscall Internal_SetColorMask(GERenderer * this, EColorMask param_1)	ok	functions/0003f240_STG__GERenderer__Internal_SetColorMask.c	
0003f270	STG::GERenderer::BeginFrame	undefined __thiscall BeginFrame(GERenderer * this, GEColor * param_1)	ok	functions/0003f270_STG__GERenderer__BeginFrame.c	
0003f3c0	STG::GERenderer::Internal_SetLogicOp	undefined __thiscall Internal_SetLogicOp(GERenderer * this, ELogicOp param_1)	ok	functions/0003f3c0_STG__GERenderer__Internal_SetLogicOp.c	
0003f3f0	_INIT_0	undefined _INIT_0(void)	ok	functions/0003f3f0__INIT_0.c	
0003f450	FUN_0003f450	undefined FUN_0003f450(void)	ok	functions/0003f450_FUN_0003f450.c	
0003f490	STG::GERendererAPI::GL_RegisterExtensions	undefined __cdecl GL_RegisterExtensions(void)	ok	functions/0003f490_STG__GERendererAPI__GL_RegisterExtensions.c	
0003f4a0	STG::GERendererAPI::GL_GetAddressMode	undefined __cdecl GL_GetAddressMode(ESamplerState * param_1)	ok	functions/0003f4a0_STG__GERendererAPI__GL_GetAddressMode.c	
0003f4c0	STG::GERendererAPI::GL_GetFilterMode	undefined __cdecl GL_GetFilterMode(ESamplerState * param_1)	ok	functions/0003f4c0_STG__GERendererAPI__GL_GetFilterMode.c	
0003f4e0	STG::GERendererAPI::GL_GetSamplerState	undefined __cdecl GL_GetSamplerState(ETextureFilter * param_1, ETextureAddress * param_2)	ok	functions/0003f4e0_STG__GERendererAPI__GL_GetSamplerState.c	
0003f550	STG::GERendererAPI::GL_SetBlendState	undefined __cdecl GL_SetBlendState(EBlendState param_1)	ok	functions/0003f550_STG__GERendererAPI__GL_SetBlendState.c	
0003f5e0	STG::GERendererAPI::GL_SetCullState	undefined __cdecl GL_SetCullState(ECullState param_1)	ok	functions/0003f5e0_STG__GERendererAPI__GL_SetCullState.c	
0003f660	STG::GERendererAPI::GL_SetDepthState	undefined __cdecl GL_SetDepthState(EDepthState param_1)	ok	functions/0003f660_STG__GERendererAPI__GL_SetDepthState.c	
0003f6d0	STG::GERendererAPI::GL_SetColor	undefined __cdecl GL_SetColor(GEColor * param_1)	ok	functions/0003f6d0_STG__GERendererAPI__GL_SetColor.c	
0003f710	STG::GERendererAPI::GL_SetColorMask	undefined __cdecl GL_SetColorMask(EColorMask param_1)	ok	functions/0003f710_STG__GERendererAPI__GL_SetColorMask.c	
0003f760	STG::GERendererAPI::GL_SetLogicOp	undefined __cdecl GL_SetLogicOp(ELogicOp param_1)	ok	functions/0003f760_STG__GERendererAPI__GL_SetLogicOp.c	
0003f7d0	STG::GERendererAPI::GL_SetMultiSample	undefined __cdecl GL_SetMultiSample(EMultiSampleState param_1)	ok	functions/0003f7d0_STG__GERendererAPI__GL_SetMultiSample.c	
0003f810	STG::GERendererAPI::GL_VertexDataDisable	undefined __cdecl GL_VertexDataDisable(EUsage param_1)	ok	functions/0003f810_STG__GERendererAPI__GL_VertexDataDisable.c	
0003f860	STG::GERendererAPI::GL_VertexDataEnable	undefined __cdecl GL_VertexDataEnable(EUsage param_1, EType param_2, ulong param_3, ulong param_4, void * param_5)	ok	functions/0003f860_STG__GERendererAPI__GL_VertexDataEnable.c	
0003f8e0	STG::GERendererAPI::GL_DrawElements	undefined __cdecl GL_DrawElements(ulong param_1, ushort * param_2)	ok	functions/0003f8e0_STG__GERendererAPI__GL_DrawElements.c	
0003f920	STG::GERendererAPI::GL_Clear	undefined __cdecl GL_Clear(GEColor * param_1, ulong param_2)	ok	functions/0003f920_STG__GERendererAPI__GL_Clear.c	
0003f9e0	STG::GERendererAPI::GL_Finish	undefined __cdecl GL_Finish(void)	ok	functions/0003f9e0_STG__GERendererAPI__GL_Finish.c	
0003fa00	STG::GERendererAPI::GL_Flush	undefined __cdecl GL_Flush(void)	ok	functions/0003fa00_STG__GERendererAPI__GL_Flush.c	
0003fa20	STG::GERendererAPI::GL_LoadMatrixMode	undefined __cdecl GL_LoadMatrixMode(uint param_1, MMatrix * param_2)	ok	functions/0003fa20_STG__GERendererAPI__GL_LoadMatrixMode.c	
0003fa50	STG::GERendererAPI::GL_ResetMatrixMode	undefined __cdecl GL_ResetMatrixMode(uint param_1)	ok	functions/0003fa50_STG__GERendererAPI__GL_ResetMatrixMode.c	
0003fa80	STG::GERendererAPI::GL_SetAmbientLight	undefined __cdecl GL_SetAmbientLight(GEColor * param_1)	ok	functions/0003fa80_STG__GERendererAPI__GL_SetAmbientLight.c	
0003fa90	STG::GERendererAPI::GL_SetMaterialColor	undefined __cdecl GL_SetMaterialColor(GEColor * param_1)	ok	functions/0003fa90_STG__GERendererAPI__GL_SetMaterialColor.c	
0003faf0	STG::GERendererAPI::GL_GenTexture	undefined __cdecl GL_GenTexture(ulong * param_1)	ok	functions/0003faf0_STG__GERendererAPI__GL_GenTexture.c	
0003fb20	STG::GERendererAPI::GL_DeleteTexture	undefined __cdecl GL_DeleteTexture(ulong * param_1)	ok	functions/0003fb20_STG__GERendererAPI__GL_DeleteTexture.c	
0003fb60	STG::GERendererAPI::GL_BindTexture	undefined __cdecl GL_BindTexture(ulong param_1)	ok	functions/0003fb60_STG__GERendererAPI__GL_BindTexture.c	
0003fb90	STG::GERendererAPI::GL_UnbindTexture	undefined __cdecl GL_UnbindTexture(void)	ok	functions/0003fb90_STG__GERendererAPI__GL_UnbindTexture.c	
0003fbc0	STG::GERendererAPI::GL_SetTexture	undefined __cdecl GL_SetTexture(ulong param_1, ESamplerState param_2, ETextureStageState param_3, EAnisotropyState param_4, GETexture * param_5, GEColor * param_6, MMatrix * param_7)	ok	functions/0003fbc0_STG__GERendererAPI__GL_SetTexture.c	
0003ff40	STG::GERendererAPI::GL_SetFogState	undefined __cdecl GL_SetFogState(bool param_1, GEColor * param_2, float param_3, float param_4)	ok	functions/0003ff40_STG__GERendererAPI__GL_SetFogState.c	
0003ffd0	STG::GERendererAPI::GL_CopyTexImage2D	undefined __cdecl GL_CopyTexImage2D(ulong param_1, ulong param_2)	ok	functions/0003ffd0_STG__GERendererAPI__GL_CopyTexImage2D.c	
00040030	STG::GERendererAPI::GL_GenBuffer	undefined __cdecl GL_GenBuffer(ulong * param_1)	ok	functions/00040030_STG__GERendererAPI__GL_GenBuffer.c	
00040060	STG::GERendererAPI::GL_DeleteBuffer	undefined __cdecl GL_DeleteBuffer(ulong * param_1)	ok	functions/00040060_STG__GERendererAPI__GL_DeleteBuffer.c	
000400a0	STG::GERendererAPI::GL_BindBuffer	undefined __cdecl GL_BindBuffer(EType param_1, ulong param_2)	ok	functions/000400a0_STG__GERendererAPI__GL_BindBuffer.c	
000400e0	STG::GERendererAPI::GL_UnbindBuffer	undefined __cdecl GL_UnbindBuffer(EType param_1)	ok	functions/000400e0_STG__GERendererAPI__GL_UnbindBuffer.c	
00040120	STG::GERendererAPI::GL_BufferData	undefined __cdecl GL_BufferData(EType param_1, EUsage param_2, ulong param_3)	ok	functions/00040120_STG__GERendererAPI__GL_BufferData.c	
00040170	STG::GERendererAPI::GL_BufferSubData	undefined __cdecl GL_BufferSubData(EType param_1, uchar * param_2, ulong param_3)	ok	functions/00040170_STG__GERendererAPI__GL_BufferSubData.c	
000401c0	STG::GERendererAPI::GL_GetError	undefined __cdecl GL_GetError(uint * param_1)	ok	functions/000401c0_STG__GERendererAPI__GL_GetError.c	
000401f0	STG::GERendererAPI::GL_GetError	undefined __cdecl GL_GetError(void)	ok	functions/000401f0_STG__GERendererAPI__GL_GetError.c	
00040220	STG::GERendererAPI::GL_Validate	undefined __cdecl GL_Validate(char * param_1)	ok	functions/00040220_STG__GERendererAPI__GL_Validate.c	
00040230	STG::GERendererAPI::GL_DepthRange	undefined __cdecl GL_DepthRange(float param_1, float param_2)	ok	functions/00040230_STG__GERendererAPI__GL_DepthRange.c	
00040260	STG::GERendererAPI::GL_Viewport	undefined __cdecl GL_Viewport(URectangle * param_1)	ok	functions/00040260_STG__GERendererAPI__GL_Viewport.c	
000402c0	STG::GERendererAPI::GL_GetTextureBitPerPixel	undefined __cdecl GL_GetTextureBitPerPixel(EFormat param_1)	ok	functions/000402c0_STG__GERendererAPI__GL_GetTextureBitPerPixel.c	
000402e0	STG::GERendererAPI::GL_GetTextureNumChannels	undefined __cdecl GL_GetTextureNumChannels(EFormat param_1)	ok	functions/000402e0_STG__GERendererAPI__GL_GetTextureNumChannels.c	
00040300	STG::GERendererAPI::GL_GetTextureEnum	undefined __cdecl GL_GetTextureEnum(EFormat param_1)	ok	functions/00040300_STG__GERendererAPI__GL_GetTextureEnum.c	
00040320	STG::GERendererAPI::GL_GetTextureIsCompressed	undefined __cdecl GL_GetTextureIsCompressed(EFormat param_1)	ok	functions/00040320_STG__GERendererAPI__GL_GetTextureIsCompressed.c	
00040340	STG::GERendererAPI::GL_GetTextureDataType	undefined __cdecl GL_GetTextureDataType(EFormat param_1)	ok	functions/00040340_STG__GERendererAPI__GL_GetTextureDataType.c	
00040360	STG::GERendererAPI::GL_ReadPixels	undefined __cdecl GL_ReadPixels(URectangle * param_1, GEPixelData * param_2)	ok	functions/00040360_STG__GERendererAPI__GL_ReadPixels.c	
00040450	STG::GERendererAPI::GL_GetTextureDataSize	undefined __cdecl GL_GetTextureDataSize(ulong param_1, ulong param_2, EFormat param_3)	ok	functions/00040450_STG__GERendererAPI__GL_GetTextureDataSize.c	
000404f0	STG::GERendererAPI::GL_LoadTexImage2D	undefined __cdecl GL_LoadTexImage2D(EFormat param_1, EFormat param_2, ulong param_3, ulong param_4, ulong param_5, uchar * param_6)	ok	functions/000404f0_STG__GERendererAPI__GL_LoadTexImage2D.c	
000406e0	STG::GERendererAPI::GL_GetIsExtensionSupported	undefined __cdecl GL_GetIsExtensionSupported(char * param_1)	ok	functions/000406e0_STG__GERendererAPI__GL_GetIsExtensionSupported.c	
00040d80	STG::GERendererAPI::GL_QueryAnisotropySupport	undefined __cdecl GL_QueryAnisotropySupport(void)	ok	functions/00040d80_STG__GERendererAPI__GL_QueryAnisotropySupport.c	
00040e10	STG::GERendererAPI::GL_QueryCapabilities	undefined __cdecl GL_QueryCapabilities(Capabilities * param_1)	ok	functions/00040e10_STG__GERendererAPI__GL_QueryCapabilities.c	
00040e50	STG::GERendererAPI::GL_GetTextureIsSupported	undefined __cdecl GL_GetTextureIsSupported(EFormat param_1)	ok	functions/00040e50_STG__GERendererAPI__GL_GetTextureIsSupported.c	
00040ed0	STG::GEScene::LoadSubFile	undefined __cdecl LoadSubFile(ulong param_1, FFileHash * param_2)	ok	functions/00040ed0_STG__GEScene__LoadSubFile.c	
00040ee0	STG::GEScene::GetSubFileCount	undefined __cdecl GetSubFileCount(void)	ok	functions/00040ee0_STG__GEScene__GetSubFileCount.c	
00040ef0	STG::GEScene::GetSubFile	undefined __cdecl GetSubFile(ulong param_1, FFileHash * param_2)	ok	functions/00040ef0_STG__GEScene__GetSubFile.c	
00040f00	STG::GEScene::GetChildResourceCount	undefined __thiscall GetChildResourceCount(GEScene * this)	ok	functions/00040f00_STG__GEScene__GetChildResourceCount.c	
00040f10	STG::GEScene::GetChildResource	undefined __thiscall GetChildResource(GEScene * this, ulong param_1)	ok	functions/00040f10_STG__GEScene__GetChildResource.c	
00040f30	STG::GEScene::LoadSelf	undefined __thiscall LoadSelf(GEScene * this, FFileHash * param_1)	ok	functions/00040f30_STG__GEScene__LoadSelf.c	
00040f60	STG::GEScene::LoadSelf	undefined __cdecl LoadSelf(FFileBase * param_1)	ok	functions/00040f60_STG__GEScene__LoadSelf.c	
00041220	STG::GEScene::~GEScene	undefined __thiscall ~GEScene(GEScene * this)	ok	functions/00041220_STG__GEScene___GEScene.c	
000423b0	STG::GEScene::~GEScene	undefined __thiscall ~GEScene(GEScene * this)	ok	functions/000423b0_STG__GEScene___GEScene.c	
000423f0	STG::GEScene::Initialize	undefined __thiscall Initialize(GEScene * this, ulong param_1, ulong param_2)	ok	functions/000423f0_STG__GEScene__Initialize.c	
00042860	STG::GEScene::InitializeCameraSets	undefined __thiscall InitializeCameraSets(GEScene * this, ulong param_1)	ok	functions/00042860_STG__GEScene__InitializeCameraSets.c	
00042900	STG::GEScene::InitializeAnimations	undefined __thiscall InitializeAnimations(GEScene * this, UTimeValue * param_1, ulong param_2, ulong param_3, ulong param_4, ulong param_5, ulong param_6, ulong param_7, ulong param_8, ulong param_9)	ok	functions/00042900_STG__GEScene__InitializeAnimations.c	
00044f60	STG::GEScene::InitializeLogicObjects	undefined __thiscall InitializeLogicObjects(GEScene * this, ulong param_1)	ok	functions/00044f60_STG__GEScene__InitializeLogicObjects.c	
00045080	STG::GEScene::SetLogicObject	undefined __thiscall SetLogicObject(GEScene * this, ulong param_1, EType param_2)	ok	functions/00045080_STG__GEScene__SetLogicObject.c	
000450c0	STG::GEScene::InitializeIntersectables	undefined __thiscall InitializeIntersectables(GEScene * this, ulong param_1)	ok	functions/000450c0_STG__GEScene__InitializeIntersectables.c	
000452e0	STG::GEScene::SetIntersectRemap	undefined __thiscall SetIntersectRemap(GEScene * this, ulong param_1, ulong param_2)	ok	functions/000452e0_STG__GEScene__SetIntersectRemap.c	
00045300	STG::GEScene::InitializeVertexAnimation	undefined __thiscall InitializeVertexAnimation(GEScene * this, ulong param_1)	ok	functions/00045300_STG__GEScene__InitializeVertexAnimation.c	
000455b0	STG::GEScene::SetVertexAnimationRemap	undefined __thiscall SetVertexAnimationRemap(GEScene * this, ulong param_1, ulong param_2)	ok	functions/000455b0_STG__GEScene__SetVertexAnimationRemap.c	
000455d0	STG::GEScene::InitializeSkeleton	undefined __thiscall InitializeSkeleton(GEScene * this, ulong param_1)	ok	functions/000455d0_STG__GEScene__InitializeSkeleton.c	
00045880	STG::GEScene::SetSkeletonRemap	undefined __thiscall SetSkeletonRemap(GEScene * this, ulong param_1, ulong param_2)	ok	functions/00045880_STG__GEScene__SetSkeletonRemap.c	
000458a0	STG::GEScene::InitializeInherit_Visibility	undefined __thiscall InitializeInherit_Visibility(GEScene * this, ulong param_1)	ok	functions/000458a0_STG__GEScene__InitializeInherit_Visibility.c	
00045b30	STG::GEScene::SetInherit_Visibility	undefined __thiscall SetInherit_Visibility(GEScene * this, ulong param_1, ulong param_2, ulong param_3)	ok	functions/00045b30_STG__GEScene__SetInherit_Visibility.c	
00045b60	STG::GEScene::InitializeInherit_Intersection	undefined __thiscall InitializeInherit_Intersection(GEScene * this, ulong param_1)	ok	functions/00045b60_STG__GEScene__InitializeInherit_Intersection.c	
00045df0	STG::GEScene::SetInherit_Intersection	undefined __thiscall SetInherit_Intersection(GEScene * this, ulong param_1, ulong param_2, ulong param_3)	ok	functions/00045df0_STG__GEScene__SetInherit_Intersection.c	
00045e20	STG::GEScene::InitializeModelVisMask_TimeOfDay	undefined __thiscall InitializeModelVisMask_TimeOfDay(GEScene * this, ulong param_1)	ok	functions/00045e20_STG__GEScene__InitializeModelVisMask_TimeOfDay.c	
000460b0	STG::GEScene::SetModelVisMask_TimeOfDay	undefined __thiscall SetModelVisMask_TimeOfDay(GEScene * this, ulong param_1, ulong param_2, ulong param_3)	ok	functions/000460b0_STG__GEScene__SetModelVisMask_TimeOfDay.c	
000460e0	STG::GEScene::InitializeModelVisMask_WeekDay	undefined __thiscall InitializeModelVisMask_WeekDay(GEScene * this, ulong param_1)	ok	functions/000460e0_STG__GEScene__InitializeModelVisMask_WeekDay.c	
000462f0	STG::GEScene::SetModelVisMask_WeekDay	undefined __thiscall SetModelVisMask_WeekDay(GEScene * this, ulong param_1, ulong param_2, uchar param_3)	ok	functions/000462f0_STG__GEScene__SetModelVisMask_WeekDay.c	
00046330	STG::GEScene::InitializeModelVisMask_Date	undefined __thiscall InitializeModelVisMask_Date(GEScene * this, ulong param_1)	ok	functions/00046330_STG__GEScene__InitializeModelVisMask_Date.c	
00046550	STG::GEScene::SetModelVisMask_Date	undefined __thiscall SetModelVisMask_Date(GEScene * this, ulong param_1, ulong param_2, ulong param_3, ulong param_4)	ok	functions/00046550_STG__GEScene__SetModelVisMask_Date.c	
00046580	STG::GEScene::InitializeModelVisMask_Environment	undefined __thiscall InitializeModelVisMask_Environment(GEScene * this, ulong param_1)	ok	functions/00046580_STG__GEScene__InitializeModelVisMask_Environment.c	
00046760	STG::GEScene::SetModelVisMask_Environment	undefined __thiscall SetModelVisMask_Environment(GEScene * this, ulong param_1, ulong param_2, ulong param_3)	ok	functions/00046760_STG__GEScene__SetModelVisMask_Environment.c	
00046790	STG::GEScene::ToolsOnly_SetNumRootXfms	undefined __thiscall ToolsOnly_SetNumRootXfms(GEScene * this, ulong param_1)	ok	functions/00046790_STG__GEScene__ToolsOnly_SetNumRootXfms.c	
000467b0	STG::GEScene::ToolsOnly_SetUpdateOrder	undefined __thiscall ToolsOnly_SetUpdateOrder(GEScene * this, ulong param_1, ulong param_2, ulong param_3)	ok	functions/000467b0_STG__GEScene__ToolsOnly_SetUpdateOrder.c	
00046810	STG::GEScene::GetEnvironmentIndex	undefined __thiscall GetEnvironmentIndex(GEScene * this)	ok	functions/00046810_STG__GEScene__GetEnvironmentIndex.c	
00046820	STG::GEScene::SetEnvironmentIndex	undefined __thiscall SetEnvironmentIndex(GEScene * this, ulong param_1)	ok	functions/00046820_STG__GEScene__SetEnvironmentIndex.c	
00046840	STG::GEScene::GetTimeOfDay	undefined __thiscall GetTimeOfDay(GEScene * this)	ok	functions/00046840_STG__GEScene__GetTimeOfDay.c	
00046850	STG::GEScene::GetEnvironmentSettings	undefined __thiscall GetEnvironmentSettings(GEScene * this)	ok	functions/00046850_STG__GEScene__GetEnvironmentSettings.c	
000468b0	STG::GEScene::GetValidAnimCount_Model_Pos	undefined __thiscall GetValidAnimCount_Model_Pos(GEScene * this)	ok	functions/000468b0_STG__GEScene__GetValidAnimCount_Model_Pos.c	
00046900	STG::GEScene::GetValidAnimCount_Model_Rot	undefined __thiscall GetValidAnimCount_Model_Rot(GEScene * this)	ok	functions/00046900_STG__GEScene__GetValidAnimCount_Model_Rot.c	
00046950	STG::GEScene::GetValidAnimCount_Camera_Pos	undefined __thiscall GetValidAnimCount_Camera_Pos(GEScene * this)	ok	functions/00046950_STG__GEScene__GetValidAnimCount_Camera_Pos.c	
000469a0	STG::GEScene::GetValidAnimCount_CameraTarget_Pos	undefined __thiscall GetValidAnimCount_CameraTarget_Pos(GEScene * this)	ok	functions/000469a0_STG__GEScene__GetValidAnimCount_CameraTarget_Pos.c	
000469f0	STG::GEScene::GetValidAnimCount_Texture	undefined __thiscall GetValidAnimCount_Texture(GEScene * this)	ok	functions/000469f0_STG__GEScene__GetValidAnimCount_Texture.c	
00046a50	STG::GEScene::GetValidAnimCount_Interact	undefined __thiscall GetValidAnimCount_Interact(GEScene * this)	ok	functions/00046a50_STG__GEScene__GetValidAnimCount_Interact.c	
00046ab0	STG::GEScene::GetValidAnimCount_Visibility	undefined __thiscall GetValidAnimCount_Visibility(GEScene * this)	ok	functions/00046ab0_STG__GEScene__GetValidAnimCount_Visibility.c	
00046af0	STG::GEScene::GetValidAnimCount_LocalTimeOffset	undefined __thiscall GetValidAnimCount_LocalTimeOffset(GEScene * this)	ok	functions/00046af0_STG__GEScene__GetValidAnimCount_LocalTimeOffset.c	
00046b30	STG::GEScene::FindMetaData	undefined __thiscall FindMetaData(GEScene * this, UStringBase * param_1, ulong * param_2)	ok	functions/00046b30_STG__GEScene__FindMetaData.c	
00046ef0	STG::GEScene::SetLocation	undefined __thiscall SetLocation(GEScene * this, MLocation * param_1)	ok	functions/00046ef0_STG__GEScene__SetLocation.c	
00046f20	STG::GEScene::GEScene	undefined __thiscall GEScene(GEScene * this, MLocation * param_1)	ok	functions/00046f20_STG__GEScene__GEScene.c	
00047880	STG::GEScene::IsAllocated	undefined __thiscall IsAllocated(GEScene * this)	ok	functions/00047880_STG__GEScene__IsAllocated.c	
00047900	STG::GEScene::ApplyPreferences	undefined __thiscall ApplyPreferences(GEScene * this)	ok	functions/00047900_STG__GEScene__ApplyPreferences.c	
00047ba0	STG::GEScene::GetClearColor	undefined __cdecl GetClearColor(void)	ok	functions/00047ba0_STG__GEScene__GetClearColor.c	
00047bf0	STG::GEScene::ApplyQualityLevel	undefined __thiscall ApplyQualityLevel(GEScene * this, EQualityLevel * param_1, Capabilities * param_2)	ok	functions/00047bf0_STG__GEScene__ApplyQualityLevel.c	
00047e30	STG::GEScene::ApplyTint	undefined __thiscall ApplyTint(GEScene * this, GEColor * param_1)	ok	functions/00047e30_STG__GEScene__ApplyTint.c	
000482c0	STG::GEScene::LoadAllResources	undefined __thiscall LoadAllResources(GEScene * this)	ok	functions/000482c0_STG__GEScene__LoadAllResources.c	
00048710	STG::GEScene::Internal_UpdateTimeOfDay	undefined __thiscall Internal_UpdateTimeOfDay(GEScene * this)	ok	functions/00048710_STG__GEScene__Internal_UpdateTimeOfDay.c	
00048820	STG::GEScene::Internal_UpdateAnimationTime	undefined __thiscall Internal_UpdateAnimationTime(GEScene * this)	ok	functions/00048820_STG__GEScene__Internal_UpdateAnimationTime.c	
00048eb0	STG::GEScene::ComputeShownModelsList	undefined __thiscall ComputeShownModelsList(GEScene * this, UArrayFixed * param_1)	ok	functions/00048eb0_STG__GEScene__ComputeShownModelsList.c	
00049140	STG::GEScene::Internal_UpdateShownModels	undefined __thiscall Internal_UpdateShownModels(GEScene * this)	ok	functions/00049140_STG__GEScene__Internal_UpdateShownModels.c	
000491c0	STG::GEScene::Internal_UpdateIntersectables	undefined __thiscall Internal_UpdateIntersectables(GEScene * this)	ok	functions/000491c0_STG__GEScene__Internal_UpdateIntersectables.c	
000493a0	STG::GEScene::Internal_UpdateLocalTimeOffsets	undefined __thiscall Internal_UpdateLocalTimeOffsets(GEScene * this)	ok	functions/000493a0_STG__GEScene__Internal_UpdateLocalTimeOffsets.c	
000494f0	STG::GEScene::Internal_UpdateVertexAnims_Visible	undefined __thiscall Internal_UpdateVertexAnims_Visible(GEScene * this)	ok	functions/000494f0_STG__GEScene__Internal_UpdateVertexAnims_Visible.c	
00049670	STG::GEScene::Internal_UpdateSkeletons_Visible	undefined __thiscall Internal_UpdateSkeletons_Visible(GEScene * this)	ok	functions/00049670_STG__GEScene__Internal_UpdateSkeletons_Visible.c	
000497b0	STG::GEScene::Internal_RunLogic	undefined __thiscall Internal_RunLogic(GEScene * this, EStage param_1)	ok	functions/000497b0_STG__GEScene__Internal_RunLogic.c	
00049850	STG::GEScene::UpdateRendering	undefined __thiscall UpdateRendering(GEScene * this, UTimeValue * param_1, MVector2 * param_2, GEViewport * param_3)	ok	functions/00049850_STG__GEScene__UpdateRendering.c	
00049b10	STG::GEScene::UpdateSimulation	undefined __cdecl UpdateSimulation(UTimeValue * param_1, UTimeValue * param_2, double * param_3)	ok	functions/00049b10_STG__GEScene__UpdateSimulation.c	
0004a9c0	STG::GESkeleton::BoneAnim::BoneAnim	undefined __thiscall BoneAnim(BoneAnim * this)	ok	functions/0004a9c0_STG__GESkeleton__BoneAnim__BoneAnim.c	
0004a9f0	STG::GESkeleton::BoneAnim::~BoneAnim	undefined __thiscall ~BoneAnim(BoneAnim * this)	ok	functions/0004a9f0_STG__GESkeleton__BoneAnim___BoneAnim.c	
0004abc0	STG::GESkeleton::BoneAnim::Initialize	undefined __thiscall Initialize(BoneAnim * this, ulong param_1, bool param_2, bool param_3)	ok	functions/0004abc0_STG__GESkeleton__BoneAnim__Initialize.c	
0004b260	STG::GESkeleton::Animation::Animation	undefined __thiscall Animation(Animation * this)	ok	functions/0004b260_STG__GESkeleton__Animation__Animation.c	
0004b310	STG::GESkeleton::Animation::~Animation	undefined __thiscall ~Animation(Animation * this)	ok	functions/0004b310_STG__GESkeleton__Animation___Animation.c	
0004b4a0	STG::GESkeleton::Animation::Initialize	undefined __thiscall Initialize(Animation * this, MMatrix * param_1, ulong param_2, ulong param_3, ulong param_4)	ok	functions/0004b4a0_STG__GESkeleton__Animation__Initialize.c	
0004b970	STG::GESkeleton::Animation::SetUpdateOrder	undefined __thiscall SetUpdateOrder(Animation * this, ulong param_1, ulong param_2, ulong param_3)	ok	functions/0004b970_STG__GESkeleton__Animation__SetUpdateOrder.c	
0004b990	STG::GESkeleton::Animation::Update	undefined __thiscall Update(Animation * this, EDriver param_1, GEAnimationTimeData * param_2, bool param_3, UTimeValue * param_4)	ok	functions/0004b990_STG__GESkeleton__Animation__Update.c	
0004bcd0	STG::GESkeleton::VertexGroup::VertexGroup	undefined __thiscall VertexGroup(VertexGroup * this)	ok	functions/0004bcd0_STG__GESkeleton__VertexGroup__VertexGroup.c	
0004bd00	STG::GESkeleton::VertexGroup::~VertexGroup	undefined __thiscall ~VertexGroup(VertexGroup * this)	ok	functions/0004bd00_STG__GESkeleton__VertexGroup___VertexGroup.c	
0004bd50	STG::GESkeleton::VertexGroup::Initialize	undefined __thiscall Initialize(VertexGroup * this, ulong param_1, ulong param_2, ulong param_3)	ok	functions/0004bd50_STG__GESkeleton__VertexGroup__Initialize.c	
0004be80	STG::GESkeleton::VertexGroup::SetBoneIndex	undefined __thiscall SetBoneIndex(VertexGroup * this, ulong param_1, ulong param_2)	ok	functions/0004be80_STG__GESkeleton__VertexGroup__SetBoneIndex.c	
0004bea0	STG::GESkeleton::Mesh::Mesh	undefined __thiscall Mesh(Mesh * this)	ok	functions/0004bea0_STG__GESkeleton__Mesh__Mesh.c	
0004bef0	STG::GESkeleton::Mesh::~Mesh	undefined __thiscall ~Mesh(Mesh * this)	ok	functions/0004bef0_STG__GESkeleton__Mesh___Mesh.c	
0004c020	STG::GESkeleton::Mesh::Initialize	undefined __thiscall Initialize(Mesh * this, ulong param_1, ulong param_2, ulong param_3)	ok	functions/0004c020_STG__GESkeleton__Mesh__Initialize.c	
0004c2e0	STG::GESkeleton::Mesh::SetVertex	undefined __thiscall SetVertex(Mesh * this, ulong param_1, MVector3 * param_2, float * param_3)	ok	functions/0004c2e0_STG__GESkeleton__Mesh__SetVertex.c	
0004c390	STG::GESkeleton::Mesh::GetVertex	undefined __thiscall GetVertex(Mesh * this, ulong param_1, MVector3 * param_2, float * param_3)	ok	functions/0004c390_STG__GESkeleton__Mesh__GetVertex.c	
0004c400	STG::GESkeleton::Mesh::Update	undefined __thiscall Update(Mesh * this, float * param_1, _func_void_float_ptr_float_ptr_float_ptr_float_ptr_float_ptr_float_ptr_ulong * param_2, EDriver param_3, GEAnimationTimeData * param_4, bool param_5, UTimeValue * param_6)	ok	functions/0004c400_STG__GESkeleton__Mesh__Update.c	
0004c550	STG::GETimeOfDay::GetDefaultSunrise	undefined __cdecl GetDefaultSunrise(void)	ok	functions/0004c550_STG__GETimeOfDay__GetDefaultSunrise.c	
0004c560	STG::GETimeOfDay::GetDefaultSunset	undefined __cdecl GetDefaultSunset(void)	ok	functions/0004c560_STG__GETimeOfDay__GetDefaultSunset.c	
0004c570	STG::GETimeOfDay::GetName	undefined __cdecl GetName(EPhase param_1)	ok	functions/0004c570_STG__GETimeOfDay__GetName.c	
0004c590	STG::GETimeOfDay::GetName	undefined __cdecl GetName(GETimeOfDay * param_1)	ok	functions/0004c590_STG__GETimeOfDay__GetName.c	
0004c5c0	STG::GETimeOfDay::GetTimeOfDay	undefined __cdecl GetTimeOfDay(char * param_1, EPhase * param_2)	ok	functions/0004c5c0_STG__GETimeOfDay__GetTimeOfDay.c	
0004c700	STG::GETimeOfDay::GETimeOfDay	undefined __thiscall GETimeOfDay(GETimeOfDay * this)	ok	functions/0004c700_STG__GETimeOfDay__GETimeOfDay.c	
0004c720	STG::GETimeOfDay::GETimeOfDay	undefined __thiscall GETimeOfDay(GETimeOfDay * this, EPhase param_1, ulong param_2)	ok	functions/0004c720_STG__GETimeOfDay__GETimeOfDay.c	
0004c740	STG::GETimeOfDay::ComputeTime	undefined __cdecl ComputeTime(MExplicitType param_1, MExplicitType param_2, MExplicitType param_3)	ok	functions/0004c740_STG__GETimeOfDay__ComputeTime.c	
0004c980	STG::GETimeOfDay::GetName	undefined __thiscall GetName(GETimeOfDay * this)	ok	functions/0004c980_STG__GETimeOfDay__GetName.c	
0004c9b0	STG::GETimeOfDay::SetPhase	undefined __thiscall SetPhase(GETimeOfDay * this, EPhase param_1)	ok	functions/0004c9b0_STG__GETimeOfDay__SetPhase.c	
0004c9c0	STG::GETimeOfDay::SetFraction	undefined __thiscall SetFraction(GETimeOfDay * this, ulong param_1)	ok	functions/0004c9c0_STG__GETimeOfDay__SetFraction.c	
0004c9d0	STG::GETimeOfDay::SetFractionMin	undefined __thiscall SetFractionMin(GETimeOfDay * this)	ok	functions/0004c9d0_STG__GETimeOfDay__SetFractionMin.c	
0004ca00	STG::GETimeOfDay::SetFractionMax	undefined __thiscall SetFractionMax(GETimeOfDay * this)	ok	functions/0004ca00_STG__GETimeOfDay__SetFractionMax.c	
0004ca30	STG::GETimeOfDay::SetFractionDefault	undefined __thiscall SetFractionDefault(GETimeOfDay * this)	ok	functions/0004ca30_STG__GETimeOfDay__SetFractionDefault.c	
0004ca60	STG::GETimeOfDay::GetNormalizedSec	undefined __thiscall GetNormalizedSec(GETimeOfDay * this)	ok	functions/0004ca60_STG__GETimeOfDay__GetNormalizedSec.c	
0004ca80	STG::GETimeOfDay::GetNormalizedSec_Daytime	undefined __thiscall GetNormalizedSec_Daytime(GETimeOfDay * this)	ok	functions/0004ca80_STG__GETimeOfDay__GetNormalizedSec_Daytime.c	
0004cb80	STG::GETimeOfDay::GetNormalizedSec_Nighttime	undefined __thiscall GetNormalizedSec_Nighttime(GETimeOfDay * this)	ok	functions/0004cb80_STG__GETimeOfDay__GetNormalizedSec_Nighttime.c	
0004cd10	STG::GETimeOfDay::GetDistance	undefined __cdecl GetDistance(GETimeOfDay * param_1, GETimeOfDay * param_2)	ok	functions/0004cd10_STG__GETimeOfDay__GetDistance.c	
0004cd70	STG::GETimeOfDay::operator==	undefined __thiscall operator==(GETimeOfDay * this, GETimeOfDay * param_1)	ok	functions/0004cd70_STG__GETimeOfDay__operator__.c	
0004cd80	STG::GETimeOfDay::operator!=	undefined __thiscall operator!=(GETimeOfDay * this, GETimeOfDay * param_1)	ok	functions/0004cd80_STG__GETimeOfDay__operator__.c	
0004cd90	STG::GETimeOfDay::operator<	undefined __thiscall operator<(GETimeOfDay * this, GETimeOfDay * param_1)	ok	functions/0004cd90_STG__GETimeOfDay__operator_.c	
0004cdc0	STG::GETimeOfDay::operator=	undefined __thiscall operator=(GETimeOfDay * this, GETimeOfDay * param_1)	ok	functions/0004cdc0_STG__GETimeOfDay__operator_.c	
0004cde0	STG::GETimeOfDay::GetTimeOfDay	undefined __cdecl GetTimeOfDay(char * param_1, GETimeOfDay * param_2)	ok	functions/0004cde0_STG__GETimeOfDay__GetTimeOfDay.c	
0004ce80	_INIT_1	undefined _INIT_1(void)	ok	functions/0004ce80__INIT_1.c	
0004cee0	STG::GETimeOfDayAuto::SetLocation	undefined __thiscall SetLocation(GETimeOfDayAuto * this, MLocation * param_1)	ok	functions/0004cee0_STG__GETimeOfDayAuto__SetLocation.c	
0004cf10	STG::GETimeOfDayAuto::ResultData::ResultData	undefined __thiscall ResultData(ResultData * this)	ok	functions/0004cf10_STG__GETimeOfDayAuto__ResultData__ResultData.c	
0004cf70	STG::GETimeOfDayAuto::SolarData::SolarData	undefined __thiscall SolarData(SolarData * this)	ok	functions/0004cf70_STG__GETimeOfDayAuto__SolarData__SolarData.c	
0004cfc0	STG::GETimeOfDayAuto::GETimeOfDayAuto	undefined __thiscall GETimeOfDayAuto(GETimeOfDayAuto * this)	ok	functions/0004cfc0_STG__GETimeOfDayAuto__GETimeOfDayAuto.c	
0004d000	STG::GETimeOfDayAuto::SolarData::~SolarData	undefined __thiscall ~SolarData(SolarData * this)	ok	functions/0004d000_STG__GETimeOfDayAuto__SolarData___SolarData.c	
0004d010	STG::GETimeOfDayAuto::~GETimeOfDayAuto	undefined __thiscall ~GETimeOfDayAuto(GETimeOfDayAuto * this)	ok	functions/0004d010_STG__GETimeOfDayAuto___GETimeOfDayAuto.c	
0004d040	STG::GETimeOfDayAuto::SolarData::GetSunrise	undefined __cdecl GetSunrise(void)	ok	functions/0004d040_STG__GETimeOfDayAuto__SolarData__GetSunrise.c	
0004d050	STG::GETimeOfDayAuto::SolarData::GetSunset	undefined __cdecl GetSunset(void)	ok	functions/0004d050_STG__GETimeOfDayAuto__SolarData__GetSunset.c	
0004d060	STG::GETimeOfDayAuto::SolarData::Update	undefined __thiscall Update(SolarData * this, TimeStruct * param_1, MLocation * param_2)	ok	functions/0004d060_STG__GETimeOfDayAuto__SolarData__Update.c	
0004d1a0	STG::GETimeOfDayAuto::Update	undefined __cdecl Update(TimeStruct * param_1, TimeStruct * param_2)	ok	functions/0004d1a0_STG__GETimeOfDayAuto__Update.c	
0004d3d0	STG::GETimeOfDayAuto::Update	undefined __cdecl Update(void)	ok	functions/0004d3d0_STG__GETimeOfDayAuto__Update.c	
0004d530	STG::GEVertexBlender::GEVertexBlender	undefined __thiscall GEVertexBlender(GEVertexBlender * this)	ok	functions/0004d530_STG__GEVertexBlender__GEVertexBlender.c	
0004d570	STG::GEVertexBlender::~GEVertexBlender	undefined __thiscall ~GEVertexBlender(GEVertexBlender * this)	ok	functions/0004d570_STG__GEVertexBlender___GEVertexBlender.c	
0004d660	STG::GEVertexBlender::Initialize	undefined __thiscall Initialize(GEVertexBlender * this, ulong param_1, ulong param_2)	ok	functions/0004d660_STG__GEVertexBlender__Initialize.c	
0004d7a0	STG::GEVertexBlender::SetFrameVertex	undefined __thiscall SetFrameVertex(GEVertexBlender * this, ulong param_1, ulong param_2, MVector3 * param_3)	ok	functions/0004d7a0_STG__GEVertexBlender__SetFrameVertex.c	
0004d7f0	STG::GEVertexBlender::SetUpdateData	undefined __thiscall SetUpdateData(GEVertexBlender * this, ulong param_1, ulong param_2, float param_3)	ok	functions/0004d7f0_STG__GEVertexBlender__SetUpdateData.c	
0004d810	STG::GEVertexBlender::Update	undefined __thiscall Update(GEVertexBlender * this, float * param_1, _func_void_float_ptr_float_ptr_float_ptr_float_ulong * param_2)	ok	functions/0004d810_STG__GEVertexBlender__Update.c	
0004d860	STG::GEVertexBuffer::GEVertexBuffer	undefined __thiscall GEVertexBuffer(GEVertexBuffer * this)	ok	functions/0004d860_STG__GEVertexBuffer__GEVertexBuffer.c	
0004da20	STG::GEVertexBuffer::AddComponent	undefined __thiscall AddComponent(GEVertexBuffer * this, EUsage param_1, EType param_2, ulong param_3)	ok	functions/0004da20_STG__GEVertexBuffer__AddComponent.c	
0004da90	STG::GEVertexBuffer::Allocate	undefined __thiscall Allocate(GEVertexBuffer * this, EUsage param_1, ulong param_2)	ok	functions/0004da90_STG__GEVertexBuffer__Allocate.c	
0004db20	STG::GEVertexBuffer::Deallocate	undefined __thiscall Deallocate(GEVertexBuffer * this)	ok	functions/0004db20_STG__GEVertexBuffer__Deallocate.c	
0004dba0	STG::GEVertexBuffer::~GEVertexBuffer	undefined __thiscall ~GEVertexBuffer(GEVertexBuffer * this)	ok	functions/0004dba0_STG__GEVertexBuffer___GEVertexBuffer.c	
0004dbd0	STG::GEVertexBuffer::~GEVertexBuffer	undefined __thiscall ~GEVertexBuffer(GEVertexBuffer * this)	ok	functions/0004dbd0_STG__GEVertexBuffer___GEVertexBuffer.c	
0004dc10	STG::GEVertexBuffer::HasComponent	undefined __thiscall HasComponent(GEVertexBuffer * this, EUsage param_1, EType * param_2, ulong * param_3, ulong * param_4)	ok	functions/0004dc10_STG__GEVertexBuffer__HasComponent.c	
0004dc70	STG::GEVertexBuffer::HasComponent	undefined __thiscall HasComponent(GEVertexBuffer * this, EUsage param_1)	ok	functions/0004dc70_STG__GEVertexBuffer__HasComponent.c	
0004dcc0	STG::GEVertexBuffer::GetComponent	undefined __thiscall GetComponent(GEVertexBuffer * this, EUsage param_1, uchar * * param_2, ulong param_3, ulong param_4)	ok	functions/0004dcc0_STG__GEVertexBuffer__GetComponent.c	
0004dd60	STG::GEVertexBuffer::GetComponent	undefined __thiscall GetComponent(GEVertexBuffer * this, EUsage param_1, float * * param_2, ulong param_3, ulong param_4)	ok	functions/0004dd60_STG__GEVertexBuffer__GetComponent.c	
0004ddb0	STG::GEVertexBuffer::SharesAnyComponents	undefined __thiscall SharesAnyComponents(GEVertexBuffer * this, GEVertexBuffer * param_1)	ok	functions/0004ddb0_STG__GEVertexBuffer__SharesAnyComponents.c	
0004de10	STG::GEVertexBuffer::Sort	undefined __thiscall Sort(GEVertexBuffer * this, GEIndexBuffer * * param_1, ulong param_2, ulong * * param_3)	ok	functions/0004de10_STG__GEVertexBuffer__Sort.c	
0004dff0	STG::GEVertexBuffer::Sort	undefined __thiscall Sort(GEVertexBuffer * this, ulong * param_1)	ok	functions/0004dff0_STG__GEVertexBuffer__Sort.c	
0004e090	STG::GEVertexBuffer::AllocateBufferObject	undefined __thiscall AllocateBufferObject(GEVertexBuffer * this)	ok	functions/0004e090_STG__GEVertexBuffer__AllocateBufferObject.c	
0004e100	STG::GEVertexBuffer::UpdateBufferObject	undefined __thiscall UpdateBufferObject(GEVertexBuffer * this)	ok	functions/0004e100_STG__GEVertexBuffer__UpdateBufferObject.c	
0004e130	STG::GEViewport::GEViewport	undefined __thiscall GEViewport(GEViewport * this, URectangle * param_1)	ok	functions/0004e130_STG__GEViewport__GEViewport.c	
0004e270	STG::GEViewport::SetScale	undefined __cdecl SetScale(MVector2 * param_1, MVector2 * param_2)	ok	functions/0004e270_STG__GEViewport__SetScale.c	
0004e2f0	STG::GEViewport::GetAspectRatioInterval	undefined __thiscall GetAspectRatioInterval(GEViewport * this, float param_1)	ok	functions/0004e2f0_STG__GEViewport__GetAspectRatioInterval.c	
0004e350	STG::GETexture::LoadSubFile	undefined __cdecl LoadSubFile(ulong param_1, FFileHash * param_2)	ok	functions/0004e350_STG__GETexture__LoadSubFile.c	
0004e360	STG::GETexture::GetSubFileCount	undefined __cdecl GetSubFileCount(void)	ok	functions/0004e360_STG__GETexture__GetSubFileCount.c	
0004e370	STG::GETexture::GetSubFile	undefined __cdecl GetSubFile(ulong param_1, FFileHash * param_2)	ok	functions/0004e370_STG__GETexture__GetSubFile.c	
0004e380	STG::GETexture::GetChildResourceCount	undefined __cdecl GetChildResourceCount(void)	ok	functions/0004e380_STG__GETexture__GetChildResourceCount.c	
0004e390	STG::GETexture::GetChildResource	undefined __cdecl GetChildResource(ulong param_1)	ok	functions/0004e390_STG__GETexture__GetChildResource.c	
0004e3a0	STG::GETexture::LoadSelf	undefined __thiscall LoadSelf(GETexture * this, FFileHash * param_1)	ok	functions/0004e3a0_STG__GETexture__LoadSelf.c	
0004e3d0	STG::UStringBase<unsigned_short,unsigned_short>::~UStringBase	undefined __thiscall ~UStringBase(UStringBase<unsigned_short,unsigned_short> * this)	ok	functions/0004e3d0_STG__UStringBase_unsigned_short_unsigned_short____UStringBase.c	
0004e430	STG::UStringBase<unsigned_short,unsigned_short>::~UStringBase	undefined __thiscall ~UStringBase(UStringBase<unsigned_short,unsigned_short> * this)	ok	functions/0004e430_STG__UStringBase_unsigned_short_unsigned_short____UStringBase.c	
0004e4b0	STG::GETexture::~GETexture	undefined __thiscall ~GETexture(GETexture * this)	ok	functions/0004e4b0_STG__GETexture___GETexture.c	
0004e5e0	STG::GETexture::~GETexture	undefined __thiscall ~GETexture(GETexture * this)	ok	functions/0004e5e0_STG__GETexture___GETexture.c	
0004e620	STG::GETexture::GETexture	undefined __thiscall GETexture(GETexture * this)	ok	functions/0004e620_STG__GETexture__GETexture.c	
0004e6e0	STG::GETexture::GetHasValidFontCompositeData	undefined __thiscall GetHasValidFontCompositeData(GETexture * this)	ok	functions/0004e6e0_STG__GETexture__GetHasValidFontCompositeData.c	
0004e700	STG::GETexture::GetHasValidUserImageData	undefined __thiscall GetHasValidUserImageData(GETexture * this)	ok	functions/0004e700_STG__GETexture__GetHasValidUserImageData.c	
0004e730	STG::GETexture::ClearCompositeData	undefined __thiscall ClearCompositeData(GETexture * this)	ok	functions/0004e730_STG__GETexture__ClearCompositeData.c	
0004e790	STG::GETexture::Create	undefined __thiscall Create(GETexture * this, ulong param_1, ulong param_2, EFormat param_3)	ok	functions/0004e790_STG__GETexture__Create.c	
0004e850	STG::GETexture::CreateDebugTexture	undefined __cdecl CreateDebugTexture(ulong param_1, ulong param_2, EFormat * param_3, ulong * param_4, ulong * param_5, ulong * param_6, uchar * * param_7)	ok	functions/0004e850_STG__GETexture__CreateDebugTexture.c	
0004eac0	STG::GETexture::GetPixel	undefined __cdecl GetPixel(EFormat * param_1, uchar * param_2, uchar * param_3, uchar * param_4, uchar * param_5, uchar * param_6)	ok	functions/0004eac0_STG__GETexture__GetPixel.c	
0004ebd0	STG::GETexture::SetPixel	undefined __cdecl SetPixel(EFormat * param_1, uchar * param_2, uchar param_3, uchar param_4, uchar param_5, uchar param_6)	ok	functions/0004ebd0_STG__GETexture__SetPixel.c	
0004ecb0	STG::GETexture::GenerateMipChain	undefined __cdecl GenerateMipChain(EFormat * param_1, ulong param_2, ulong param_3, ulong param_4, uchar * param_5, ulong param_6)	ok	functions/0004ecb0_STG__GETexture__GenerateMipChain.c	
0004f120	STG::GETexture::CompositeUserImage	undefined __cdecl CompositeUserImage(UStringBase * param_1, EFormat * param_2, ulong param_3, ulong param_4, EEffect param_5, uchar * * param_6)	ok	functions/0004f120_STG__GETexture__CompositeUserImage.c	
0004f4f0	STG::GETexture::CompositeText	undefined __cdecl CompositeText(GEFont * param_1, UStringBase * param_2, EFormat * param_3, ulong param_4, ulong param_5, uchar * param_6, uchar * * param_7)	ok	functions/0004f4f0_STG__GETexture__CompositeText.c	
0004ff30	STG::GETexture::Load	undefined __thiscall Load(GETexture * this, uchar * param_1, uchar * * param_2)	ok	functions/0004ff30_STG__GETexture__Load.c	
000504a0	STG::GETexture::LoadDirect	undefined __thiscall LoadDirect(GETexture * this, uchar * param_1)	ok	functions/000504a0_STG__GETexture__LoadDirect.c	
00050520	STG::GETexture::LoadSelf	undefined __thiscall LoadSelf(GETexture * this, FFileBase * param_1)	ok	functions/00050520_STG__GETexture__LoadSelf.c	
00050630	STG::GETexture::SetUserImage	undefined __thiscall SetUserImage(GETexture * this, UStringBase * param_1, ulong param_2, ulong param_3, EEffect param_4)	ok	functions/00050630_STG__GETexture__SetUserImage.c	
000507a0	std::basic_string<unsigned_short,std::char_traits<unsigned_short>,std::allocator<unsigned_short>>::_M_append	undefined __thiscall _M_append(basic_string<unsigned_short,std::char_traits<unsigned_short>,std::allocator<unsigned_short>> * this, ushort * param_1, ushort * param_2)	ok	functions/000507a0_std__basic_string_unsigned_short_std__char_traits_unsigned_short__std__allocator_unsigned_short_____M_append.c	
00050c30	STG::GETexture::SetFontAndMessage	undefined __thiscall SetFontAndMessage(GETexture * this, GEFont * param_1, UStringBase * param_2)	ok	functions/00050c30_STG__GETexture__SetFontAndMessage.c	
00050d70	STG::GETextureFont::GETextureFont	undefined __thiscall GETextureFont(GETextureFont * this)	ok	functions/00050d70_STG__GETextureFont__GETextureFont.c	
00050dd0	STG::GETextureFont::~GETextureFont	undefined __thiscall ~GETextureFont(GETextureFont * this)	ok	functions/00050dd0_STG__GETextureFont___GETextureFont.c	
00050e90	STG::GETextureFont::SetCountdown	undefined __thiscall SetCountdown(GETextureFont * this, uchar param_1, uchar param_2)	ok	functions/00050e90_STG__GETextureFont__SetCountdown.c	
00050f10	STG::GETextureFontContainer::GETextureFontContainer	undefined __thiscall GETextureFontContainer(GETextureFontContainer * this)	ok	functions/00050f10_STG__GETextureFontContainer__GETextureFontContainer.c	
00050f30	STG::GETextureFontContainer::~GETextureFontContainer	undefined __thiscall ~GETextureFontContainer(GETextureFontContainer * this)	ok	functions/00050f30_STG__GETextureFontContainer___GETextureFontContainer.c	
00051020	STG::GETextureFontContainer::Initialize	undefined __thiscall Initialize(GETextureFontContainer * this, ulong param_1, ulong param_2)	ok	functions/00051020_STG__GETextureFontContainer__Initialize.c	
000510f0	STG::GETextureFontContainer::FindByFileHash	undefined __thiscall FindByFileHash(GETextureFontContainer * this, FFileHash * param_1, ulong * param_2)	ok	functions/000510f0_STG__GETextureFontContainer__FindByFileHash.c	
00051160	std::basic_string<unsigned_short,std::char_traits<unsigned_short>,std::allocator<unsigned_short>>::_M_assign	undefined __thiscall _M_assign(basic_string<unsigned_short,std::char_traits<unsigned_short>,std::allocator<unsigned_short>> * this, ushort * param_1, ushort * param_2)	ok	functions/00051160_std__basic_string_unsigned_short_std__char_traits_unsigned_short__std__allocator_unsigned_short_____M_assign.c	
000516a0	STG::GETextureFont::SetMessage	undefined __thiscall SetMessage(GETextureFont * this, ulong param_1, UStringBase * param_2)	ok	functions/000516a0_STG__GETextureFont__SetMessage.c	
000516f0	STG::GETextureFont::GetMessageToUse	undefined __cdecl GetMessageToUse(UStringBase * param_1, UStringBase * param_2)	ok	functions/000516f0_STG__GETextureFont__GetMessageToUse.c	
00051e80	STG::GETextureFontContainer::FindByIndex	undefined __thiscall FindByIndex(GETextureFontContainer * this, ulong param_1, UStringBase * param_2, GEFont * * param_3, UStringBase * param_4)	ok	functions/00051e80_STG__GETextureFontContainer__FindByIndex.c	
00051f30	STG::GETextureFont::Initialize	undefined __thiscall Initialize(GETextureFont * this, FFileHash * param_1, ulong param_2, bool param_3)	ok	functions/00051f30_STG__GETextureFont__Initialize.c	
000520c0	STG::GETextureList::CreateItem	undefined __thiscall CreateItem(GETextureList * this, FFileHash * param_1, GETextureList_CreateParams * param_2)	ok	functions/000520c0_STG__GETextureList__CreateItem.c	
000522b0	STG::GETextureModifier::GETextureModifier	undefined __thiscall GETextureModifier(GETextureModifier * this)	ok	functions/000522b0_STG__GETextureModifier__GETextureModifier.c	
00052320	STG::GETextureModifier::~GETextureModifier	undefined __thiscall ~GETextureModifier(GETextureModifier * this)	ok	functions/00052320_STG__GETextureModifier___GETextureModifier.c	
00052440	STG::GETextureModifier::Activate	undefined __thiscall Activate(GETextureModifier * this, GETimeOfDay * param_1, UPreference_Scene * param_2)	ok	functions/00052440_STG__GETextureModifier__Activate.c	
00052510	STG::GETextureModifier::Deactivate	undefined __thiscall Deactivate(GETextureModifier * this)	ok	functions/00052510_STG__GETextureModifier__Deactivate.c	
00052540	STG::GETextureModifier::STextureInfo::Initialize	undefined __thiscall Initialize(STextureInfo * this)	ok	functions/00052540_STG__GETextureModifier__STextureInfo__Initialize.c	
00052740	STG::GETextureModifier::Initialize	undefined __thiscall Initialize(GETextureModifier * this, ulong param_1)	ok	functions/00052740_STG__GETextureModifier__Initialize.c	
00052950	STG::GETextureModifier::InitializeTexture	undefined __cdecl InitializeTexture(ulong param_1, FFileHash * param_2, ulong param_3)	ok	functions/00052950_STG__GETextureModifier__InitializeTexture.c	
00052d10	STG::GETextureModifier::ModifyTexture	undefined __thiscall ModifyTexture(GETextureModifier * this, FFileHash * param_1, FFileHash * param_2, GETexture * param_3)	ok	functions/00052d10_STG__GETextureModifier__ModifyTexture.c	
000536d0	STG::GETextureShading::ShadePixel	undefined __cdecl ShadePixel(EEffect param_1, uchar param_2, uchar param_3, uchar param_4, uchar param_5, uchar * param_6, uchar * param_7, uchar * param_8, uchar * param_9)	ok	functions/000536d0_STG__GETextureShading__ShadePixel.c	
00053750	STG::GETextureSwap::GETextureSwap	undefined __thiscall GETextureSwap(GETextureSwap * this)	ok	functions/00053750_STG__GETextureSwap__GETextureSwap.c	
000537a0	STG::GETextureSwap::~GETextureSwap	undefined __thiscall ~GETextureSwap(GETextureSwap * this)	ok	functions/000537a0_STG__GETextureSwap___GETextureSwap.c	
00053910	STG::GETextureSwapContainer::~GETextureSwapContainer	undefined __thiscall ~GETextureSwapContainer(GETextureSwapContainer * this)	ok	functions/00053910_STG__GETextureSwapContainer___GETextureSwapContainer.c	
00053980	STG::GETextureSwapContainer::~GETextureSwapContainer	undefined __thiscall ~GETextureSwapContainer(GETextureSwapContainer * this)	ok	functions/00053980_STG__GETextureSwapContainer___GETextureSwapContainer.c	
000539c0	STG::GETextureSwap::FindByFileHash	undefined __thiscall FindByFileHash(GETextureSwap * this, FFileHash * param_1, ulong * param_2, bool * param_3, bool * param_4, GETimeOfDay * param_5, ulong * param_6)	ok	functions/000539c0_STG__GETextureSwap__FindByFileHash.c	
00053a80	STG::GETextureSwapContainer::GETextureSwapContainer	undefined __thiscall GETextureSwapContainer(GETextureSwapContainer * this)	ok	functions/00053a80_STG__GETextureSwapContainer__GETextureSwapContainer.c	
00053ab0	STG::GETextureSwapContainer::Initialize	undefined __thiscall Initialize(GETextureSwapContainer * this, ulong param_1)	ok	functions/00053ab0_STG__GETextureSwapContainer__Initialize.c	
00053b40	STG::GETextureSwapContainer::FindByFileHash	undefined __thiscall FindByFileHash(GETextureSwapContainer * this, FFileHash * param_1, ulong * param_2, ulong * param_3, bool * param_4, bool * param_5, GETimeOfDay * param_6, ulong * param_7)	ok	functions/00053b40_STG__GETextureSwapContainer__FindByFileHash.c	
00053c20	STG::GETextureSwap::Initialize	undefined __thiscall Initialize(GETextureSwap * this, UStringBase * param_1, ulong param_2, bool param_3, bool param_4)	ok	functions/00053c20_STG__GETextureSwap__Initialize.c	
00053e70	STG::GETextureSwapContainer::GetSwapFileHash	undefined __cdecl GetSwapFileHash(ulong param_1)	ok	functions/00053e70_STG__GETextureSwapContainer__GetSwapFileHash.c	
00053fc0	STG::GETextureSwap::SetVariant	undefined __thiscall SetVariant(GETextureSwap * this, ulong param_1, UStringBase * param_2, FFileHash * param_3, GETimeOfDay * param_4, ulong param_5)	ok	functions/00053fc0_STG__GETextureSwap__SetVariant.c	
000541d0	STG::GETextureSwapContainer::SetSwapVariant	undefined __thiscall SetSwapVariant(GETextureSwapContainer * this, ulong param_1, ulong param_2, UStringBase * param_3, FFileHash * param_4, GETimeOfDay * param_5, ulong param_6)	ok	functions/000541d0_STG__GETextureSwapContainer__SetSwapVariant.c	
00054230	STG::GERenderer_Android::OnInitialize	undefined __cdecl OnInitialize(void)	ok	functions/00054230_STG__GERenderer_Android__OnInitialize.c	
00054240	STG::GERenderer_Android::OnUninitialize	undefined __cdecl OnUninitialize(void)	ok	functions/00054240_STG__GERenderer_Android__OnUninitialize.c	
00054250	STG::GERenderer_Android::OnBeginFrame	undefined __cdecl OnBeginFrame(void)	ok	functions/00054250_STG__GERenderer_Android__OnBeginFrame.c	
00054260	STG::GERenderer_Android::OnEndFrame	undefined __cdecl OnEndFrame(void)	ok	functions/00054260_STG__GERenderer_Android__OnEndFrame.c	
00054270	STG::GERenderer_Android::OnSetFocus	undefined __cdecl OnSetFocus(void)	ok	functions/00054270_STG__GERenderer_Android__OnSetFocus.c	
00054280	STG::GERenderer_Android::SaveImageData	undefined __thiscall SaveImageData(GERenderer_Android * this, UStringBase * param_1, GEPixelData * param_2)	ok	functions/00054280_STG__GERenderer_Android__SaveImageData.c	
000542c0	STG::GERenderer_Android::~GERenderer_Android	undefined __thiscall ~GERenderer_Android(GERenderer_Android * this)	ok	functions/000542c0_STG__GERenderer_Android___GERenderer_Android.c	
000542f0	STG::GERenderer_Android::~GERenderer_Android	undefined __thiscall ~GERenderer_Android(GERenderer_Android * this)	ok	functions/000542f0_STG__GERenderer_Android___GERenderer_Android.c	
00054330	STG::GERenderer_Android::GERenderer_Android	undefined __thiscall GERenderer_Android(GERenderer_Android * this)	ok	functions/00054330_STG__GERenderer_Android__GERenderer_Android.c	
00054370	STG::GERenderer_Android::SetWindowData	undefined __thiscall SetWindowData(GERenderer_Android * this, ulong param_1, ulong param_2)	ok	functions/00054370_STG__GERenderer_Android__SetWindowData.c	
000543b0	STG::GETexture::Platform_AcquireUserImage	undefined __cdecl Platform_AcquireUserImage(UStringBase * param_1, ulong param_2, ulong param_3, EFormat * param_4, uchar * * param_5, ulong * param_6, ulong * param_7)	ok	functions/000543b0_STG__GETexture__Platform_AcquireUserImage.c	
00054460	STG::GETexture::Platform_ReleaseUserImage	undefined __cdecl Platform_ReleaseUserImage(uchar * * param_1)	ok	functions/00054460_STG__GETexture__Platform_ReleaseUserImage.c	
00054470	STG::LLogicBase::~LLogicBase	undefined __thiscall ~LLogicBase(LLogicBase * this)	ok	functions/00054470_STG__LLogicBase___LLogicBase.c	
00054490	STG::LLogicScene::Setup	undefined __cdecl Setup(LLogicSceneWrapper * param_1)	ok	functions/00054490_STG__LLogicScene__Setup.c	
000544a0	STG::LLogicScene::Run	undefined __cdecl Run(EStage param_1, LLogicSceneWrapper * param_2)	ok	functions/000544a0_STG__LLogicScene__Run.c	
000544b0	STG::LLogicScene::~LLogicScene	undefined __thiscall ~LLogicScene(LLogicScene * this)	ok	functions/000544b0_STG__LLogicScene___LLogicScene.c	
000544d0	STG::LLogicObjectBase<STG::LLogicSceneWrapper>::~LLogicObjectBase	undefined __thiscall ~LLogicObjectBase(LLogicObjectBase<STG::LLogicSceneWrapper> * this)	ok	functions/000544d0_STG__LLogicObjectBase_STG__LLogicSceneWrapper____LLogicObjectBase.c	
000544f0	STG::LLogicObjectBase<STG::LLogicSceneWrapper>::~LLogicObjectBase	undefined __thiscall ~LLogicObjectBase(LLogicObjectBase<STG::LLogicSceneWrapper> * this)	ok	functions/000544f0_STG__LLogicObjectBase_STG__LLogicSceneWrapper____LLogicObjectBase.c	
00054520	STG::LLogicScene::~LLogicScene	undefined __thiscall ~LLogicScene(LLogicScene * this)	ok	functions/00054520_STG__LLogicScene___LLogicScene.c	
00054550	STG::LLogicBase::~LLogicBase	undefined __thiscall ~LLogicBase(LLogicBase * this)	ok	functions/00054550_STG__LLogicBase___LLogicBase.c	
00054580	STG::LLogicSceneWrapper::LLogicSceneWrapper	undefined __thiscall LLogicSceneWrapper(LLogicSceneWrapper * this, GEScene * param_1)	ok	functions/00054580_STG__LLogicSceneWrapper__LLogicSceneWrapper.c	
000545a0	STG::LLogicSceneWrapper::~LLogicSceneWrapper	undefined __thiscall ~LLogicSceneWrapper(LLogicSceneWrapper * this)	ok	functions/000545a0_STG__LLogicSceneWrapper___LLogicSceneWrapper.c	
000545f0	STG::LLogicSceneWrapper::ApplyLocalTimeOffset	undefined __thiscall ApplyLocalTimeOffset(LLogicSceneWrapper * this, ulong param_1, UTimeValue * param_2)	ok	functions/000545f0_STG__LLogicSceneWrapper__ApplyLocalTimeOffset.c	
00054650	STG::LLogicSceneWrapper::GetAnimTimeData	undefined __thiscall GetAnimTimeData(LLogicSceneWrapper * this)	ok	functions/00054650_STG__LLogicSceneWrapper__GetAnimTimeData.c	
00054660	STG::LLogicSceneWrapper::GetModel	undefined __thiscall GetModel(LLogicSceneWrapper * this, ulong param_1)	ok	functions/00054660_STG__LLogicSceneWrapper__GetModel.c	
00054680	STG::LLogicSceneWrapper::GetModel	undefined __thiscall GetModel(LLogicSceneWrapper * this, ulong param_1)	ok	functions/00054680_STG__LLogicSceneWrapper__GetModel.c	
000546a0	STG::LLogicSceneWrapper::GetRenderTransform	undefined __thiscall GetRenderTransform(LLogicSceneWrapper * this, ulong param_1)	ok	functions/000546a0_STG__LLogicSceneWrapper__GetRenderTransform.c	
000546c0	STG::LLogicSceneWrapper::GetBoundingData_Local	undefined __thiscall GetBoundingData_Local(LLogicSceneWrapper * this, ulong param_1, MVector3 * param_2, float * param_3)	ok	functions/000546c0_STG__LLogicSceneWrapper__GetBoundingData_Local.c	
00054720	STG::LLogicSceneWrapper::GetBoundingData_World	undefined __thiscall GetBoundingData_World(LLogicSceneWrapper * this, ulong param_1, MVector3 * param_2, float * param_3)	ok	functions/00054720_STG__LLogicSceneWrapper__GetBoundingData_World.c	
00054820	STG::LLogicSceneWrapper::FindModel	undefined __thiscall FindModel(LLogicSceneWrapper * this, UStringBase * param_1, ulong * param_2)	ok	functions/00054820_STG__LLogicSceneWrapper__FindModel.c	
00054bd0	STG::LLogicSceneWrapper::GetIsModelLoaded	undefined __thiscall GetIsModelLoaded(LLogicSceneWrapper * this, ulong param_1)	ok	functions/00054bd0_STG__LLogicSceneWrapper__GetIsModelLoaded.c	
00054bf0	STG::LLogicSceneWrapper::GetIsModelShown	undefined __thiscall GetIsModelShown(LLogicSceneWrapper * this, ulong param_1)	ok	functions/00054bf0_STG__LLogicSceneWrapper__GetIsModelShown.c	
00054c10	STG::LLogicSceneWrapper::GetIsModelVisible	undefined __thiscall GetIsModelVisible(LLogicSceneWrapper * this, ulong param_1)	ok	functions/00054c10_STG__LLogicSceneWrapper__GetIsModelVisible.c	
00054c30	STG::LLogicSceneWrapper::TransformToClip	undefined __cdecl TransformToClip(MMatrix * param_1, MVector3 * param_2)	ok	functions/00054c30_STG__LLogicSceneWrapper__TransformToClip.c	
00054cd0	STG::LLogicSceneWrapper::GetChildModelCount	undefined __thiscall GetChildModelCount(LLogicSceneWrapper * this, ulong param_1)	ok	functions/00054cd0_STG__LLogicSceneWrapper__GetChildModelCount.c	
00054d10	STG::LLogicSceneWrapper::GetChildModels	undefined __thiscall GetChildModels(LLogicSceneWrapper * this, UArrayFixed * param_1, ulong param_2)	ok	functions/00054d10_STG__LLogicSceneWrapper__GetChildModels.c	
00054eb0	STG::LLogicSceneWrapper::GetChildModelCount_Recurse	undefined __thiscall GetChildModelCount_Recurse(LLogicSceneWrapper * this, ulong param_1)	ok	functions/00054eb0_STG__LLogicSceneWrapper__GetChildModelCount_Recurse.c	
00054f60	STG::LLogicSceneWrapper::GetChildModels_Recurse_Internal	undefined __thiscall GetChildModels_Recurse_Internal(LLogicSceneWrapper * this, ulong * * param_1, ulong param_2)	ok	functions/00054f60_STG__LLogicSceneWrapper__GetChildModels_Recurse_Internal.c	
00055020	STG::LLogicSceneWrapper::GetChildModels_Recurse	undefined __thiscall GetChildModels_Recurse(LLogicSceneWrapper * this, UArrayFixed * param_1, ulong param_2)	ok	functions/00055020_STG__LLogicSceneWrapper__GetChildModels_Recurse.c	
00055180	STG::LLogicSceneWrapper::GetChildModels_Recurse	undefined __thiscall GetChildModels_Recurse(LLogicSceneWrapper * this, UArrayFixed * param_1, UArrayFixed * param_2)	ok	functions/00055180_STG__LLogicSceneWrapper__GetChildModels_Recurse.c	
00055330	STG::LLogicSceneWrapper::ComputeClipSpaceBounds	undefined __thiscall ComputeClipSpaceBounds(LLogicSceneWrapper * this, ulong param_1, MVector2 * param_2, MVector2 * param_3, MVector2 * param_4)	ok	functions/00055330_STG__LLogicSceneWrapper__ComputeClipSpaceBounds.c	
00055690	STG::LLogicSceneWrapper::ComputeModelsAffectedByPreference	undefined __thiscall ComputeModelsAffectedByPreference(LLogicSceneWrapper * this, UArrayFixed * param_1, UStringBase * param_2)	ok	functions/00055690_STG__LLogicSceneWrapper__ComputeModelsAffectedByPreference.c	
000559c0	STG::LLogicScene::Allocate	undefined __cdecl Allocate(EType param_1)	ok	functions/000559c0_STG__LLogicScene__Allocate.c	
00055a80	STG::LLogicScene::Deallocate	undefined __cdecl Deallocate(LLogicScene * * param_1)	ok	functions/00055a80_STG__LLogicScene__Deallocate.c	
00055ab0	STG::LLogicScene::Deallocate	undefined __cdecl Deallocate(UArrayFixed * param_1)	ok	functions/00055ab0_STG__LLogicScene__Deallocate.c	
00055b30	STG::LLogicScene::Load	undefined __cdecl Load(FFileBase * param_1, LLogicScene * * param_2)	ok	functions/00055b30_STG__LLogicScene__Load.c	
00055ba0	STG::LLogicScene::Save	undefined __cdecl Save(FFileBase * param_1, LLogicScene * param_2)	ok	functions/00055ba0_STG__LLogicScene__Save.c	
00055c30	STG::LLogicScene::Load	undefined __cdecl Load(FFileBase * param_1, UArrayFixed * param_2)	ok	functions/00055c30_STG__LLogicScene__Load.c	
00055d10	STG::LLogicScene::Save	undefined __cdecl Save(FFileBase * param_1, UArrayFixed * param_2)	ok	functions/00055d10_STG__LLogicScene__Save.c	
00055da0	STG::LLogicScene_HidePrey::Run	undefined __thiscall Run(LLogicScene_HidePrey * this, EStage param_1, LLogicSceneWrapper * param_2)	ok	functions/00055da0_STG__LLogicScene_HidePrey__Run.c	
00056010	STG::LLogicScene_HidePrey::~LLogicScene_HidePrey	undefined __thiscall ~LLogicScene_HidePrey(LLogicScene_HidePrey * this)	ok	functions/00056010_STG__LLogicScene_HidePrey___LLogicScene_HidePrey.c	
000561d0	STG::LLogicScene_HidePrey::~LLogicScene_HidePrey	undefined __thiscall ~LLogicScene_HidePrey(LLogicScene_HidePrey * this)	ok	functions/000561d0_STG__LLogicScene_HidePrey___LLogicScene_HidePrey.c	
000563a0	FUN_000563a0	undefined FUN_000563a0(void)	ok	functions/000563a0_FUN_000563a0.c	
000569a0	STG::LLogicScene_HidePrey::SaveData	undefined __thiscall SaveData(LLogicScene_HidePrey * this, FFileBase * param_1)	ok	functions/000569a0_STG__LLogicScene_HidePrey__SaveData.c	
00056bd0	STG::LLogicScene_HidePrey::SetupIndices	undefined __thiscall SetupIndices(LLogicScene_HidePrey * this, LLogicSceneWrapper * param_1, UArrayFixed * param_2, UArrayFixed * param_3, ulong * param_4)	ok	functions/00056bd0_STG__LLogicScene_HidePrey__SetupIndices.c	
00056c90	STG::LLogicScene_HidePrey::Setup	undefined __thiscall Setup(LLogicScene_HidePrey * this, LLogicSceneWrapper * param_1)	ok	functions/00056c90_STG__LLogicScene_HidePrey__Setup.c	
00056fd0	STG::UArrayFixed<STG::UStringBase<char,int>,unsigned_long>::operator=	undefined __thiscall operator=(UArrayFixed<STG::UStringBase<char,int>,unsigned_long> * this, UArrayFixed * param_1)	ok	functions/00056fd0_STG__UArrayFixed_STG__UStringBase_char_int__unsigned_long___operator_.c	
000575e0	STG::LLogicScene_HidePrey::Initialize	undefined __thiscall Initialize(LLogicScene_HidePrey * this, UArrayFixed * param_1, UArrayFixed * param_2)	ok	functions/000575e0_STG__LLogicScene_HidePrey__Initialize.c	
00057810	STG::LLogicScene_HidePrey::LoadData	undefined __thiscall LoadData(LLogicScene_HidePrey * this, FFileBase * param_1)	ok	functions/00057810_STG__LLogicScene_HidePrey__LoadData.c	
00057960	STG::MLocation::MLocation	undefined __thiscall MLocation(MLocation * this)	ok	functions/00057960_STG__MLocation__MLocation.c	
00057980	STG::MLocation::MLocation	undefined __thiscall MLocation(MLocation * this, MFloatQuantized * param_1, MFloatQuantized * param_2)	ok	functions/00057980_STG__MLocation__MLocation.c	
000579a0	STG::MLocation::IsValid	undefined __thiscall IsValid(MLocation * this)	ok	functions/000579a0_STG__MLocation__IsValid.c	
000579e0	_INIT_2	undefined _INIT_2(void)	ok	functions/000579e0__INIT_2.c	
00057a20	STG::MMatrix::operator=	undefined __thiscall operator=(MMatrix * this, MMatrix * param_1)	ok	functions/00057a20_STG__MMatrix__operator_.c	
00057a90	STG::MMatrix::MMatrix	undefined __thiscall MMatrix(MMatrix * this, MMatrix * param_1)	ok	functions/00057a90_STG__MMatrix__MMatrix.c	
00057ac0	STG::MMatrix::CopyFromData	undefined __thiscall CopyFromData(MMatrix * this, float * param_1)	ok	functions/00057ac0_STG__MMatrix__CopyFromData.c	
00057b50	STG::MMatrix::Transform	undefined __thiscall Transform(MMatrix * this, MMatrix * param_1, MMatrix * param_2)	ok	functions/00057b50_STG__MMatrix__Transform.c	
00057ec0	STG::MMatrix::Transform4x3	undefined __thiscall Transform4x3(MMatrix * this, MMatrix * param_1, MMatrix * param_2)	ok	functions/00057ec0_STG__MMatrix__Transform4x3.c	
00058180	STG::MMatrix::Transform3x3	undefined __thiscall Transform3x3(MMatrix * this, MMatrix * param_1, MMatrix * param_2)	ok	functions/00058180_STG__MMatrix__Transform3x3.c	
00058330	STG::MMatrix::Transform3x3_Transpose	undefined __thiscall Transform3x3_Transpose(MMatrix * this, MMatrix * param_1, MMatrix * param_2)	ok	functions/00058330_STG__MMatrix__Transform3x3_Transpose.c	
000584e0	STG::MMatrix::MakeIdentity	undefined __thiscall MakeIdentity(MMatrix * this)	ok	functions/000584e0_STG__MMatrix__MakeIdentity.c	
00058530	STG::MMatrix::GetDeterminant	undefined __thiscall GetDeterminant(MMatrix * this)	ok	functions/00058530_STG__MMatrix__GetDeterminant.c	
00058670	STG::MMatrix::ComputeAdjoint	undefined __thiscall ComputeAdjoint(MMatrix * this, MMatrix * param_1)	ok	functions/00058670_STG__MMatrix__ComputeAdjoint.c	
00058ba0	STG::MMatrix::ComputeInverse	undefined __thiscall ComputeInverse(MMatrix * this, MMatrix * param_1)	ok	functions/00058ba0_STG__MMatrix__ComputeInverse.c	
00058c90	STG::MMatrix::ComputeTranspose	undefined __thiscall ComputeTranspose(MMatrix * this, MMatrix * param_1)	ok	functions/00058c90_STG__MMatrix__ComputeTranspose.c	
00058d00	STG::MMatrix::ComputeInverseFast	undefined __thiscall ComputeInverseFast(MMatrix * this, MMatrix * param_1)	ok	functions/00058d00_STG__MMatrix__ComputeInverseFast.c	
00058d80	STG::MMatrix::MakeFrustum	undefined __thiscall MakeFrustum(MMatrix * this, float param_1, float param_2, float param_3, float param_4, float param_5, float param_6)	ok	functions/00058d80_STG__MMatrix__MakeFrustum.c	
00058e30	STG::MMatrix::MakeLookAtTransform	undefined __thiscall MakeLookAtTransform(MMatrix * this, MVector3 * param_1, MVector3 * param_2, MVector3 * param_3)	ok	functions/00058e30_STG__MMatrix__MakeLookAtTransform.c	
000591c0	STG::MMatrix::MakeOrthographicTransform	undefined __thiscall MakeOrthographicTransform(MMatrix * this, float param_1, float param_2, float param_3, float param_4)	ok	functions/000591c0_STG__MMatrix__MakeOrthographicTransform.c	
00059260	STG::MMatrix::MakeOrthographicTransform_Landscape	undefined __thiscall MakeOrthographicTransform_Landscape(MMatrix * this, float param_1, float param_2, float param_3, float param_4)	ok	functions/00059260_STG__MMatrix__MakeOrthographicTransform_Landscape.c	
00059310	STG::MMatrix::MakePerspectiveTransform	undefined __thiscall MakePerspectiveTransform(MMatrix * this, float param_1, float param_2, float param_3, float param_4)	ok	functions/00059310_STG__MMatrix__MakePerspectiveTransform.c	
000593f0	STG::MMatrix::MakePerspectiveTransform_Landscape	undefined __thiscall MakePerspectiveTransform_Landscape(MMatrix * this, float param_1, float param_2, float param_3, float param_4)	ok	functions/000593f0_STG__MMatrix__MakePerspectiveTransform_Landscape.c	
000594e0	STG::MMatrix::MakeScreenTransform	undefined __cdecl MakeScreenTransform(URectangle * param_1)	ok	functions/000594e0_STG__MMatrix__MakeScreenTransform.c	
00059590	STG::MMatrix::MakeScreenTransform_Landscape	undefined __cdecl MakeScreenTransform_Landscape(URectangle * param_1)	ok	functions/00059590_STG__MMatrix__MakeScreenTransform_Landscape.c	
00059650	STG::MMatrix::Scale	undefined __thiscall Scale(MMatrix * this, float param_1, float param_2, float param_3)	ok	functions/00059650_STG__MMatrix__Scale.c	
000596c0	STG::MMatrix::SetScale	undefined __thiscall SetScale(MMatrix * this, float param_1, float param_2, float param_3)	ok	functions/000596c0_STG__MMatrix__SetScale.c	
000596e0	STG::MMatrix::MakeScaleOffset	undefined __thiscall MakeScaleOffset(MMatrix * this, MVector3 * param_1, MVector3 * param_2)	ok	functions/000596e0_STG__MMatrix__MakeScaleOffset.c	
00059770	STG::MMatrix::SetEulerX	undefined __thiscall SetEulerX(MMatrix * this, float param_1)	ok	functions/00059770_STG__MMatrix__SetEulerX.c	
00059800	STG::MMatrix::SetEulerY	undefined __thiscall SetEulerY(MMatrix * this, float param_1)	ok	functions/00059800_STG__MMatrix__SetEulerY.c	
00059890	STG::MMatrix::SetEulerZ	undefined __thiscall SetEulerZ(MMatrix * this, float param_1)	ok	functions/00059890_STG__MMatrix__SetEulerZ.c	
00059920	STG::MMatrix::SetEulerXYZ	undefined __thiscall SetEulerXYZ(MMatrix * this, float param_1, float param_2, float param_3)	ok	functions/00059920_STG__MMatrix__SetEulerXYZ.c	
00059aa0	STG::MMatrix::SetEulerXZY	undefined __thiscall SetEulerXZY(MMatrix * this, float param_1, float param_2, float param_3)	ok	functions/00059aa0_STG__MMatrix__SetEulerXZY.c	
00059c00	STG::MMatrix::SetPosition	undefined __thiscall SetPosition(MMatrix * this, MVector3 * param_1)	ok	functions/00059c00_STG__MMatrix__SetPosition.c	
00059c30	STG::MRay3::Intersect_Test_Sphere	undefined __thiscall Intersect_Test_Sphere(MRay3 * this, MVector3 * param_1, float param_2)	ok	functions/00059c30_STG__MRay3__Intersect_Test_Sphere.c	
00059cc0	STG::MSIMD::BlendVector4f_SW	undefined __cdecl BlendVector4f_SW(float * param_1, float * param_2, float * param_3, float param_4, ulong param_5)	ok	functions/00059cc0_STG__MSIMD__BlendVector4f_SW.c	
00059d50	STG::MSIMD::Skin3Vector4f_SW	undefined __cdecl Skin3Vector4f_SW(float * param_1, float * param_2, float * param_3, float * param_4, float * param_5, float * param_6, ulong param_7)	ok	functions/00059d50_STG__MSIMD__Skin3Vector4f_SW.c	
0005a180	STG::MSIMD::MSIMD	undefined __thiscall MSIMD(MSIMD * this)	ok	functions/0005a180_STG__MSIMD__MSIMD.c	
0005a1a0	STG::MSIMD::~MSIMD	undefined __thiscall ~MSIMD(MSIMD * this)	ok	functions/0005a1a0_STG__MSIMD___MSIMD.c	
0005a1b0	STG::MSIMD::Initialize	undefined __thiscall Initialize(MSIMD * this)	ok	functions/0005a1b0_STG__MSIMD__Initialize.c	
0005a220	STG::MSIMD::Platform_QueryHardwareSupported	undefined __cdecl Platform_QueryHardwareSupported(void)	ok	functions/0005a220_STG__MSIMD__Platform_QueryHardwareSupported.c	
0005a250	STG::UPreferenceBase::GetKeySuffix	undefined __thiscall GetKeySuffix(UPreferenceBase * this, UStringBase * param_1)	ok	functions/0005a250_STG__UPreferenceBase__GetKeySuffix.c	
0005a270	STG::UPreference<STG::UStringBase<char,int>,true>::GetNumValues	undefined __thiscall GetNumValues(UPreference<STG::UStringBase<char,int>,true> * this)	ok	functions/0005a270_STG__UPreference_STG__UStringBase_char_int__true___GetNumValues.c	
0005a280	STG::UPreference<STG::UPreference_IAB_Entry,true>::GetNumValues	undefined __thiscall GetNumValues(UPreference<STG::UPreference_IAB_Entry,true> * this)	ok	functions/0005a280_STG__UPreference_STG__UPreference_IAB_Entry_true___GetNumValues.c	
0005a290	STG::UPreference<STG::UPreference_Theme_Entry,true>::GetNumValues	undefined __thiscall GetNumValues(UPreference<STG::UPreference_Theme_Entry,true> * this)	ok	functions/0005a290_STG__UPreference_STG__UPreference_Theme_Entry_true___GetNumValues.c	
0005a2a0	STG::UPreference<STG::GETimeOfDay::EPhase,true>::GetNumValues	undefined __thiscall GetNumValues(UPreference<STG::GETimeOfDay::EPhase,true> * this)	ok	functions/0005a2a0_STG__UPreference_STG__GETimeOfDay__EPhase_true___GetNumValues.c	
0005a2b0	STG::UPreference<STG::GETimeOfDay::EPhase,true>::GetNumSelectableValues	undefined __thiscall GetNumSelectableValues(UPreference<STG::GETimeOfDay::EPhase,true> * this)	ok	functions/0005a2b0_STG__UPreference_STG__GETimeOfDay__EPhase_true___GetNumSelectableValues.c	
0005a2d0	STG::UPreference<STG::GETimeOfDay::EPhase,true>::GetSelectedValueIndex	undefined __thiscall GetSelectedValueIndex(UPreference<STG::GETimeOfDay::EPhase,true> * this)	ok	functions/0005a2d0_STG__UPreference_STG__GETimeOfDay__EPhase_true___GetSelectedValueIndex.c	
0005a2e0	STG::UPreference<STG::GETimeOfDay::EPhase,true>::SetSelectedValueIndex	undefined __thiscall SetSelectedValueIndex(UPreference<STG::GETimeOfDay::EPhase,true> * this, ulong param_1)	ok	functions/0005a2e0_STG__UPreference_STG__GETimeOfDay__EPhase_true___SetSelectedValueIndex.c	
0005a340	STG::UPreference<STG::GETimeOfDay::EPhase,true>::GetSelectedValueByName	undefined __thiscall GetSelectedValueByName(UPreference<STG::GETimeOfDay::EPhase,true> * this, UStringBase * param_1)	ok	functions/0005a340_STG__UPreference_STG__GETimeOfDay__EPhase_true___GetSelectedValueByName.c	
0005a370	STG::UPreference<STG::GETimeOfDay::EPhase,true>::SetSelectedValue	undefined __thiscall SetSelectedValue(UPreference<STG::GETimeOfDay::EPhase,true> * this, EPhase * param_1)	ok	functions/0005a370_STG__UPreference_STG__GETimeOfDay__EPhase_true___SetSelectedValue.c	
0005a3d0	STG::UPreference<STG::UPreference_IAB_Entry,true>::GetNumSelectableValues	undefined __thiscall GetNumSelectableValues(UPreference<STG::UPreference_IAB_Entry,true> * this)	ok	functions/0005a3d0_STG__UPreference_STG__UPreference_IAB_Entry_true___GetNumSelectableValues.c	
0005a3f0	STG::UPreference<STG::UPreference_IAB_Entry,true>::GetSelectedValueIndex	undefined __thiscall GetSelectedValueIndex(UPreference<STG::UPreference_IAB_Entry,true> * this)	ok	functions/0005a3f0_STG__UPreference_STG__UPreference_IAB_Entry_true___GetSelectedValueIndex.c	
0005a400	STG::UPreference<STG::UPreference_IAB_Entry,true>::SetSelectedValueIndex	undefined __thiscall SetSelectedValueIndex(UPreference<STG::UPreference_IAB_Entry,true> * this, ulong param_1)	ok	functions/0005a400_STG__UPreference_STG__UPreference_IAB_Entry_true___SetSelectedValueIndex.c	
0005a460	STG::UPreference<STG::UPreference_IAB_Entry,true>::GetSelectedValueByName	undefined __thiscall GetSelectedValueByName(UPreference<STG::UPreference_IAB_Entry,true> * this, UStringBase * param_1)	ok	functions/0005a460_STG__UPreference_STG__UPreference_IAB_Entry_true___GetSelectedValueByName.c	
0005a490	STG::UPreference<STG::UPreference_Theme_Entry,true>::GetNumSelectableValues	undefined __thiscall GetNumSelectableValues(UPreference<STG::UPreference_Theme_Entry,true> * this)	ok	functions/0005a490_STG__UPreference_STG__UPreference_Theme_Entry_true___GetNumSelectableValues.c	
0005a4b0	STG::UPreference<STG::UPreference_Theme_Entry,true>::GetSelectedValueIndex	undefined __thiscall GetSelectedValueIndex(UPreference<STG::UPreference_Theme_Entry,true> * this)	ok	functions/0005a4b0_STG__UPreference_STG__UPreference_Theme_Entry_true___GetSelectedValueIndex.c	
0005a4c0	STG::UPreference<STG::UPreference_Theme_Entry,true>::SetSelectedValueIndex	undefined __thiscall SetSelectedValueIndex(UPreference<STG::UPreference_Theme_Entry,true> * this, ulong param_1)	ok	functions/0005a4c0_STG__UPreference_STG__UPreference_Theme_Entry_true___SetSelectedValueIndex.c	
0005a520	STG::UPreference<STG::UPreference_Theme_Entry,true>::GetSelectedValueByName	undefined __thiscall GetSelectedValueByName(UPreference<STG::UPreference_Theme_Entry,true> * this, UStringBase * param_1)	ok	functions/0005a520_STG__UPreference_STG__UPreference_Theme_Entry_true___GetSelectedValueByName.c	
0005a550	STG::UPreference<STG::UStringBase<char,int>,true>::GetNumSelectableValues	undefined __thiscall GetNumSelectableValues(UPreference<STG::UStringBase<char,int>,true> * this)	ok	functions/0005a550_STG__UPreference_STG__UStringBase_char_int__true___GetNumSelectableValues.c	
0005a570	STG::UPreference<STG::UStringBase<char,int>,true>::GetSelectedValueIndex	undefined __thiscall GetSelectedValueIndex(UPreference<STG::UStringBase<char,int>,true> * this)	ok	functions/0005a570_STG__UPreference_STG__UStringBase_char_int__true___GetSelectedValueIndex.c	
0005a580	STG::UPreference<STG::UStringBase<char,int>,true>::SetSelectedValueIndex	undefined __thiscall SetSelectedValueIndex(UPreference<STG::UStringBase<char,int>,true> * this, ulong param_1)	ok	functions/0005a580_STG__UPreference_STG__UStringBase_char_int__true___SetSelectedValueIndex.c	
0005a5e0	STG::UPreference<STG::UStringBase<char,int>,true>::GetSelectedValueByName	undefined __thiscall GetSelectedValueByName(UPreference<STG::UStringBase<char,int>,true> * this, UStringBase * param_1)	ok	functions/0005a5e0_STG__UPreference_STG__UStringBase_char_int__true___GetSelectedValueByName.c	
0005a610	STG::UPreference<STG::UStringBase<char,int>,true>::~UPreference	undefined __thiscall ~UPreference(UPreference<STG::UStringBase<char,int>,true> * this)	ok	functions/0005a610_STG__UPreference_STG__UStringBase_char_int__true____UPreference.c	
0005a690	STG::UPreference<STG::GETimeOfDay::EPhase,true>::~UPreference	undefined __thiscall ~UPreference(UPreference<STG::GETimeOfDay::EPhase,true> * this)	ok	functions/0005a690_STG__UPreference_STG__GETimeOfDay__EPhase_true____UPreference.c	
0005a6f0	STG::UPreference<STG::GETimeOfDay::EPhase,true>::Initialize	undefined __thiscall Initialize(UPreference<STG::GETimeOfDay::EPhase,true> * this, UStringBase * param_1, UStringBase * param_2, UStringBase * param_3, ulong param_4)	ok	functions/0005a6f0_STG__UPreference_STG__GETimeOfDay__EPhase_true___Initialize.c	
0005a760	STG::UPreference<STG::GETimeOfDay::EPhase,true>::~UPreference	undefined __thiscall ~UPreference(UPreference<STG::GETimeOfDay::EPhase,true> * this)	ok	functions/0005a760_STG__UPreference_STG__GETimeOfDay__EPhase_true____UPreference.c	
0005a7c0	STG::UPreference<STG::UPreference_IAB_Entry,true>::~UPreference	undefined __thiscall ~UPreference(UPreference<STG::UPreference_IAB_Entry,true> * this)	ok	functions/0005a7c0_STG__UPreference_STG__UPreference_IAB_Entry_true____UPreference.c	
0005a840	STG::UPreference<STG::UPreference_Theme_Entry,true>::~UPreference	undefined __thiscall ~UPreference(UPreference<STG::UPreference_Theme_Entry,true> * this)	ok	functions/0005a840_STG__UPreference_STG__UPreference_Theme_Entry_true____UPreference.c	
0005a8c0	STG::UPreference<STG::UStringBase<char,int>,true>::~UPreference	undefined __thiscall ~UPreference(UPreference<STG::UStringBase<char,int>,true> * this)	ok	functions/0005a8c0_STG__UPreference_STG__UStringBase_char_int__true____UPreference.c	
0005a950	STG::UPreference<STG::UPreference_Theme_Entry,true>::~UPreference	undefined __thiscall ~UPreference(UPreference<STG::UPreference_Theme_Entry,true> * this)	ok	functions/0005a950_STG__UPreference_STG__UPreference_Theme_Entry_true____UPreference.c	
0005a9e0	STG::UPreference<STG::UPreference_IAB_Entry,true>::~UPreference	undefined __thiscall ~UPreference(UPreference<STG::UPreference_IAB_Entry,true> * this)	ok	functions/0005a9e0_STG__UPreference_STG__UPreference_IAB_Entry_true____UPreference.c	
0005aa70	STG::UPreference<STG::UStringBase<char,int>,true>::SetSelectedValue	undefined __thiscall SetSelectedValue(UPreference<STG::UStringBase<char,int>,true> * this, UStringBase * param_1)	ok	functions/0005aa70_STG__UPreference_STG__UStringBase_char_int__true___SetSelectedValue.c	
0005ab40	STG::UPreference<STG::UPreference_Theme_Entry,true>::SetSelectedValue	undefined __thiscall SetSelectedValue(UPreference<STG::UPreference_Theme_Entry,true> * this, UPreference_Theme_Entry * param_1)	ok	functions/0005ab40_STG__UPreference_STG__UPreference_Theme_Entry_true___SetSelectedValue.c	
0005ac60	STG::UPreference<STG::UPreference_IAB_Entry,true>::SetSelectedValue	undefined __thiscall SetSelectedValue(UPreference<STG::UPreference_IAB_Entry,true> * this, UPreference_IAB_Entry * param_1)	ok	functions/0005ac60_STG__UPreference_STG__UPreference_IAB_Entry_true___SetSelectedValue.c	
0005ad80	STG::UStringBase<char,int>::operator=	undefined __thiscall operator=(UStringBase<char,int> * this, UStringBase * param_1)	ok	functions/0005ad80_STG__UStringBase_char_int___operator_.c	
0005b250	STG::USerialize::LoadLegacyTimeValue	undefined __thiscall LoadLegacyTimeValue(USerialize * this, FFileBase * param_1, ulong param_2, ulong param_3)	ok	functions/0005b250_STG__USerialize__LoadLegacyTimeValue.c	
0005b2d0	STG::USerialize::Load	undefined __cdecl Load(FFileBase * param_1, MVector2 * param_2)	ok	functions/0005b2d0_STG__USerialize__Load.c	
0005b350	STG::USerialize::Save	undefined __cdecl Save(FFileBase * param_1, MVector2 * param_2)	ok	functions/0005b350_STG__USerialize__Save.c	
0005b3d0	STG::USerialize::Load	undefined __cdecl Load(FFileBase * param_1, MVector3 * param_2)	ok	functions/0005b3d0_STG__USerialize__Load.c	
0005b460	STG::USerialize::Save	undefined __cdecl Save(FFileBase * param_1, MVector3 * param_2)	ok	functions/0005b460_STG__USerialize__Save.c	
0005b500	STG::USerialize::Load	undefined __cdecl Load(FFileBase * param_1, MMatrix * param_2)	ok	functions/0005b500_STG__USerialize__Load.c	
0005b560	STG::USerialize::Save	undefined __cdecl Save(FFileBase * param_1, MMatrix * param_2)	ok	functions/0005b560_STG__USerialize__Save.c	
0005b5c0	STG::USerialize::Load	undefined __cdecl Load(FFileBase * param_1, GEColor * param_2)	ok	functions/0005b5c0_STG__USerialize__Load.c	
0005b650	STG::USerialize::Save	undefined __cdecl Save(FFileBase * param_1, GEColor * param_2)	ok	functions/0005b650_STG__USerialize__Save.c	
0005b700	STG::USerialize::Load	undefined __cdecl Load(FFileBase * param_1, GECamera * param_2)	ok	functions/0005b700_STG__USerialize__Load.c	
0005b860	STG::USerialize::Save	undefined __cdecl Save(FFileBase * param_1, GECamera * param_2)	ok	functions/0005b860_STG__USerialize__Save.c	
0005b9c0	STG::USerialize::Load	undefined __cdecl Load(FFileBase * param_1, GEEnvironmentSettings * param_2)	ok	functions/0005b9c0_STG__USerialize__Load.c	
0005ba80	STG::USerialize::Load	undefined __cdecl Load(FFileBase * param_1, GEEnvironmentGroup * param_2)	ok	functions/0005ba80_STG__USerialize__Load.c	
0005bb50	STG::USerialize::Load	undefined __cdecl Load(FFileBase * param_1, GEEnvironment * param_2)	ok	functions/0005bb50_STG__USerialize__Load.c	
0005bbf0	STG::USerialize::Save	undefined __cdecl Save(FFileBase * param_1, GEEnvironmentSettings * param_2)	ok	functions/0005bbf0_STG__USerialize__Save.c	
0005bcd0	STG::USerialize::Save	undefined __cdecl Save(FFileBase * param_1, GEEnvironmentGroup * param_2)	ok	functions/0005bcd0_STG__USerialize__Save.c	
0005bdd0	STG::USerialize::Save	undefined __cdecl Save(FFileBase * param_1, GEEnvironment * param_2)	ok	functions/0005bdd0_STG__USerialize__Save.c	
0005be70	STG::USerialize::Load	undefined __cdecl Load(FFileBase * param_1, GEIndexBuffer * param_2)	ok	functions/0005be70_STG__USerialize__Load.c	
0005bf00	STG::USerialize::Save	undefined __cdecl Save(FFileBase * param_1, GEIndexBuffer * param_2)	ok	functions/0005bf00_STG__USerialize__Save.c	
0005bf90	STG::USerialize::Load	undefined __cdecl Load(FFileBase * param_1, VertexGroup * param_2)	ok	functions/0005bf90_STG__USerialize__Load.c	
0005c0e0	STG::USerialize::Save	undefined __cdecl Save(FFileBase * param_1, VertexGroup * param_2)	ok	functions/0005c0e0_STG__USerialize__Save.c	
0005c1e0	STG::USerialize::Load	undefined __cdecl Load(FFileBase * param_1, GEAnimationCurve * param_2)	ok	functions/0005c1e0_STG__USerialize__Load.c	
0005c4a0	STG::USerialize::Save	undefined __cdecl Save(FFileBase * param_1, GEAnimationCurve * param_2)	ok	functions/0005c4a0_STG__USerialize__Save.c	
0005c600	STG::USerialize::Load	undefined __cdecl Load(FFileBase * param_1, GEAnimationTrack * param_2)	ok	functions/0005c600_STG__USerialize__Load.c	
0005c8c0	STG::USerialize::Load	undefined __cdecl Load(FFileBase * param_1, BoneAnim * param_2)	ok	functions/0005c8c0_STG__USerialize__Load.c	
0005c9e0	STG::USerialize::Load	undefined __cdecl Load(FFileBase * param_1, Animation * param_2)	ok	functions/0005c9e0_STG__USerialize__Load.c	
0005ceb0	STG::USerialize::Load	undefined __cdecl Load(FFileBase * param_1, Mesh * param_2)	ok	functions/0005ceb0_STG__USerialize__Load.c	
0005d280	STG::USerialize::Save	undefined __cdecl Save(FFileBase * param_1, GEAnimationTrack * param_2)	ok	functions/0005d280_STG__USerialize__Save.c	
0005d480	STG::USerialize::Save	undefined __cdecl Save(FFileBase * param_1, BoneAnim * param_2)	ok	functions/0005d480_STG__USerialize__Save.c	
0005d570	STG::USerialize::Save	undefined __cdecl Save(FFileBase * param_1, Animation * param_2)	ok	functions/0005d570_STG__USerialize__Save.c	
0005d7d0	STG::USerialize::Save	undefined __cdecl Save(FFileBase * param_1, Mesh * param_2)	ok	functions/0005d7d0_STG__USerialize__Save.c	
0005da00	STG::USerialize::Load	undefined __cdecl Load(FFileBase * param_1, GETimeOfDay * param_2)	ok	functions/0005da00_STG__USerialize__Load.c	
0005da70	STG::USerialize::Save	undefined __cdecl Save(FFileBase * param_1, GETimeOfDay * param_2)	ok	functions/0005da70_STG__USerialize__Save.c	
0005dae0	STG::USerialize::Load	undefined __cdecl Load(FFileBase * param_1, GEVertexBlender * param_2)	ok	functions/0005dae0_STG__USerialize__Load.c	
0005e020	STG::USerialize::Save	undefined __cdecl Save(FFileBase * param_1, GEVertexBlender * param_2)	ok	functions/0005e020_STG__USerialize__Save.c	
0005e100	STG::USerialize::Load	undefined __cdecl Load(FFileBase * param_1, GEVertexBuffer * param_2)	ok	functions/0005e100_STG__USerialize__Load.c	
0005e260	STG::USerialize::Save	undefined __cdecl Save(FFileBase * param_1, GEVertexBuffer * param_2)	ok	functions/0005e260_STG__USerialize__Save.c	
0005e400	STG::USerialize::Save	undefined __cdecl Save(FFileBase * param_1, UPreference_IAB * param_2)	ok	functions/0005e400_STG__USerialize__Save.c	
0005e870	STG::USerialize::Save	undefined __cdecl Save(FFileBase * param_1, UPreference_TextureFont * param_2)	ok	functions/0005e870_STG__USerialize__Save.c	
0005eb20	STG::USerialize::Save	undefined __cdecl Save(FFileBase * param_1, UPreference_TextureSwap * param_2)	ok	functions/0005eb20_STG__USerialize__Save.c	
0005ee70	STG::USerialize::Save	undefined __cdecl Save(FFileBase * param_1, UPreference_TextureGroup * param_2)	ok	functions/0005ee70_STG__USerialize__Save.c	
0005f1f0	STG::USerialize::Save	undefined __cdecl Save(FFileBase * param_1, UPreference_Theme * param_2)	ok	functions/0005f1f0_STG__USerialize__Save.c	
0005f5c0	STG::USerialize::Save	undefined __cdecl Save(FFileBase * param_1, UPreference_TimeOfDay * param_2)	ok	functions/0005f5c0_STG__USerialize__Save.c	
0005f870	STG::UStringBase<char,int>::UStringBase	undefined __thiscall UStringBase(UStringBase<char,int> * this)	ok	functions/0005f870_STG__UStringBase_char_int___UStringBase.c	
0005f8a0	STG::UPreference<STG::UStringBase<char,int>,true>::IsValueValid	undefined __thiscall IsValueValid(UPreference<STG::UStringBase<char,int>,true> * this, UStringBase * param_1)	ok	functions/0005f8a0_STG__UPreference_STG__UStringBase_char_int__true___IsValueValid.c	
0005f9a0	STG::UPreference<STG::UStringBase<char,int>,true>::SetSelectedValueByName	undefined __thiscall SetSelectedValueByName(UPreference<STG::UStringBase<char,int>,true> * this, UStringBase * param_1)	ok	functions/0005f9a0_STG__UPreference_STG__UStringBase_char_int__true___SetSelectedValueByName.c	
0005faa0	STG::UPreference<STG::UPreference_Theme_Entry,true>::IsValueValid	undefined __thiscall IsValueValid(UPreference<STG::UPreference_Theme_Entry,true> * this, UStringBase * param_1)	ok	functions/0005faa0_STG__UPreference_STG__UPreference_Theme_Entry_true___IsValueValid.c	
0005fba0	STG::UPreference<STG::UPreference_Theme_Entry,true>::SetSelectedValueByName	undefined __thiscall SetSelectedValueByName(UPreference<STG::UPreference_Theme_Entry,true> * this, UStringBase * param_1)	ok	functions/0005fba0_STG__UPreference_STG__UPreference_Theme_Entry_true___SetSelectedValueByName.c	
0005fca0	STG::UPreference<STG::UPreference_IAB_Entry,true>::IsValueValid	undefined __thiscall IsValueValid(UPreference<STG::UPreference_IAB_Entry,true> * this, UStringBase * param_1)	ok	functions/0005fca0_STG__UPreference_STG__UPreference_IAB_Entry_true___IsValueValid.c	
0005fda0	STG::UPreference<STG::UPreference_IAB_Entry,true>::SetSelectedValueByName	undefined __thiscall SetSelectedValueByName(UPreference<STG::UPreference_IAB_Entry,true> * this, UStringBase * param_1)	ok	functions/0005fda0_STG__UPreference_STG__UPreference_IAB_Entry_true___SetSelectedValueByName.c	
0005fea0	STG::UPreference<STG::GETimeOfDay::EPhase,true>::IsValueValid	undefined __thiscall IsValueValid(UPreference<STG::GETimeOfDay::EPhase,true> * this, UStringBase * param_1)	ok	functions/0005fea0_STG__UPreference_STG__GETimeOfDay__EPhase_true___IsValueValid.c	
0005ffa0	STG::UPreference<STG::GETimeOfDay::EPhase,true>::SetSelectedValueByName	undefined __thiscall SetSelectedValueByName(UPreference<STG::GETimeOfDay::EPhase,true> * this, UStringBase * param_1)	ok	functions/0005ffa0_STG__UPreference_STG__GETimeOfDay__EPhase_true___SetSelectedValueByName.c	
000600a0	STG::UPreference<STG::UPreference_IAB_Entry,true>::Initialize	undefined __thiscall Initialize(UPreference<STG::UPreference_IAB_Entry,true> * this, UStringBase * param_1, UStringBase * param_2, UStringBase * param_3, ulong param_4)	ok	functions/000600a0_STG__UPreference_STG__UPreference_IAB_Entry_true___Initialize.c	
00060160	STG::UPreference<STG::UPreference_Theme_Entry,true>::Initialize	undefined __thiscall Initialize(UPreference<STG::UPreference_Theme_Entry,true> * this, UStringBase * param_1, UStringBase * param_2, UStringBase * param_3, ulong param_4)	ok	functions/00060160_STG__UPreference_STG__UPreference_Theme_Entry_true___Initialize.c	
00060220	STG::UPreference<STG::UStringBase<char,int>,true>::Initialize	undefined __thiscall Initialize(UPreference<STG::UStringBase<char,int>,true> * this, UStringBase * param_1, UStringBase * param_2, UStringBase * param_3, ulong param_4)	ok	functions/00060220_STG__UPreference_STG__UStringBase_char_int__true___Initialize.c	
000602e0	STG::USerialize::Load<char,int>	void __cdecl Load<char,int>(FFileBase * param_1, UStringBase * param_2)	ok	functions/000602e0_STG__USerialize__Load_char_int_.c	
00060770	STG::USerialize::Load	undefined __cdecl Load(FFileBase * param_1, UPreference_TimeOfDay * param_2)	ok	functions/00060770_STG__USerialize__Load.c	
00060a20	STG::USerialize::Load	undefined __cdecl Load(FFileBase * param_1, UPreference_Theme * param_2)	ok	functions/00060a20_STG__USerialize__Load.c	
00060c10	STG::USerialize::Load	undefined __cdecl Load(FFileBase * param_1, UPreference_TextureGroup * param_2)	ok	functions/00060c10_STG__USerialize__Load.c	
00060e70	STG::USerialize::Load	undefined __cdecl Load(FFileBase * param_1, UPreference_TextureSwap * param_2)	ok	functions/00060e70_STG__USerialize__Load.c	
00061070	STG::USerialize::Load	undefined __cdecl Load(FFileBase * param_1, UPreference_TextureFont * param_2)	ok	functions/00061070_STG__USerialize__Load.c	
00061230	STG::USerialize::Load	undefined __cdecl Load(FFileBase * param_1, UPreference_FileChooser_Texture * param_2)	ok	functions/00061230_STG__USerialize__Load.c	
000613e0	STG::USerialize::Load	undefined __cdecl Load(FFileBase * param_1, UPreference_Environment * param_2)	ok	functions/000613e0_STG__USerialize__Load.c	
000615e0	STG::USerialize::Load	undefined __cdecl Load(FFileBase * param_1, UPreference_ModelToggle * param_2)	ok	functions/000615e0_STG__USerialize__Load.c	
000617f0	STG::USerialize::Load	undefined __cdecl Load(FFileBase * param_1, UPreference_ModelSwap * param_2)	ok	functions/000617f0_STG__USerialize__Load.c	
00061ab0	STG::USerialize::Load	undefined __cdecl Load(FFileBase * param_1, UPreference_CameraSet * param_2)	ok	functions/00061ab0_STG__USerialize__Load.c	
00061c90	STG::USerialize::Load	undefined __cdecl Load(FFileBase * param_1, GECameraSet * param_2)	ok	functions/00061c90_STG__USerialize__Load.c	
00061e00	STG::USerialize::Load	undefined __cdecl Load(FFileBase * param_1, FFileHash * param_2)	ok	functions/00061e00_STG__USerialize__Load.c	
00061e70	STG::USerialize::Load	undefined __cdecl Load(FFileBase * param_1, GETextureSwap * param_2)	ok	functions/00061e70_STG__USerialize__Load.c	
00062180	STG::USerialize::Load	undefined __cdecl Load(FFileBase * param_1, GETextureSwapContainer * param_2)	ok	functions/00062180_STG__USerialize__Load.c	
00062210	STG::USerialize::Load	undefined __cdecl Load(FFileBase * param_1, GEMaterial * param_2)	ok	functions/00062210_STG__USerialize__Load.c	
00062650	STG::USerialize::Load	undefined __cdecl Load(FFileBase * param_1, GEModel * param_2)	ok	functions/00062650_STG__USerialize__Load.c	
00062a50	STG::USerialize::Load	undefined __cdecl Load(FFileBase * param_1, GEFont * param_2)	ok	functions/00062a50_STG__USerialize__Load.c	
00062ff0	STG::USerialize::Load	undefined __cdecl Load(FFileBase * param_1, UPreference_IAB * param_2)	ok	functions/00062ff0_STG__USerialize__Load.c	
000632c0	STG::USerialize::Load	undefined __cdecl Load(FFileBase * param_1, UPreference_Scene * param_2)	ok	functions/000632c0_STG__USerialize__Load.c	
000647d0	STG::USerialize::Save<char,int>	void __cdecl Save<char,int>(FFileBase * param_1, UStringBase * param_2)	ok	functions/000647d0_STG__USerialize__Save_char_int_.c	
00064880	STG::USerialize::Save	undefined __cdecl Save(FFileBase * param_1, UPreference_FileChooser_Texture * param_2)	ok	functions/00064880_STG__USerialize__Save.c	
00064a00	STG::USerialize::Save	undefined __cdecl Save(FFileBase * param_1, UPreference_Environment * param_2)	ok	functions/00064a00_STG__USerialize__Save.c	
00064b90	STG::USerialize::Save	undefined __cdecl Save(FFileBase * param_1, UPreference_ModelToggle * param_2)	ok	functions/00064b90_STG__USerialize__Save.c	
00064cc0	STG::USerialize::Save	undefined __cdecl Save(FFileBase * param_1, UPreference_ModelSwap * param_2)	ok	functions/00064cc0_STG__USerialize__Save.c	
00064f10	STG::USerialize::Save	undefined __cdecl Save(FFileBase * param_1, UPreference_CameraSet * param_2)	ok	functions/00064f10_STG__USerialize__Save.c	
000650a0	STG::USerialize::Save	undefined __cdecl Save(FFileBase * param_1, UPreference_Scene * param_2)	ok	functions/000650a0_STG__USerialize__Save.c	
00065830	STG::USerialize::Save	undefined __cdecl Save(FFileBase * param_1, GECameraSet * param_2)	ok	functions/00065830_STG__USerialize__Save.c	
00065970	STG::USerialize::Save	undefined __cdecl Save(FFileBase * param_1, FFileHash * param_2)	ok	functions/00065970_STG__USerialize__Save.c	
00065a00	STG::USerialize::Save	undefined __cdecl Save(FFileBase * param_1, GEMaterial * param_2)	ok	functions/00065a00_STG__USerialize__Save.c	
00065c50	STG::USerialize::Save	undefined __cdecl Save(FFileBase * param_1, GEFont * param_2)	ok	functions/00065c50_STG__USerialize__Save.c	
00065f20	STG::USerialize::Save	undefined __cdecl Save(FFileBase * param_1, GETextureFont * param_2)	ok	functions/00065f20_STG__USerialize__Save.c	
00066130	STG::USerialize::Save	undefined __cdecl Save(FFileBase * param_1, GETextureFontContainer * param_2)	ok	functions/00066130_STG__USerialize__Save.c	
00066200	STG::USerialize::Save	undefined __cdecl Save(FFileBase * param_1, GETextureSwap * param_2)	ok	functions/00066200_STG__USerialize__Save.c	
00066400	STG::USerialize::Save	undefined __cdecl Save(FFileBase * param_1, GETextureSwapContainer * param_2)	ok	functions/00066400_STG__USerialize__Save.c	
00066490	STG::USerialize::Save	undefined __cdecl Save(FFileBase * param_1, GETextureModifier * param_2)	ok	functions/00066490_STG__USerialize__Save.c	
00066770	STG::USerialize::Save	undefined __cdecl Save(FFileBase * param_1, GEModel * param_2)	ok	functions/00066770_STG__USerialize__Save.c	
00066a60	STG::USerialize::Save	undefined __cdecl Save(FFileBase * param_1, GEScene * param_2)	ok	functions/00066a60_STG__USerialize__Save.c	
00067ae0	STG::USerialize::Load<unsigned_short,unsigned_short>	void __cdecl Load<unsigned_short,unsigned_short>(FFileBase * param_1, UStringBase * param_2)	ok	functions/00067ae0_STG__USerialize__Load_unsigned_short_unsigned_short_.c	
00067fc0	STG::USerialize::Load	undefined __cdecl Load(FFileBase * param_1, GETextureFont * param_2)	ok	functions/00067fc0_STG__USerialize__Load.c	
000681d0	STG::USerialize::Load	undefined __cdecl Load(FFileBase * param_1, GETextureFontContainer * param_2)	ok	functions/000681d0_STG__USerialize__Load.c	
000682c0	STG::USerialize::Load	undefined __cdecl Load(FFileBase * param_1, GETextureModifier * param_2)	ok	functions/000682c0_STG__USerialize__Load.c	
00068810	STG::USerialize::Load	undefined __cdecl Load(FFileBase * param_1, GEScene * param_2)	ok	functions/00068810_STG__USerialize__Load.c	
0006ad10	FUN_0006ad10	undefined FUN_0006ad10(void)	ok	functions/0006ad10_FUN_0006ad10.c	
0006ae30	STG::UCrypto::Transform	undefined __cdecl Transform(char * param_1, uint param_2, void * param_3)	ok	functions/0006ae30_STG__UCrypto__Transform.c	
0006ae80	STG::UCrypto::TransformAndPrint	undefined __cdecl TransformAndPrint(char * param_1)	ok	functions/0006ae80_STG__UCrypto__TransformAndPrint.c	
0006afb0	STG::UStringBaseHash_Internal	undefined __cdecl UStringBaseHash_Internal(uchar * param_1, uint param_2)	ok	functions/0006afb0_STG__UStringBaseHash_Internal.c	
0006b080	STG::UTime::~UTime	undefined __thiscall ~UTime(UTime * this)	ok	functions/0006b080_STG__UTime___UTime.c	
0006b0a0	STG::USingleton<STG::UTime>::~USingleton	undefined __thiscall ~USingleton(USingleton<STG::UTime> * this)	ok	functions/0006b0a0_STG__USingleton_STG__UTime____USingleton.c	
0006b0c0	STG::USingleton<STG::UTime>::~USingleton	undefined __thiscall ~USingleton(USingleton<STG::UTime> * this)	ok	functions/0006b0c0_STG__USingleton_STG__UTime____USingleton.c	
0006b0f0	STG::UTime::~UTime	undefined __thiscall ~UTime(UTime * this)	ok	functions/0006b0f0_STG__UTime___UTime.c	
0006b130	STG::UTime::InternalTime_Default::GetTime_UTC	undefined __thiscall GetTime_UTC(InternalTime_Default * this, tm * param_1)	ok	functions/0006b130_STG__UTime__InternalTime_Default__GetTime_UTC.c	
0006b170	STG::UTime::InternalTime_Default::GetTime_Local	undefined __thiscall GetTime_Local(InternalTime_Default * this, tm * param_1)	ok	functions/0006b170_STG__UTime__InternalTime_Default__GetTime_Local.c	
0006b1b0	STG::UTime::InstallTimer	undefined __thiscall InstallTimer(UTime * this, IInternalTime * param_1)	ok	functions/0006b1b0_STG__UTime__InstallTimer.c	
0006b1d0	STG::UTime::UTime	undefined __thiscall UTime(UTime * this)	ok	functions/0006b1d0_STG__UTime__UTime.c	
0006b240	STG::UTime::GetCurrentTime_MS	undefined __cdecl GetCurrentTime_MS(void)	ok	functions/0006b240_STG__UTime__GetCurrentTime_MS.c	
0006b2f0	STG::UTime::GetCurrentTime_US	undefined __cdecl GetCurrentTime_US(void)	ok	functions/0006b2f0_STG__UTime__GetCurrentTime_US.c	
0006b3a0	STG::UTime::GetStartTime_MS	undefined __thiscall GetStartTime_MS(UTime * this)	ok	functions/0006b3a0_STG__UTime__GetStartTime_MS.c	
0006b420	STG::UTime::GetStartTime_US	undefined __thiscall GetStartTime_US(UTime * this)	ok	functions/0006b420_STG__UTime__GetStartTime_US.c	
0006b4a0	STG::UTime::GetTime_Local	undefined __cdecl GetTime_Local(void)	ok	functions/0006b4a0_STG__UTime__GetTime_Local.c	
0006b550	STG::UTime::GetTime_UTC	undefined __cdecl GetTime_UTC(void)	ok	functions/0006b550_STG__UTime__GetTime_UTC.c	
0006b600	STG::UTime::GetUTCOffset	undefined __thiscall GetUTCOffset(UTime * this, TimeStruct * param_1, TimeStruct * param_2)	ok	functions/0006b600_STG__UTime__GetUTCOffset.c	
0006b640	STG::UTime::GetUTCOffset	undefined __thiscall GetUTCOffset(UTime * this)	ok	functions/0006b640_STG__UTime__GetUTCOffset.c	
0006b6e0	STG::UTime::Sleep_MS	undefined __thiscall Sleep_MS(UTime * this, UTimeValue param_1)	ok	functions/0006b6e0_STG__UTime__Sleep_MS.c	
0006b710	STG::UTime::ComputeSolarEvents	undefined __thiscall ComputeSolarEvents(UTime * this, long param_1, MLocation * param_2, MExplicitType * param_3, MExplicitType * param_4)	ok	functions/0006b710_STG__UTime__ComputeSolarEvents.c	
0006c050	STG::UTime::ComputeSolarEvents	undefined __thiscall ComputeSolarEvents(UTime * this, TimeStruct * param_1, MLocation * param_2, MExplicitType * param_3, MExplicitType * param_4)	ok	functions/0006c050_STG__UTime__ComputeSolarEvents.c	
0006c0a0	STG::UTime::ComputeSolarEvents	undefined __cdecl ComputeSolarEvents(MLocation * param_1, MExplicitType * param_2, MExplicitType * param_3, long * param_4)	ok	functions/0006c0a0_STG__UTime__ComputeSolarEvents.c	
0006c150	STG::UResource::LoadAllResources	undefined __thiscall LoadAllResources(UResource * this)	ok	functions/0006c150_STG__UResource__LoadAllResources.c	
0006c1b0	STG::UResource::GetChildResourceCountRecurse	undefined __thiscall GetChildResourceCountRecurse(UResource * this)	ok	functions/0006c1b0_STG__UResource__GetChildResourceCountRecurse.c	
0006c200	STG::UResource::LoadResources	undefined __thiscall LoadResources(UResource * this)	ok	functions/0006c200_STG__UResource__LoadResources.c	
0006c370	STG::UResource::GetSubFileCountRecurse	undefined __thiscall GetSubFileCountRecurse(UResource * this)	ok	functions/0006c370_STG__UResource__GetSubFileCountRecurse.c	
0006c4e0	STG::UResource::~UResource	undefined __thiscall ~UResource(UResource * this)	ok	functions/0006c4e0_STG__UResource___UResource.c	
0006c560	STG::UResource::~UResource	undefined __thiscall ~UResource(UResource * this)	ok	functions/0006c560_STG__UResource___UResource.c	
0006c5e0	STG::UResource::LoadSelf	undefined __thiscall LoadSelf(UResource * this, FFileHash * param_1)	ok	functions/0006c5e0_STG__UResource__LoadSelf.c	
0006c870	STG::UResource::GetAllUniqueSubFiles	undefined __thiscall GetAllUniqueSubFiles(UResource * this, UArrayFixed * param_1)	ok	functions/0006c870_STG__UResource__GetAllUniqueSubFiles.c	
0006ccc0	STG::UResource::GetAllSubFiles	undefined __thiscall GetAllSubFiles(UResource * this, UArrayFixed * param_1)	ok	functions/0006ccc0_STG__UResource__GetAllSubFiles.c	
0006d330	STG::UPreferenceBase::SetListener	undefined __thiscall SetListener(UPreferenceBase * this, IListener * param_1)	ok	functions/0006d330_STG__UPreferenceBase__SetListener.c	
0006d350	STG::UPreference<STG::UStringBase<unsigned_short,unsigned_short>,true>::GetNumValues	undefined __thiscall GetNumValues(UPreference<STG::UStringBase<unsigned_short,unsigned_short>,true> * this)	ok	functions/0006d350_STG__UPreference_STG__UStringBase_unsigned_short_unsigned_short__true___GetNumValues.c	
0006d360	STG::UPreference<STG::UStringBase<unsigned_short,unsigned_short>,true>::GetNumSelectableValues	undefined __thiscall GetNumSelectableValues(UPreference<STG::UStringBase<unsigned_short,unsigned_short>,true> * this)	ok	functions/0006d360_STG__UPreference_STG__UStringBase_unsigned_short_unsigned_short__true___GetNumSelectableValues.c	
0006d380	STG::UPreference<STG::UStringBase<unsigned_short,unsigned_short>,true>::GetSelectedValueIndex	undefined __thiscall GetSelectedValueIndex(UPreference<STG::UStringBase<unsigned_short,unsigned_short>,true> * this)	ok	functions/0006d380_STG__UPreference_STG__UStringBase_unsigned_short_unsigned_short__true___GetSelectedValueIndex.c	
0006d390	STG::UPreference<STG::UStringBase<unsigned_short,unsigned_short>,true>::SetSelectedValueIndex	undefined __thiscall SetSelectedValueIndex(UPreference<STG::UStringBase<unsigned_short,unsigned_short>,true> * this, ulong param_1)	ok	functions/0006d390_STG__UPreference_STG__UStringBase_unsigned_short_unsigned_short__true___SetSelectedValueIndex.c	
0006d3f0	STG::UPreference<STG::UStringBase<unsigned_short,unsigned_short>,true>::GetSelectedValueByName	undefined __thiscall GetSelectedValueByName(UPreference<STG::UStringBase<unsigned_short,unsigned_short>,true> * this, UStringBase * param_1)	ok	functions/0006d3f0_STG__UPreference_STG__UStringBase_unsigned_short_unsigned_short__true___GetSelectedValueByName.c	
0006d420	STG::UPreference<STG::UStringBase<unsigned_short,unsigned_short>,true>::SetSelectedValue	undefined __thiscall SetSelectedValue(UPreference<STG::UStringBase<unsigned_short,unsigned_short>,true> * this, UStringBase * param_1)	ok	functions/0006d420_STG__UPreference_STG__UStringBase_unsigned_short_unsigned_short__true___SetSelectedValue.c	
0006d500	STG::UPreference<unsigned_long,true>::GetNumValues	undefined __thiscall GetNumValues(UPreference<unsigned_long,true> * this)	ok	functions/0006d500_STG__UPreference_unsigned_long_true___GetNumValues.c	
0006d510	STG::UPreference<unsigned_long,true>::GetNumSelectableValues	undefined __thiscall GetNumSelectableValues(UPreference<unsigned_long,true> * this)	ok	functions/0006d510_STG__UPreference_unsigned_long_true___GetNumSelectableValues.c	
0006d530	STG::UPreference<unsigned_long,true>::GetSelectedValueIndex	undefined __thiscall GetSelectedValueIndex(UPreference<unsigned_long,true> * this)	ok	functions/0006d530_STG__UPreference_unsigned_long_true___GetSelectedValueIndex.c	
0006d540	STG::UPreference<unsigned_long,true>::SetSelectedValueIndex	undefined __thiscall SetSelectedValueIndex(UPreference<unsigned_long,true> * this, ulong param_1)	ok	functions/0006d540_STG__UPreference_unsigned_long_true___SetSelectedValueIndex.c	
0006d5a0	STG::UPreference<unsigned_long,true>::GetSelectedValueByName	undefined __thiscall GetSelectedValueByName(UPreference<unsigned_long,true> * this, UStringBase * param_1)	ok	functions/0006d5a0_STG__UPreference_unsigned_long_true___GetSelectedValueByName.c	
0006d5d0	STG::UPreference<unsigned_long,true>::SetSelectedValue	undefined __thiscall SetSelectedValue(UPreference<unsigned_long,true> * this, ulong * param_1)	ok	functions/0006d5d0_STG__UPreference_unsigned_long_true___SetSelectedValue.c	
0006d630	STG::UPreference<bool,true>::GetNumValues	undefined __thiscall GetNumValues(UPreference<bool,true> * this)	ok	functions/0006d630_STG__UPreference_bool_true___GetNumValues.c	
0006d640	STG::UPreference<bool,true>::GetNumSelectableValues	undefined __thiscall GetNumSelectableValues(UPreference<bool,true> * this)	ok	functions/0006d640_STG__UPreference_bool_true___GetNumSelectableValues.c	
0006d660	STG::UPreference<bool,true>::GetSelectedValueIndex	undefined __thiscall GetSelectedValueIndex(UPreference<bool,true> * this)	ok	functions/0006d660_STG__UPreference_bool_true___GetSelectedValueIndex.c	
0006d670	STG::UPreference<bool,true>::SetSelectedValueIndex	undefined __thiscall SetSelectedValueIndex(UPreference<bool,true> * this, ulong param_1)	ok	functions/0006d670_STG__UPreference_bool_true___SetSelectedValueIndex.c	
0006d6d0	STG::UPreference<bool,true>::GetSelectedValueByName	undefined __thiscall GetSelectedValueByName(UPreference<bool,true> * this, UStringBase * param_1)	ok	functions/0006d6d0_STG__UPreference_bool_true___GetSelectedValueByName.c	
0006d700	STG::UPreference<bool,true>::SetSelectedValue	undefined __thiscall SetSelectedValue(UPreference<bool,true> * this, bool * param_1)	ok	functions/0006d700_STG__UPreference_bool_true___SetSelectedValue.c	
0006d760	STG::UPreferenceBase::GetShouldReflect	undefined __thiscall GetShouldReflect(UPreferenceBase * this)	ok	functions/0006d760_STG__UPreferenceBase__GetShouldReflect.c	
0006d8a0	STG::UPreferenceBase::~UPreferenceBase	undefined __thiscall ~UPreferenceBase(UPreferenceBase * this)	ok	functions/0006d8a0_STG__UPreferenceBase___UPreferenceBase.c	
0006d9d0	STG::UPreference<bool,true>::~UPreference	undefined __thiscall ~UPreference(UPreference<bool,true> * this)	ok	functions/0006d9d0_STG__UPreference_bool_true____UPreference.c	
0006da30	STG::UPreference<unsigned_long,true>::~UPreference	undefined __thiscall ~UPreference(UPreference<unsigned_long,true> * this)	ok	functions/0006da30_STG__UPreference_unsigned_long_true____UPreference.c	
0006da90	STG::UPreference<STG::UStringBase<unsigned_short,unsigned_short>,true>::~UPreference	undefined __thiscall ~UPreference(UPreference<STG::UStringBase<unsigned_short,unsigned_short>,true> * this)	ok	functions/0006da90_STG__UPreference_STG__UStringBase_unsigned_short_unsigned_short__true____UPreference.c	
0006db10	STG::UPreferenceBase::~UPreferenceBase	undefined __thiscall ~UPreferenceBase(UPreferenceBase * this)	ok	functions/0006db10_STG__UPreferenceBase___UPreferenceBase.c	
0006db50	STG::UPreference_Uint32::~UPreference_Uint32	undefined __thiscall ~UPreference_Uint32(UPreference_Uint32 * this)	ok	functions/0006db50_STG__UPreference_Uint32___UPreference_Uint32.c	
0006dbb0	STG::UPreference_Bool::~UPreference_Bool	undefined __thiscall ~UPreference_Bool(UPreference_Bool * this)	ok	functions/0006dbb0_STG__UPreference_Bool___UPreference_Bool.c	
0006dc10	STG::UPreference_Uint32::~UPreference_Uint32	undefined __thiscall ~UPreference_Uint32(UPreference_Uint32 * this)	ok	functions/0006dc10_STG__UPreference_Uint32___UPreference_Uint32.c	
0006dc70	STG::UPreference<unsigned_long,true>::~UPreference	undefined __thiscall ~UPreference(UPreference<unsigned_long,true> * this)	ok	functions/0006dc70_STG__UPreference_unsigned_long_true____UPreference.c	
0006dcd0	STG::UPreference<bool,true>::~UPreference	undefined __thiscall ~UPreference(UPreference<bool,true> * this)	ok	functions/0006dcd0_STG__UPreference_bool_true____UPreference.c	
0006dd30	STG::UPreference_Bool::~UPreference_Bool	undefined __thiscall ~UPreference_Bool(UPreference_Bool * this)	ok	functions/0006dd30_STG__UPreference_Bool___UPreference_Bool.c	
0006dd90	STG::UPreference_WideString::~UPreference_WideString	undefined __thiscall ~UPreference_WideString(UPreference_WideString * this)	ok	functions/0006dd90_STG__UPreference_WideString___UPreference_WideString.c	
0006de20	STG::UPreference_WideString::~UPreference_WideString	undefined __thiscall ~UPreference_WideString(UPreference_WideString * this)	ok	functions/0006de20_STG__UPreference_WideString___UPreference_WideString.c	
0006dea0	STG::UPreference<STG::UStringBase<unsigned_short,unsigned_short>,true>::~UPreference	undefined __thiscall ~UPreference(UPreference<STG::UStringBase<unsigned_short,unsigned_short>,true> * this)	ok	functions/0006dea0_STG__UPreference_STG__UStringBase_unsigned_short_unsigned_short__true____UPreference.c	
0006df30	STG::UPreference_String::~UPreference_String	undefined __thiscall ~UPreference_String(UPreference_String * this)	ok	functions/0006df30_STG__UPreference_String___UPreference_String.c	
0006dfc0	STG::UPreference_String::~UPreference_String	undefined __thiscall ~UPreference_String(UPreference_String * this)	ok	functions/0006dfc0_STG__UPreference_String___UPreference_String.c	
0006e040	STG::UPreference<STG::UStringBase<unsigned_short,unsigned_short>,true>::SetSelectedValueByName	undefined __thiscall SetSelectedValueByName(UPreference<STG::UStringBase<unsigned_short,unsigned_short>,true> * this, UStringBase * param_1)	ok	functions/0006e040_STG__UPreference_STG__UStringBase_unsigned_short_unsigned_short__true___SetSelectedValueByName.c	
0006e1b0	STG::UPreference<bool,true>::IsValueValid	undefined __thiscall IsValueValid(UPreference<bool,true> * this, UStringBase * param_1)	ok	functions/0006e1b0_STG__UPreference_bool_true___IsValueValid.c	
0006e310	STG::UPreference<bool,true>::SetSelectedValueByName	undefined __thiscall SetSelectedValueByName(UPreference<bool,true> * this, UStringBase * param_1)	ok	functions/0006e310_STG__UPreference_bool_true___SetSelectedValueByName.c	
0006e480	STG::UPreference<unsigned_long,true>::IsValueValid	undefined __thiscall IsValueValid(UPreference<unsigned_long,true> * this, UStringBase * param_1)	ok	functions/0006e480_STG__UPreference_unsigned_long_true___IsValueValid.c	
0006e5e0	STG::UPreference<unsigned_long,true>::SetSelectedValueByName	undefined __thiscall SetSelectedValueByName(UPreference<unsigned_long,true> * this, UStringBase * param_1)	ok	functions/0006e5e0_STG__UPreference_unsigned_long_true___SetSelectedValueByName.c	
0006e750	STG::UPreference<STG::UStringBase<unsigned_short,unsigned_short>,true>::IsValueValid	undefined __thiscall IsValueValid(UPreference<STG::UStringBase<unsigned_short,unsigned_short>,true> * this, UStringBase * param_1)	ok	functions/0006e750_STG__UPreference_STG__UStringBase_unsigned_short_unsigned_short__true___IsValueValid.c	
0006e8b0	STG::UPreferenceBase::UPreferenceBase	undefined __thiscall UPreferenceBase(UPreferenceBase * this)	ok	functions/0006e8b0_STG__UPreferenceBase__UPreferenceBase.c	
0006e930	STG::UStringBase<char,int>::Replace	undefined __thiscall Replace(UStringBase<char,int> * this, UStringBase * param_1, UStringBase * param_2)	ok	functions/0006e930_STG__UStringBase_char_int___Replace.c	
0006f100	STG::UPreference_WideString::PrintValue	undefined __thiscall PrintValue(UPreference_WideString * this, ulong param_1, UStringBase * param_2)	ok	functions/0006f100_STG__UPreference_WideString__PrintValue.c	
0006f360	STG::UPreference_String::PrintValue	undefined __thiscall PrintValue(UPreference_String * this, ulong param_1, UStringBase * param_2)	ok	functions/0006f360_STG__UPreference_String__PrintValue.c	
0006f440	STG::UPreference_Uint32::PrintValue	undefined __thiscall PrintValue(UPreference_Uint32 * this, ulong param_1, UStringBase * param_2)	ok	functions/0006f440_STG__UPreference_Uint32__PrintValue.c	
0006f6a0	STG::UPreference_Bool::PrintValue	undefined __thiscall PrintValue(UPreference_Bool * this, ulong param_1, UStringBase * param_2)	ok	functions/0006f6a0_STG__UPreference_Bool__PrintValue.c	
0006f910	STG::UPreferenceBase::GenerateDefaultKey	undefined __thiscall GenerateDefaultKey(UPreferenceBase * this)	ok	functions/0006f910_STG__UPreferenceBase__GenerateDefaultKey.c	
0006ff70	STG::UPreferenceBase::Initialize	undefined __thiscall Initialize(UPreferenceBase * this, UStringBase * param_1, UStringBase * param_2, UStringBase * param_3)	ok	functions/0006ff70_STG__UPreferenceBase__Initialize.c	
000701d0	STG::UPreference<STG::UStringBase<unsigned_short,unsigned_short>,true>::Initialize	undefined __thiscall Initialize(UPreference<STG::UStringBase<unsigned_short,unsigned_short>,true> * this, UStringBase * param_1, UStringBase * param_2, UStringBase * param_3, ulong param_4)	ok	functions/000701d0_STG__UPreference_STG__UStringBase_unsigned_short_unsigned_short__true___Initialize.c	
000702a0	STG::UPreference<unsigned_long,true>::Initialize	undefined __thiscall Initialize(UPreference<unsigned_long,true> * this, UStringBase * param_1, UStringBase * param_2, UStringBase * param_3, ulong param_4)	ok	functions/000702a0_STG__UPreference_unsigned_long_true___Initialize.c	
00070310	STG::UPreference<bool,true>::Initialize	undefined __thiscall Initialize(UPreference<bool,true> * this, UStringBase * param_1, UStringBase * param_2, UStringBase * param_3, ulong param_4)	ok	functions/00070310_STG__UPreference_bool_true___Initialize.c	
00070380	STG::UPreference_WideString::Initialize	undefined __thiscall Initialize(UPreference_WideString * this, UStringBase * param_1, UStringBase * param_2, UStringBase * param_3, ulong param_4)	ok	functions/00070380_STG__UPreference_WideString__Initialize.c	
00070450	STG::UPreference_String::Initialize	undefined __thiscall Initialize(UPreference_String * this, UStringBase * param_1, UStringBase * param_2, UStringBase * param_3, ulong param_4)	ok	functions/00070450_STG__UPreference_String__Initialize.c	
00070520	STG::UPreference_Bool::Initialize	undefined __thiscall Initialize(UPreference_Bool * this, UStringBase * param_1, UStringBase * param_2, UStringBase * param_3, bool param_4)	ok	functions/00070520_STG__UPreference_Bool__Initialize.c	
000705b0	STG::UPreference_Uint32::Initialize	undefined __thiscall Initialize(UPreference_Uint32 * this, UStringBase * param_1, UStringBase * param_2, UStringBase * param_3, ulong param_4)	ok	functions/000705b0_STG__UPreference_Uint32__Initialize.c	
00070620	FUN_00070620	undefined FUN_00070620(void)	ok	functions/00070620_FUN_00070620.c	
000713e0	STG::UPreferenceBase::SetShouldReflect	undefined __thiscall SetShouldReflect(UPreferenceBase * this, bool param_1)	ok	functions/000713e0_STG__UPreferenceBase__SetShouldReflect.c	
00071430	_INIT_3	undefined _INIT_3(void)	ok	functions/00071430__INIT_3.c	
000714b0	STG::UPreference_Environment::~UPreference_Environment	undefined __thiscall ~UPreference_Environment(UPreference_Environment * this)	ok	functions/000714b0_STG__UPreference_Environment___UPreference_Environment.c	
00071530	STG::UPreference_Environment::~UPreference_Environment	undefined __thiscall ~UPreference_Environment(UPreference_Environment * this)	ok	functions/00071530_STG__UPreference_Environment___UPreference_Environment.c	
000715c0	STG::UPreference_Environment::Initialize	undefined __thiscall Initialize(UPreference_Environment * this, UStringBase * param_1, UStringBase * param_2, UStringBase * param_3, ulong param_4)	ok	functions/000715c0_STG__UPreference_Environment__Initialize.c	
00071690	STG::UPreference_Environment::GetKeyPrefix	undefined __thiscall GetKeyPrefix(UPreference_Environment * this, UStringBase * param_1)	ok	functions/00071690_STG__UPreference_Environment__GetKeyPrefix.c	
00071820	STG::UPreference_FileChooser::~UPreference_FileChooser	undefined __thiscall ~UPreference_FileChooser(UPreference_FileChooser * this)	ok	functions/00071820_STG__UPreference_FileChooser___UPreference_FileChooser.c	
000718a0	STG::UPreference_FileChooser_Texture::~UPreference_FileChooser_Texture	undefined __thiscall ~UPreference_FileChooser_Texture(UPreference_FileChooser_Texture * this)	ok	functions/000718a0_STG__UPreference_FileChooser_Texture___UPreference_FileChooser_Texture.c	
000718d0	STG::UPreference_FileChooser_Texture::~UPreference_FileChooser_Texture	undefined __thiscall ~UPreference_FileChooser_Texture(UPreference_FileChooser_Texture * this)	ok	functions/000718d0_STG__UPreference_FileChooser_Texture___UPreference_FileChooser_Texture.c	
00071910	STG::UPreference_FileChooser::~UPreference_FileChooser	undefined __thiscall ~UPreference_FileChooser(UPreference_FileChooser * this)	ok	functions/00071910_STG__UPreference_FileChooser___UPreference_FileChooser.c	
00071950	STG::UPreference_FileChooser::Initialize	undefined __thiscall Initialize(UPreference_FileChooser * this, UStringBase * param_1, UStringBase * param_2, UStringBase * param_3)	ok	functions/00071950_STG__UPreference_FileChooser__Initialize.c	
00071a30	STG::UPreference_FileChooser_Texture::Initialize	undefined __thiscall Initialize(UPreference_FileChooser_Texture * this, ulong param_1, ulong param_2, UStringBase * param_3, UStringBase * param_4, UStringBase * param_5)	ok	functions/00071a30_STG__UPreference_FileChooser_Texture__Initialize.c	
00071a90	STG::UPreference_FileChooser::UPreference_FileChooser	undefined __thiscall UPreference_FileChooser(UPreference_FileChooser * this)	ok	functions/00071a90_STG__UPreference_FileChooser__UPreference_FileChooser.c	
00071af0	STG::UPreference_FileChooser_Texture::UPreference_FileChooser_Texture	undefined __thiscall UPreference_FileChooser_Texture(UPreference_FileChooser_Texture * this)	ok	functions/00071af0_STG__UPreference_FileChooser_Texture__UPreference_FileChooser_Texture.c	
00071b50	STG::UPreference_FileChooser_Texture::GetKeySuffix	undefined __thiscall GetKeySuffix(UPreference_FileChooser_Texture * this, UStringBase * param_1)	ok	functions/00071b50_STG__UPreference_FileChooser_Texture__GetKeySuffix.c	
00071c30	STG::UPreference_FileChooser::GetKeyPrefix	undefined __thiscall GetKeyPrefix(UPreference_FileChooser * this, UStringBase * param_1)	ok	functions/00071c30_STG__UPreference_FileChooser__GetKeyPrefix.c	
00071dc0	STG::UPreference_FileChooser_Texture::GetKeyPrefix	undefined __thiscall GetKeyPrefix(UPreference_FileChooser_Texture * this, UStringBase * param_1)	ok	functions/00071dc0_STG__UPreference_FileChooser_Texture__GetKeyPrefix.c	
00071f70	STG::UPreference_IAB::~UPreference_IAB	undefined __thiscall ~UPreference_IAB(UPreference_IAB * this)	ok	functions/00071f70_STG__UPreference_IAB___UPreference_IAB.c	
00072070	STG::UPreference_IAB::~UPreference_IAB	undefined __thiscall ~UPreference_IAB(UPreference_IAB * this)	ok	functions/00072070_STG__UPreference_IAB___UPreference_IAB.c	
00072180	STG::UPreference_IAB::Initialize	undefined __thiscall Initialize(UPreference_IAB * this, UStringBase * param_1, UStringBase * param_2, UStringBase * param_3, ulong param_4)	ok	functions/00072180_STG__UPreference_IAB__Initialize.c	
00072290	STG::UPreference_IAB::PrintValue	undefined __thiscall PrintValue(UPreference_IAB * this, ulong param_1, UStringBase * param_2)	ok	functions/00072290_STG__UPreference_IAB__PrintValue.c	
00072340	STG::UPreference_IAB::GetKeyPrefix	undefined __thiscall GetKeyPrefix(UPreference_IAB * this, UStringBase * param_1)	ok	functions/00072340_STG__UPreference_IAB__GetKeyPrefix.c	
000724c0	STG::UPreference_ModelSwap::~UPreference_ModelSwap	undefined __thiscall ~UPreference_ModelSwap(UPreference_ModelSwap * this)	ok	functions/000724c0_STG__UPreference_ModelSwap___UPreference_ModelSwap.c	
000725e0	STG::UPreference_ModelSwap::~UPreference_ModelSwap	undefined __thiscall ~UPreference_ModelSwap(UPreference_ModelSwap * this)	ok	functions/000725e0_STG__UPreference_ModelSwap___UPreference_ModelSwap.c	
00072620	STG::UPreference_ModelSwap::Initialize	undefined __thiscall Initialize(UPreference_ModelSwap * this, ulong param_1, UStringBase * param_2, UStringBase * param_3, UStringBase * param_4, ulong param_5)	ok	functions/00072620_STG__UPreference_ModelSwap__Initialize.c	
00072880	STG::UPreference_ModelSwap::UPreference_ModelSwap	undefined __thiscall UPreference_ModelSwap(UPreference_ModelSwap * this)	ok	functions/00072880_STG__UPreference_ModelSwap__UPreference_ModelSwap.c	
00072920	STG::UPreference_ModelSwap::GetModelIndices	undefined __thiscall GetModelIndices(UPreference_ModelSwap * this, ulong param_1, ulong * * param_2, ulong * param_3)	ok	functions/00072920_STG__UPreference_ModelSwap__GetModelIndices.c	
00072960	STG::UPreference_ModelSwap::SetModelCount	undefined __thiscall SetModelCount(UPreference_ModelSwap * this, ulong param_1, ulong param_2)	ok	functions/00072960_STG__UPreference_ModelSwap__SetModelCount.c	
000729a0	STG::UPreference_ModelSwap::SetModelIndex	undefined __thiscall SetModelIndex(UPreference_ModelSwap * this, ulong param_1, ulong param_2, ulong param_3)	ok	functions/000729a0_STG__UPreference_ModelSwap__SetModelIndex.c	
000729d0	STG::UPreference_ModelSwap::GetKeyPrefix	undefined __thiscall GetKeyPrefix(UPreference_ModelSwap * this, UStringBase * param_1)	ok	functions/000729d0_STG__UPreference_ModelSwap__GetKeyPrefix.c	
00072b60	STG::UPreference_ModelToggle::Initialize	undefined __thiscall Initialize(UPreference_ModelToggle * this, ulong param_1, UStringBase * param_2, UStringBase * param_3, UStringBase * param_4, bool param_5)	ok	functions/00072b60_STG__UPreference_ModelToggle__Initialize.c	
00072c60	STG::UPreference_ModelToggle::~UPreference_ModelToggle	undefined __thiscall ~UPreference_ModelToggle(UPreference_ModelToggle * this)	ok	functions/00072c60_STG__UPreference_ModelToggle___UPreference_ModelToggle.c	
00072cf0	STG::UPreference_ModelToggle::~UPreference_ModelToggle	undefined __thiscall ~UPreference_ModelToggle(UPreference_ModelToggle * this)	ok	functions/00072cf0_STG__UPreference_ModelToggle___UPreference_ModelToggle.c	
00072d30	STG::UPreference_ModelToggle::UPreference_ModelToggle	undefined __thiscall UPreference_ModelToggle(UPreference_ModelToggle * this)	ok	functions/00072d30_STG__UPreference_ModelToggle__UPreference_ModelToggle.c	
00072da0	STG::UPreference_ModelToggle::GetKeyPrefix	undefined __thiscall GetKeyPrefix(UPreference_ModelToggle * this, UStringBase * param_1)	ok	functions/00072da0_STG__UPreference_ModelToggle__GetKeyPrefix.c	
00072f30	FUN_00072f30	undefined FUN_00072f30(void)	ok	functions/00072f30_FUN_00072f30.c	
00073030	STG::UPreference_CameraSet::~UPreference_CameraSet	undefined __thiscall ~UPreference_CameraSet(UPreference_CameraSet * this)	ok	functions/00073030_STG__UPreference_CameraSet___UPreference_CameraSet.c	
000730b0	STG::UPreference_CameraSet::~UPreference_CameraSet	undefined __thiscall ~UPreference_CameraSet(UPreference_CameraSet * this)	ok	functions/000730b0_STG__UPreference_CameraSet___UPreference_CameraSet.c	
00073140	STG::UPreference_CameraSet::Initialize	undefined __thiscall Initialize(UPreference_CameraSet * this, UStringBase * param_1, UStringBase * param_2, UStringBase * param_3, ulong param_4)	ok	functions/00073140_STG__UPreference_CameraSet__Initialize.c	
00073210	STG::UPreference_Scene::UPreference_Scene	undefined __thiscall UPreference_Scene(UPreference_Scene * this)	ok	functions/00073210_STG__UPreference_Scene__UPreference_Scene.c	
00073300	STG::UPreference_Scene::~UPreference_Scene	undefined __thiscall ~UPreference_Scene(UPreference_Scene * this)	ok	functions/00073300_STG__UPreference_Scene___UPreference_Scene.c	
000739f0	STG::UPreference_Scene::InitializeAutoTimeOfDay	undefined __thiscall InitializeAutoTimeOfDay(UPreference_Scene * this)	ok	functions/000739f0_STG__UPreference_Scene__InitializeAutoTimeOfDay.c	
00073b40	STG::UPreference_Scene::Initialize	undefined __thiscall Initialize(UPreference_Scene * this, InitData * param_1)	ok	functions/00073b40_STG__UPreference_Scene__Initialize.c	
00074630	STG::UPreference_Scene::InitializeMultiPrefs	undefined __thiscall InitializeMultiPrefs(UPreference_Scene * this, ulong param_1)	ok	functions/00074630_STG__UPreference_Scene__InitializeMultiPrefs.c	
00074880	STG::UPreference_Scene::GetNumMultiPrefs	undefined __thiscall GetNumMultiPrefs(UPreference_Scene * this)	ok	functions/00074880_STG__UPreference_Scene__GetNumMultiPrefs.c	
00074890	STG::UPreference_Scene::GetTimeOfDay	undefined __thiscall GetTimeOfDay(UPreference_Scene * this, ResultData * param_1, GETimeOfDay * param_2)	ok	functions/00074890_STG__UPreference_Scene__GetTimeOfDay.c	
000749a0	STG::UPreference_Scene::SetTimeOfDay	undefined __cdecl SetTimeOfDay(EPhase param_1)	ok	functions/000749a0_STG__UPreference_Scene__SetTimeOfDay.c	
00074a00	STG::ReflectPreference<STG::UPreference_ModelToggle>	bool __cdecl ReflectPreference<STG::UPreference_ModelToggle>(FFileBase * param_1, UPreference_ModelToggle * param_2, bool param_3)	ok	functions/00074a00_STG__ReflectPreference_STG__UPreference_ModelToggle_.c	
00074bb0	STG::ReflectPreference<STG::UPreference_TextureFont>	bool __cdecl ReflectPreference<STG::UPreference_TextureFont>(FFileBase * param_1, UPreference_TextureFont * param_2, bool param_3)	ok	functions/00074bb0_STG__ReflectPreference_STG__UPreference_TextureFont_.c	
00074cb0	STG::ReflectPreference<STG::UPreference_FileChooser_Texture>	bool __cdecl ReflectPreference<STG::UPreference_FileChooser_Texture>(FFileBase * param_1, UPreference_FileChooser_Texture * param_2, bool param_3)	ok	functions/00074cb0_STG__ReflectPreference_STG__UPreference_FileChooser_Texture_.c	
00074db0	STG::UPreference_Scene::GatherPreferencesByType	undefined __thiscall GatherPreferencesByType(UPreference_Scene * this, EPreferenceType param_1, UArrayFixed * param_2)	ok	functions/00074db0_STG__UPreference_Scene__GatherPreferencesByType.c	
000756a0	STG::UStringBase<unsigned_short,unsigned_short>::Trim	undefined __thiscall Trim(UStringBase<unsigned_short,unsigned_short> * this)	ok	functions/000756a0_STG__UStringBase_unsigned_short_unsigned_short___Trim.c	
00075980	STG::UStringBase<char,int>::IsEqual	undefined __cdecl IsEqual(UStringBase * param_1)	ok	functions/00075980_STG__UStringBase_char_int___IsEqual.c	
000759f0	STG::UPreference_Scene::FindPreference	undefined __thiscall FindPreference(UPreference_Scene * this, UStringBase * param_1)	ok	functions/000759f0_STG__UPreference_Scene__FindPreference.c	
00075e50	STG::UPreference_Scene::OnSelection	undefined __thiscall OnSelection(UPreference_Scene * this, UStringBase * param_1, ulong param_2)	ok	functions/00075e50_STG__UPreference_Scene__OnSelection.c	
00075f30	STG::UPreference_Scene::FindPreference	undefined __thiscall FindPreference(UPreference_Scene * this, UStringBase * param_1)	ok	functions/00075f30_STG__UPreference_Scene__FindPreference.c	
00076390	FUN_00076390	undefined FUN_00076390(void)	ok	functions/00076390_FUN_00076390.c	
00076990	STG::UPreference_Scene::GetPreferenceType	undefined __thiscall GetPreferenceType(UPreference_Scene * this, UPreferenceBase * param_1)	ok	functions/00076990_STG__UPreference_Scene__GetPreferenceType.c	
000769b0	STG::UPreference_Scene::GetPreferenceType	undefined __thiscall GetPreferenceType(UPreference_Scene * this, UStringBase * param_1)	ok	functions/000769b0_STG__UPreference_Scene__GetPreferenceType.c	
00076a00	STG::UPreference_Scene::GetIsValidMultiPref	undefined __thiscall GetIsValidMultiPref(UPreference_Scene * this, UStringBase * param_1, UStringBase * param_2)	ok	functions/00076a00_STG__UPreference_Scene__GetIsValidMultiPref.c	
00076d80	STG::ReflectPreferenceArray<STG::UPreference_Theme>	bool __cdecl ReflectPreferenceArray<STG::UPreference_Theme>(FFileBase * param_1, UPreference_Theme * param_2, UPreference_Theme * param_3, char * param_4, bool param_5)	ok	functions/00076d80_STG__ReflectPreferenceArray_STG__UPreference_Theme_.c	
00077210	STG::ReflectPreferenceArray<STG::UPreference_IAB>	bool __cdecl ReflectPreferenceArray<STG::UPreference_IAB>(FFileBase * param_1, UPreference_IAB * param_2, UPreference_IAB * param_3, char * param_4, bool param_5)	ok	functions/00077210_STG__ReflectPreferenceArray_STG__UPreference_IAB_.c	
000776a0	STG::UPreference_Scene::ReflectToFile	undefined __thiscall ReflectToFile(UPreference_Scene * this, char * param_1)	ok	functions/000776a0_STG__UPreference_Scene__ReflectToFile.c	
00078ff0	STG::UPreference_Scene::SetValueByKey	undefined __cdecl SetValueByKey(EPreferenceType param_1, UStringBase * param_2, UStringBase * param_3)	ok	functions/00078ff0_STG__UPreference_Scene__SetValueByKey.c	
000796e0	STG::UPreference_Scene::SetMultiPref	undefined __thiscall SetMultiPref(UPreference_Scene * this, ulong param_1, UStringBase * param_2, UStringBase * param_3)	ok	functions/000796e0_STG__UPreference_Scene__SetMultiPref.c	
00079900	STG::UPreference_CameraSet::GetKeyPrefix	undefined __thiscall GetKeyPrefix(UPreference_CameraSet * this, UStringBase * param_1)	ok	functions/00079900_STG__UPreference_CameraSet__GetKeyPrefix.c	
00079a90	STG::UPreference_TextureFont::SetUserMessage	undefined __thiscall SetUserMessage(UPreference_TextureFont * this, UStringBase * param_1)	ok	functions/00079a90_STG__UPreference_TextureFont__SetUserMessage.c	
00079cc0	STG::UPreference_Scene::SetValueByKey	undefined __thiscall SetValueByKey(UPreference_Scene * this, EPreferenceType param_1, UStringBase * param_2, UStringBase * param_3)	ok	functions/00079cc0_STG__UPreference_Scene__SetValueByKey.c	
00079d80	STG::UPreference_TextureFont::GetShouldReflect	undefined __thiscall GetShouldReflect(UPreference_TextureFont * this)	ok	functions/00079d80_STG__UPreference_TextureFont__GetShouldReflect.c	
00079dc0	STG::UPreference_TextureFont::~UPreference_TextureFont	undefined __thiscall ~UPreference_TextureFont(UPreference_TextureFont * this)	ok	functions/00079dc0_STG__UPreference_TextureFont___UPreference_TextureFont.c	
00079e40	STG::UPreference_TextureFont::~UPreference_TextureFont	undefined __thiscall ~UPreference_TextureFont(UPreference_TextureFont * this)	ok	functions/00079e40_STG__UPreference_TextureFont___UPreference_TextureFont.c	
00079e80	STG::UPreference_TextureFont::Initialize	undefined __thiscall Initialize(UPreference_TextureFont * this, ulong param_1, bool param_2, UStringBase * param_3, UStringBase * param_4, UStringBase * param_5)	ok	functions/00079e80_STG__UPreference_TextureFont__Initialize.c	
00079f70	STG::UPreference_TextureFont::UPreference_TextureFont	undefined __thiscall UPreference_TextureFont(UPreference_TextureFont * this)	ok	functions/00079f70_STG__UPreference_TextureFont__UPreference_TextureFont.c	
00079fe0	STG::UPreference_TextureFont::GetKeyPrefix	undefined __thiscall GetKeyPrefix(UPreference_TextureFont * this, UStringBase * param_1)	ok	functions/00079fe0_STG__UPreference_TextureFont__GetKeyPrefix.c	
0007a170	STG::UPreference_TextureGroup::SetSelectedValueIndex	undefined __thiscall SetSelectedValueIndex(UPreference_TextureGroup * this, ulong param_1)	ok	functions/0007a170_STG__UPreference_TextureGroup__SetSelectedValueIndex.c	
0007a1f0	STG::UPreference_TextureSwap::~UPreference_TextureSwap	undefined __thiscall ~UPreference_TextureSwap(UPreference_TextureSwap * this)	ok	functions/0007a1f0_STG__UPreference_TextureSwap___UPreference_TextureSwap.c	
0007a270	STG::UPreference_TextureSwap::~UPreference_TextureSwap	undefined __thiscall ~UPreference_TextureSwap(UPreference_TextureSwap * this)	ok	functions/0007a270_STG__UPreference_TextureSwap___UPreference_TextureSwap.c	
0007a2b0	STG::UPreference_TextureGroup::~UPreference_TextureGroup	undefined __thiscall ~UPreference_TextureGroup(UPreference_TextureGroup * this)	ok	functions/0007a2b0_STG__UPreference_TextureGroup___UPreference_TextureGroup.c	
0007a3a0	STG::UPreference_TextureGroup::~UPreference_TextureGroup	undefined __thiscall ~UPreference_TextureGroup(UPreference_TextureGroup * this)	ok	functions/0007a3a0_STG__UPreference_TextureGroup___UPreference_TextureGroup.c	
0007a3e0	STG::UPreference_TextureGroup::Initialize	undefined __thiscall Initialize(UPreference_TextureGroup * this, ulong param_1, UStringBase * param_2, UStringBase * param_3, UStringBase * param_4, ulong param_5)	ok	functions/0007a3e0_STG__UPreference_TextureGroup__Initialize.c	
0007a660	STG::UPreference_TextureSwap::Initialize	undefined __thiscall Initialize(UPreference_TextureSwap * this, ulong param_1, UStringBase * param_2, UStringBase * param_3, UStringBase * param_4, ulong param_5)	ok	functions/0007a660_STG__UPreference_TextureSwap__Initialize.c	
0007a730	STG::UPreference_TextureSwap::UPreference_TextureSwap	undefined __thiscall UPreference_TextureSwap(UPreference_TextureSwap * this)	ok	functions/0007a730_STG__UPreference_TextureSwap__UPreference_TextureSwap.c	
0007a790	STG::UPreference_TextureGroup::UPreference_TextureGroup	undefined __thiscall UPreference_TextureGroup(UPreference_TextureGroup * this)	ok	functions/0007a790_STG__UPreference_TextureGroup__UPreference_TextureGroup.c	
0007a810	STG::UPreference_TextureGroup::SetChild	undefined __thiscall SetChild(UPreference_TextureGroup * this, ulong param_1, UPreference_TextureSwap * param_2)	ok	functions/0007a810_STG__UPreference_TextureGroup__SetChild.c	
0007a830	STG::UPreference_TextureGroup::SetChildID	undefined __thiscall SetChildID(UPreference_TextureGroup * this, ulong param_1, ulong param_2)	ok	functions/0007a830_STG__UPreference_TextureGroup__SetChildID.c	
0007a850	STG::UPreference_TextureSwap::GetKeyPrefix	undefined __thiscall GetKeyPrefix(UPreference_TextureSwap * this, UStringBase * param_1)	ok	functions/0007a850_STG__UPreference_TextureSwap__GetKeyPrefix.c	
0007a9e0	STG::UPreference_TextureGroup::GetKeyPrefix	undefined __thiscall GetKeyPrefix(UPreference_TextureGroup * this, UStringBase * param_1)	ok	functions/0007a9e0_STG__UPreference_TextureGroup__GetKeyPrefix.c	
0007ab70	STG::UPreference_Theme::GetNumSelectableValues	undefined __cdecl GetNumSelectableValues(void)	ok	functions/0007ab70_STG__UPreference_Theme__GetNumSelectableValues.c	
0007ab80	STG::UPreference_Theme::~UPreference_Theme	undefined __thiscall ~UPreference_Theme(UPreference_Theme * this)	ok	functions/0007ab80_STG__UPreference_Theme___UPreference_Theme.c	
0007ac80	STG::UPreference_Theme::~UPreference_Theme	undefined __thiscall ~UPreference_Theme(UPreference_Theme * this)	ok	functions/0007ac80_STG__UPreference_Theme___UPreference_Theme.c	
0007ad90	STG::UPreference_Theme::Initialize	undefined __thiscall Initialize(UPreference_Theme * this, UStringBase * param_1, UStringBase * param_2, UStringBase * param_3, ulong param_4)	ok	functions/0007ad90_STG__UPreference_Theme__Initialize.c	
0007aea0	STG::UPreference_Theme::PrintValue	undefined __thiscall PrintValue(UPreference_Theme * this, ulong param_1, UStringBase * param_2)	ok	functions/0007aea0_STG__UPreference_Theme__PrintValue.c	
0007af50	STG::UPreference_Theme::GetKeyPrefix	undefined __thiscall GetKeyPrefix(UPreference_Theme * this, UStringBase * param_1)	ok	functions/0007af50_STG__UPreference_Theme__GetKeyPrefix.c	
0007b0d0	STG::UPreference_TimeOfDay::SetSelectedValueByName	undefined __thiscall SetSelectedValueByName(UPreference_TimeOfDay * this, UStringBase * param_1)	ok	functions/0007b0d0_STG__UPreference_TimeOfDay__SetSelectedValueByName.c	
0007b150	STG::UPreference_TimeOfDay_Auto::GetShouldReflect	undefined __thiscall GetShouldReflect(UPreference_TimeOfDay_Auto * this)	ok	functions/0007b150_STG__UPreference_TimeOfDay_Auto__GetShouldReflect.c	
0007b1a0	STG::UPreference_TimeOfDay::GetShouldReflect	undefined __thiscall GetShouldReflect(UPreference_TimeOfDay * this)	ok	functions/0007b1a0_STG__UPreference_TimeOfDay__GetShouldReflect.c	
0007b1f0	STG::UPreference_TimeOfDay::Initialize	undefined __thiscall Initialize(UPreference_TimeOfDay * this, UStringBase * param_1, UStringBase * param_2, UStringBase * param_3, ulong param_4)	ok	functions/0007b1f0_STG__UPreference_TimeOfDay__Initialize.c	
0007b260	STG::UPreference_TimeOfDay::~UPreference_TimeOfDay	undefined __thiscall ~UPreference_TimeOfDay(UPreference_TimeOfDay * this)	ok	functions/0007b260_STG__UPreference_TimeOfDay___UPreference_TimeOfDay.c	
0007b2c0	STG::UPreference_TimeOfDay::~UPreference_TimeOfDay	undefined __thiscall ~UPreference_TimeOfDay(UPreference_TimeOfDay * this)	ok	functions/0007b2c0_STG__UPreference_TimeOfDay___UPreference_TimeOfDay.c	
0007b320	STG::UPreference_TimeOfDay_Auto::~UPreference_TimeOfDay_Auto	undefined __thiscall ~UPreference_TimeOfDay_Auto(UPreference_TimeOfDay_Auto * this)	ok	functions/0007b320_STG__UPreference_TimeOfDay_Auto___UPreference_TimeOfDay_Auto.c	
0007b380	STG::UPreference_TimeOfDay_Auto::~UPreference_TimeOfDay_Auto	undefined __thiscall ~UPreference_TimeOfDay_Auto(UPreference_TimeOfDay_Auto * this)	ok	functions/0007b380_STG__UPreference_TimeOfDay_Auto___UPreference_TimeOfDay_Auto.c	
0007b3c0	STG::UPreference_TimeOfDay::GetClosestValue	undefined __thiscall GetClosestValue(UPreference_TimeOfDay * this, GETimeOfDay * param_1, GETimeOfDay * param_2)	ok	functions/0007b3c0_STG__UPreference_TimeOfDay__GetClosestValue.c	
0007b5d0	STG::UPreference_TimeOfDay::SetSelectedValue	undefined __thiscall SetSelectedValue(UPreference_TimeOfDay * this, EPhase * param_1)	ok	functions/0007b5d0_STG__UPreference_TimeOfDay__SetSelectedValue.c	
0007b6e0	STG::UPreference_TimeOfDay_Auto::UPreference_TimeOfDay_Auto	undefined __thiscall UPreference_TimeOfDay_Auto(UPreference_TimeOfDay_Auto * this)	ok	functions/0007b6e0_STG__UPreference_TimeOfDay_Auto__UPreference_TimeOfDay_Auto.c	
0007b740	STG::UPreference_TimeOfDay::GetKeyPrefix	undefined __thiscall GetKeyPrefix(UPreference_TimeOfDay * this, UStringBase * param_1)	ok	functions/0007b740_STG__UPreference_TimeOfDay__GetKeyPrefix.c	
0007b8d0	STG::UPreference_TimeOfDay_Auto::Initialize	undefined __thiscall Initialize(UPreference_TimeOfDay_Auto * this, UPreference_TimeOfDay * param_1)	ok	functions/0007b8d0_STG__UPreference_TimeOfDay_Auto__Initialize.c	
0007bd10	STG::UPreference_TimeOfDay_Auto::GetKeyPrefix	undefined __thiscall GetKeyPrefix(UPreference_TimeOfDay_Auto * this, UStringBase * param_1)	ok	functions/0007bd10_STG__UPreference_TimeOfDay_Auto__GetKeyPrefix.c	
0007bea0	STG::UPreference_TimeOfDay::PrintValue	undefined __thiscall PrintValue(UPreference_TimeOfDay * this, ulong param_1, UStringBase * param_2)	ok	functions/0007bea0_STG__UPreference_TimeOfDay__PrintValue.c	
0007c0c0	StringHelperBase<STG::UStringBase<char,int>,char>::ReleaseString	undefined __thiscall ReleaseString(StringHelperBase<STG::UStringBase<char,int>,char> * this)	ok	functions/0007c0c0_StringHelperBase_STG__UStringBase_char_int__char___ReleaseString.c	
0007c100	StringHelperBase<STG::UStringBase<unsigned_short,unsigned_short>,unsigned_short>::ReleaseString	undefined __thiscall ReleaseString(StringHelperBase<STG::UStringBase<unsigned_short,unsigned_short>,unsigned_short> * this)	ok	functions/0007c100_StringHelperBase_STG__UStringBase_unsigned_short_unsigned_short__unsigned_short___ReleaseString.c	
0007c140	EngineBitmapData::EngineBitmapData	undefined __thiscall EngineBitmapData(EngineBitmapData * this, char * param_1, uchar * param_2, ulong param_3, ushort param_4, ushort param_5)	ok	functions/0007c140_EngineBitmapData__EngineBitmapData.c	
0007c2e0	EngineBitmapData::~EngineBitmapData	undefined __thiscall ~EngineBitmapData(EngineBitmapData * this)	ok	functions/0007c2e0_EngineBitmapData___EngineBitmapData.c	
0007c370	EngineBitmapData::GetIsValid	undefined __thiscall GetIsValid(EngineBitmapData * this)	ok	functions/0007c370_EngineBitmapData__GetIsValid.c	
0007c3b0	EngineInterface::EngineInterface	undefined __thiscall EngineInterface(EngineInterface * this)	ok	functions/0007c3b0_EngineInterface__EngineInterface.c	
0007c490	EngineInterface::Allocate	undefined __cdecl Allocate(void)	ok	functions/0007c490_EngineInterface__Allocate.c	
0007c4e0	EngineInterface::ReserveBitmapData	undefined __thiscall ReserveBitmapData(EngineInterface * this, ulong param_1)	ok	functions/0007c4e0_EngineInterface__ReserveBitmapData.c	
0007c5c0	EngineInterface::~EngineInterface	undefined __thiscall ~EngineInterface(EngineInterface * this)	ok	functions/0007c5c0_EngineInterface___EngineInterface.c	
0007c680	EngineInterface::Deallocate	undefined __cdecl Deallocate(EngineInterface * * param_1)	ok	functions/0007c680_EngineInterface__Deallocate.c	
0007c6e0	EngineInterface::FindBitmapData	undefined __thiscall FindBitmapData(EngineInterface * this, UStringBase * param_1)	ok	functions/0007c6e0_EngineInterface__FindBitmapData.c	
0007ca60	EngineInterface::AddBitmapData	undefined __thiscall AddBitmapData(EngineInterface * this, char * param_1, uchar * param_2, ulong param_3, ushort param_4, ushort param_5)	ok	functions/0007ca60_EngineInterface__AddBitmapData.c	
0007cb50	EngineInterface::Activate	undefined __thiscall Activate(EngineInterface * this)	ok	functions/0007cb50_EngineInterface__Activate.c	
0007cb70	EngineInterface::Deactivate	undefined __thiscall Deactivate(EngineInterface * this)	ok	functions/0007cb70_EngineInterface__Deactivate.c	
0007cba0	JNI_OnLoad	undefined JNI_OnLoad(void)	ok	functions/0007cba0_JNI_OnLoad.c	
0007cbb0	JNI_OnUnload	undefined JNI_OnUnload(void)	ok	functions/0007cbb0_JNI_OnUnload.c	
0007cbc0	EngineInterfaceImpl::Create	undefined __cdecl Create(int param_1)	ok	functions/0007cbc0_EngineInterfaceImpl__Create.c	
0007cbe0	Java_com_dualboot_engine_EngineInterface_Create	undefined Java_com_dualboot_engine_EngineInterface_Create(void)	ok	functions/0007cbe0_Java_com_dualboot_engine_EngineInterface_Create.c	
0007cc80	EngineInterfaceImpl::Destroy	undefined __thiscall Destroy(EngineInterfaceImpl * this, int param_1)	ok	functions/0007cc80_EngineInterfaceImpl__Destroy.c	
0007ccc0	Java_com_dualboot_engine_EngineInterface_Destroy	undefined Java_com_dualboot_engine_EngineInterface_Destroy(void)	ok	functions/0007ccc0_Java_com_dualboot_engine_EngineInterface_Destroy.c	
0007cd60	EngineInterfaceImpl::Recreate	undefined __thiscall Recreate(EngineInterfaceImpl * this, int param_1)	ok	functions/0007cd60_EngineInterfaceImpl__Recreate.c	
0007cdb0	Java_com_dualboot_engine_EngineInterface_Recreate	undefined Java_com_dualboot_engine_EngineInterface_Recreate(void)	ok	functions/0007cdb0_Java_com_dualboot_engine_EngineInterface_Recreate.c	
0007ce50	EngineInterfaceImpl::SetStateLocation	undefined __thiscall SetStateLocation(EngineInterfaceImpl * this, int param_1, float param_2, float param_3)	ok	functions/0007ce50_EngineInterfaceImpl__SetStateLocation.c	
0007cee0	Java_com_dualboot_engine_EngineInterface_SetStateLocation	undefined Java_com_dualboot_engine_EngineInterface_SetStateLocation(void)	ok	functions/0007cee0_Java_com_dualboot_engine_EngineInterface_SetStateLocation.c	
0007cf80	EngineInterfaceImpl::GetNeedsReload	undefined __thiscall GetNeedsReload(EngineInterfaceImpl * this, int param_1)	ok	functions/0007cf80_EngineInterfaceImpl__GetNeedsReload.c	
0007cfa0	Java_com_dualboot_engine_EngineInterface_GetNeedsReload	undefined Java_com_dualboot_engine_EngineInterface_GetNeedsReload(void)	ok	functions/0007cfa0_Java_com_dualboot_engine_EngineInterface_GetNeedsReload.c	
0007d040	EngineInterfaceImpl::LoadResources	undefined __thiscall LoadResources(EngineInterfaceImpl * this, int param_1, _jobject * param_2)	ok	functions/0007d040_EngineInterfaceImpl__LoadResources.c	
0007d110	Java_com_dualboot_engine_EngineInterface_LoadResources	undefined Java_com_dualboot_engine_EngineInterface_LoadResources(void)	ok	functions/0007d110_Java_com_dualboot_engine_EngineInterface_LoadResources.c	
0007d1b0	EngineInterfaceImpl::Update	undefined __cdecl Update(int param_1, int param_2, int param_3, float param_4, float param_5, longlong param_6, double param_7, float param_8, uchar param_9)	ok	functions/0007d1b0_EngineInterfaceImpl__Update.c	
0007d720	Java_com_dualboot_engine_EngineInterface_Update	undefined Java_com_dualboot_engine_EngineInterface_Update(void)	ok	functions/0007d720_Java_com_dualboot_engine_EngineInterface_Update.c	
0007d810	EngineInterfaceImpl::Sleep	undefined __thiscall Sleep(EngineInterfaceImpl * this, longlong param_1)	ok	functions/0007d810_EngineInterfaceImpl__Sleep.c	
0007d9b0	Java_com_dualboot_engine_EngineInterface_Sleep	undefined Java_com_dualboot_engine_EngineInterface_Sleep(void)	ok	functions/0007d9b0_Java_com_dualboot_engine_EngineInterface_Sleep.c	
0007d9e0	StringHelperBase<STG::UStringBase<char,int>,char>::AcquireString	undefined __cdecl AcquireString(int param_1)	ok	functions/0007d9e0_StringHelperBase_STG__UStringBase_char_int__char___AcquireString.c	
0007dc30	EngineInterfaceImpl::AddBitmapData	undefined __thiscall AddBitmapData(EngineInterfaceImpl * this, int param_1, _jstring * param_2, _jobject * param_3, int param_4, int param_5, int param_6)	ok	functions/0007dc30_EngineInterfaceImpl__AddBitmapData.c	
0007ddc0	Java_com_dualboot_engine_EngineInterface_AddBitmapData	undefined Java_com_dualboot_engine_EngineInterface_AddBitmapData(void)	ok	functions/0007ddc0_Java_com_dualboot_engine_EngineInterface_AddBitmapData.c	
0007de80	EngineInterfaceImpl::LoadFile	undefined __thiscall LoadFile(EngineInterfaceImpl * this, int param_1, _jobject * param_2, _jstring * param_3)	ok	functions/0007de80_EngineInterfaceImpl__LoadFile.c	
0007e040	Java_com_dualboot_engine_EngineInterface_LoadFile	undefined Java_com_dualboot_engine_EngineInterface_LoadFile(void)	ok	functions/0007e040_Java_com_dualboot_engine_EngineInterface_LoadFile.c	
0007e0e0	StringHelperBase<STG::UStringBase<unsigned_short,unsigned_short>,unsigned_short>::AcquireString	undefined __thiscall AcquireString(StringHelperBase<STG::UStringBase<unsigned_short,unsigned_short>,unsigned_short> * this, int param_1)	ok	functions/0007e0e0_StringHelperBase_STG__UStringBase_unsigned_short_unsigned_short__unsigned_short___AcquireString.c	
0007e370	EngineInterfaceImpl::SetPreference	undefined __thiscall SetPreference(EngineInterfaceImpl * this, EPreferenceType param_1, int param_2, _jstring * param_3, _jstring * param_4)	ok	functions/0007e370_EngineInterfaceImpl__SetPreference.c	
0007e650	EngineInterfaceImpl::SetPreferenceUserImage	undefined __thiscall SetPreferenceUserImage(EngineInterfaceImpl * this, int param_1, _jstring * param_2, _jstring * param_3)	ok	functions/0007e650_EngineInterfaceImpl__SetPreferenceUserImage.c	
0007e6a0	Java_com_dualboot_engine_EngineInterface_SetPreferenceUserImage	undefined Java_com_dualboot_engine_EngineInterface_SetPreferenceUserImage(void)	ok	functions/0007e6a0_Java_com_dualboot_engine_EngineInterface_SetPreferenceUserImage.c	
0007e740	EngineInterfaceImpl::SetPreferenceFontMessage	undefined __thiscall SetPreferenceFontMessage(EngineInterfaceImpl * this, int param_1, _jstring * param_2, _jstring * param_3)	ok	functions/0007e740_EngineInterfaceImpl__SetPreferenceFontMessage.c	
0007e790	Java_com_dualboot_engine_EngineInterface_SetPreferenceFontMessage	undefined Java_com_dualboot_engine_EngineInterface_SetPreferenceFontMessage(void)	ok	functions/0007e790_Java_com_dualboot_engine_EngineInterface_SetPreferenceFontMessage.c	
0007e830	EngineInterfaceImpl::SetPreferenceModelToggle	undefined __thiscall SetPreferenceModelToggle(EngineInterfaceImpl * this, int param_1, _jstring * param_2, _jstring * param_3)	ok	functions/0007e830_EngineInterfaceImpl__SetPreferenceModelToggle.c	
0007e880	Java_com_dualboot_engine_EngineInterface_SetPreferenceModelToggle	undefined Java_com_dualboot_engine_EngineInterface_SetPreferenceModelToggle(void)	ok	functions/0007e880_Java_com_dualboot_engine_EngineInterface_SetPreferenceModelToggle.c	
0007e920	EngineInterfaceImpl::SetPreferenceModelSwap	undefined __thiscall SetPreferenceModelSwap(EngineInterfaceImpl * this, int param_1, _jstring * param_2, _jstring * param_3)	ok	functions/0007e920_EngineInterfaceImpl__SetPreferenceModelSwap.c	
0007e970	Java_com_dualboot_engine_EngineInterface_SetPreferenceModelSwap	undefined Java_com_dualboot_engine_EngineInterface_SetPreferenceModelSwap(void)	ok	functions/0007e970_Java_com_dualboot_engine_EngineInterface_SetPreferenceModelSwap.c	
0007ea10	EngineInterfaceImpl::SetPreferenceTextureGroup	undefined __thiscall SetPreferenceTextureGroup(EngineInterfaceImpl * this, int param_1, _jstring * param_2, _jstring * param_3)	ok	functions/0007ea10_EngineInterfaceImpl__SetPreferenceTextureGroup.c	
0007ea60	Java_com_dualboot_engine_EngineInterface_SetPreferenceTextureGroup	undefined Java_com_dualboot_engine_EngineInterface_SetPreferenceTextureGroup(void)	ok	functions/0007ea60_Java_com_dualboot_engine_EngineInterface_SetPreferenceTextureGroup.c	
0007eb00	EngineInterfaceImpl::SetPreferenceCameraSet	undefined __thiscall SetPreferenceCameraSet(EngineInterfaceImpl * this, int param_1, _jstring * param_2, _jstring * param_3)	ok	functions/0007eb00_EngineInterfaceImpl__SetPreferenceCameraSet.c	
0007eb50	Java_com_dualboot_engine_EngineInterface_SetPreferenceCameraSet	undefined Java_com_dualboot_engine_EngineInterface_SetPreferenceCameraSet(void)	ok	functions/0007eb50_Java_com_dualboot_engine_EngineInterface_SetPreferenceCameraSet.c	
0007ebf0	EngineInterfaceImpl::SetPreferenceEnvironment	undefined __thiscall SetPreferenceEnvironment(EngineInterfaceImpl * this, int param_1, _jstring * param_2, _jstring * param_3)	ok	functions/0007ebf0_EngineInterfaceImpl__SetPreferenceEnvironment.c	
0007ec40	Java_com_dualboot_engine_EngineInterface_SetPreferenceEnvironment	undefined Java_com_dualboot_engine_EngineInterface_SetPreferenceEnvironment(void)	ok	functions/0007ec40_Java_com_dualboot_engine_EngineInterface_SetPreferenceEnvironment.c	
0007ece0	EngineInterfaceImpl::SetPreferenceTimeOfDay	undefined __thiscall SetPreferenceTimeOfDay(EngineInterfaceImpl * this, int param_1, _jstring * param_2, _jstring * param_3)	ok	functions/0007ece0_EngineInterfaceImpl__SetPreferenceTimeOfDay.c	
0007ed30	Java_com_dualboot_engine_EngineInterface_SetPreferenceTimeOfDay	undefined Java_com_dualboot_engine_EngineInterface_SetPreferenceTimeOfDay(void)	ok	functions/0007ed30_Java_com_dualboot_engine_EngineInterface_SetPreferenceTimeOfDay.c	
0007edd0	EngineInterfaceImpl::SetPreferenceTimeOfDayAuto	undefined __thiscall SetPreferenceTimeOfDayAuto(EngineInterfaceImpl * this, int param_1, _jstring * param_2, _jstring * param_3)	ok	functions/0007edd0_EngineInterfaceImpl__SetPreferenceTimeOfDayAuto.c	
0007ee20	Java_com_dualboot_engine_EngineInterface_SetPreferenceTimeOfDayAuto	undefined Java_com_dualboot_engine_EngineInterface_SetPreferenceTimeOfDayAuto(void)	ok	functions/0007ee20_Java_com_dualboot_engine_EngineInterface_SetPreferenceTimeOfDayAuto.c	
0007eec0	FUN_0007eec0	undefined FUN_0007eec0(void)	ok	functions/0007eec0_FUN_0007eec0.c	
0007eee0	FUN_0007eee0	undefined FUN_0007eee0(void)	ok	functions/0007eee0_FUN_0007eee0.c	
0007ef80	FUN_0007ef80	undefined FUN_0007ef80(void)	ok	functions/0007ef80_FUN_0007ef80.c	
0007f0f0	FUN_0007f0f0	undefined FUN_0007f0f0(void)	ok	functions/0007f0f0_FUN_0007f0f0.c	
0007f1a0	FUN_0007f1a0	undefined FUN_0007f1a0(void)	ok	functions/0007f1a0_FUN_0007f1a0.c	
0007f310	android_getCpuFamily	undefined android_getCpuFamily(void)	ok	functions/0007f310_android_getCpuFamily.c	
0007f350	android_getCpuFeatures	undefined android_getCpuFeatures(void)	ok	functions/0007f350_android_getCpuFeatures.c	
0007f390	android_getCpuCount	undefined android_getCpuCount(void)	ok	functions/0007f390_android_getCpuCount.c	
0007f3d0	android_setCpu	undefined android_setCpu(void)	ok	functions/0007f3d0_android_setCpu.c	
0007f460	FUN_0007f460	undefined FUN_0007f460(void)	ok	functions/0007f460_FUN_0007f460.c	
0007f470	FUN_0007f470	undefined FUN_0007f470(void)	ok	functions/0007f470_FUN_0007f470.c	
0007f4a0	FUN_0007f4a0	undefined FUN_0007f4a0(void)	ok	functions/0007f4a0_FUN_0007f4a0.c	
0007f4e0	FUN_0007f4e0	undefined FUN_0007f4e0(void)	ok	functions/0007f4e0_FUN_0007f4e0.c	
0007f550	thunk_FUN_0007f4e0	undefined thunk_FUN_0007f4e0(void)	ok	functions/0007f550_thunk_FUN_0007f4e0.c	
0007f560	FUN_0007f560	undefined FUN_0007f560(void)	ok	functions/0007f560_FUN_0007f560.c	
0007f5e0	FUN_0007f5e0	undefined FUN_0007f5e0(void)	ok	functions/0007f5e0_FUN_0007f5e0.c	
0007f6c0	FUN_0007f6c0	undefined FUN_0007f6c0(void)	ok	functions/0007f6c0_FUN_0007f6c0.c	
0007f720	FUN_0007f720	undefined FUN_0007f720(void)	ok	functions/0007f720_FUN_0007f720.c	
0007f7a0	FUN_0007f7a0	undefined FUN_0007f7a0(void)	ok	functions/0007f7a0_FUN_0007f7a0.c	
0007f7d0	FUN_0007f7d0	undefined FUN_0007f7d0(void)	ok	functions/0007f7d0_FUN_0007f7d0.c	
0007f810	FUN_0007f810	undefined FUN_0007f810(void)	ok	functions/0007f810_FUN_0007f810.c	
0007f830	FUN_0007f830	undefined FUN_0007f830(void)	ok	functions/0007f830_FUN_0007f830.c	
0007f850	FUN_0007f850	undefined FUN_0007f850(void)	ok	functions/0007f850_FUN_0007f850.c	
0007f9d0	FUN_0007f9d0	undefined FUN_0007f9d0(void)	ok	functions/0007f9d0_FUN_0007f9d0.c	
0007fa20	FUN_0007fa20	undefined FUN_0007fa20(void)	ok	functions/0007fa20_FUN_0007fa20.c	
0007fa60	FUN_0007fa60	undefined FUN_0007fa60(void)	ok	functions/0007fa60_FUN_0007fa60.c	
0007fad0	FUN_0007fad0	undefined FUN_0007fad0(void)	ok	functions/0007fad0_FUN_0007fad0.c	
0007fb50	FUN_0007fb50	undefined FUN_0007fb50(void)	ok	functions/0007fb50_FUN_0007fb50.c	
0007fb60	FUN_0007fb60	noreturn undefined FUN_0007fb60(void)	ok	functions/0007fb60_FUN_0007fb60.c	
0007fbb0	FUN_0007fbb0	undefined FUN_0007fbb0(void)	ok	functions/0007fbb0_FUN_0007fbb0.c	
0007fc10	FUN_0007fc10	undefined FUN_0007fc10(void)	ok	functions/0007fc10_FUN_0007fc10.c	
0007fcc0	FUN_0007fcc0	undefined FUN_0007fcc0(void)	ok	functions/0007fcc0_FUN_0007fcc0.c	
0007fd90	FUN_0007fd90	undefined FUN_0007fd90(void)	ok	functions/0007fd90_FUN_0007fd90.c	
0007fda0	FUN_0007fda0	undefined FUN_0007fda0(void)	ok	functions/0007fda0_FUN_0007fda0.c	
0007fdc0	FUN_0007fdc0	undefined FUN_0007fdc0(void)	ok	functions/0007fdc0_FUN_0007fdc0.c	
0007fdf0	FUN_0007fdf0	undefined FUN_0007fdf0(void)	ok	functions/0007fdf0_FUN_0007fdf0.c	
0007fe00	FUN_0007fe00	undefined FUN_0007fe00(void)	ok	functions/0007fe00_FUN_0007fe00.c	
0007fe10	FUN_0007fe10	undefined FUN_0007fe10(void)	ok	functions/0007fe10_FUN_0007fe10.c	
0007fe20	_INIT_4	undefined _INIT_4(void)	ok	functions/0007fe20__INIT_4.c	
0007fed0	operator.delete	void __cdecl operator.delete(void * param_1)	ok	functions/0007fed0_operator.delete.c	
0007ff00	operator.delete[]	void __cdecl operator.delete[](void * param_1)	ok	functions/0007ff00_operator.delete__.c	
0007ff30	FUN_0007ff30	undefined FUN_0007ff30(void)	ok	functions/0007ff30_FUN_0007ff30.c	
0007ff60	thunk_FUN_0007ff30	undefined thunk_FUN_0007ff30(void)	ok	functions/0007ff60_thunk_FUN_0007ff30.c	
0007ff70	FUN_0007ff70	undefined FUN_0007ff70(void)	ok	functions/0007ff70_FUN_0007ff70.c	
000800c0	FUN_000800c0	undefined FUN_000800c0(void)	ok	functions/000800c0_FUN_000800c0.c	
00080240	FUN_00080240	undefined FUN_00080240(void)	ok	functions/00080240_FUN_00080240.c	
00080360	FUN_00080360	noreturn undefined FUN_00080360(void)	ok	functions/00080360_FUN_00080360.c	
000803f0	FUN_000803f0	noreturn undefined FUN_000803f0(void)	ok	functions/000803f0_FUN_000803f0.c	
00080420	FUN_00080420	undefined FUN_00080420(void)	ok	functions/00080420_FUN_00080420.c	
000804c0	FUN_000804c0	undefined FUN_000804c0(void)	ok	functions/000804c0_FUN_000804c0.c	
00080570	FUN_00080570	undefined FUN_00080570(void)	ok	functions/00080570_FUN_00080570.c	
00080af0	FUN_00080af0	undefined FUN_00080af0(void)	ok	functions/00080af0_FUN_00080af0.c	
00080b70	FUN_00080b70	undefined FUN_00080b70(void)	ok	functions/00080b70_FUN_00080b70.c	
00080b80	FUN_00080b80	undefined FUN_00080b80(void)	ok	functions/00080b80_FUN_00080b80.c	
00080b90	FUN_00080b90	undefined FUN_00080b90(void)	ok	functions/00080b90_FUN_00080b90.c	
00080ba0	FUN_00080ba0	undefined FUN_00080ba0(void)	ok	functions/00080ba0_FUN_00080ba0.c	
00080bb0	FUN_00080bb0	undefined FUN_00080bb0(void)	ok	functions/00080bb0_FUN_00080bb0.c	
00080bc0	FUN_00080bc0	undefined FUN_00080bc0(void)	ok	functions/00080bc0_FUN_00080bc0.c	
00080be0	FUN_00080be0	undefined FUN_00080be0(void)	ok	functions/00080be0_FUN_00080be0.c	
00080c00	FUN_00080c00	undefined FUN_00080c00(void)	ok	functions/00080c00_FUN_00080c00.c	
00080c30	FUN_00080c30	undefined FUN_00080c30(void)	ok	functions/00080c30_FUN_00080c30.c	
00080c50	FUN_00080c50	undefined FUN_00080c50(void)	ok	functions/00080c50_FUN_00080c50.c	
00080c90	FUN_00080c90	undefined FUN_00080c90(void)	ok	functions/00080c90_FUN_00080c90.c	
00080cd0	FUN_00080cd0	undefined FUN_00080cd0(void)	ok	functions/00080cd0_FUN_00080cd0.c	
00080d10	FUN_00080d10	undefined FUN_00080d10(void)	ok	functions/00080d10_FUN_00080d10.c	
00080d50	FUN_00080d50	undefined FUN_00080d50(void)	ok	functions/00080d50_FUN_00080d50.c	
00080d70	FUN_00080d70	undefined FUN_00080d70(void)	ok	functions/00080d70_FUN_00080d70.c	
00080d90	operator.new	void * __cdecl operator.new(uint param_1)	ok	functions/00080d90_operator.new.c	
00080e10	FUN_00080e10	undefined FUN_00080e10(void)	ok	functions/00080e10_FUN_00080e10.c	
00080e60	operator.new[]	void * __cdecl operator.new[](uint param_1)	ok	functions/00080e60_operator.new__.c	
00080ea0	thunk_FUN_00080e10	undefined thunk_FUN_00080e10(void)	ok	functions/00080ea0_thunk_FUN_00080e10.c	
00080eb0	FUN_00080eb0	undefined FUN_00080eb0(void)	ok	functions/00080eb0_FUN_00080eb0.c	
00080f40	FUN_00080f40	undefined FUN_00080f40(void)	ok	functions/00080f40_FUN_00080f40.c	
00080fb0	FUN_00080fb0	undefined FUN_00080fb0(void)	ok	functions/00080fb0_FUN_00080fb0.c	
00081020	FUN_00081020	undefined FUN_00081020(void)	ok	functions/00081020_FUN_00081020.c	
00081220	FUN_00081220	undefined FUN_00081220(void)	ok	functions/00081220_FUN_00081220.c	
00081250	FUN_00081250	undefined FUN_00081250(void)	ok	functions/00081250_FUN_00081250.c	
00081290	FUN_00081290	undefined FUN_00081290(void)	ok	functions/00081290_FUN_00081290.c	
00081340	FUN_00081340	undefined FUN_00081340(void)	ok	functions/00081340_FUN_00081340.c	
00081350	FUN_00081350	undefined FUN_00081350(void)	ok	functions/00081350_FUN_00081350.c	
00081380	FUN_00081380	undefined FUN_00081380(void)	ok	functions/00081380_FUN_00081380.c	
000813c0	FUN_000813c0	undefined FUN_000813c0(void)	ok	functions/000813c0_FUN_000813c0.c	
00081440	FUN_00081440	undefined FUN_00081440(void)	ok	functions/00081440_FUN_00081440.c	
00081460	FUN_00081460	undefined FUN_00081460(void)	ok	functions/00081460_FUN_00081460.c	
000814a0	FUN_000814a0	undefined FUN_000814a0(void)	ok	functions/000814a0_FUN_000814a0.c	
000814c0	FUN_000814c0	undefined FUN_000814c0(void)	ok	functions/000814c0_FUN_000814c0.c	
000814f0	FUN_000814f0	noreturn undefined FUN_000814f0(void)	ok	functions/000814f0_FUN_000814f0.c	
00081510	FUN_00081510	undefined FUN_00081510(void)	ok	functions/00081510_FUN_00081510.c	
00081520	FUN_00081520	undefined FUN_00081520(void)	ok	functions/00081520_FUN_00081520.c	
00081540	FUN_00081540	undefined FUN_00081540(void)	ok	functions/00081540_FUN_00081540.c	
00081570	FUN_00081570	undefined FUN_00081570(void)	ok	functions/00081570_FUN_00081570.c	
00081590	FUN_00081590	undefined FUN_00081590(void)	ok	functions/00081590_FUN_00081590.c	
000815b0	FUN_000815b0	undefined FUN_000815b0(void)	ok	functions/000815b0_FUN_000815b0.c	
000815d0	FUN_000815d0	undefined FUN_000815d0(void)	ok	functions/000815d0_FUN_000815d0.c	
000815f0	FUN_000815f0	undefined FUN_000815f0(void)	ok	functions/000815f0_FUN_000815f0.c	
00081620	FUN_00081620	undefined FUN_00081620(void)	ok	functions/00081620_FUN_00081620.c	
00081650	FUN_00081650	undefined FUN_00081650(void)	ok	functions/00081650_FUN_00081650.c	
00081690	FUN_00081690	undefined FUN_00081690(void)	ok	functions/00081690_FUN_00081690.c	
000816c0	FUN_000816c0	undefined FUN_000816c0(void)	ok	functions/000816c0_FUN_000816c0.c	
00081700	FUN_00081700	undefined FUN_00081700(void)	ok	functions/00081700_FUN_00081700.c	
00081710	FUN_00081710	undefined FUN_00081710(void)	ok	functions/00081710_FUN_00081710.c	
00081720	FUN_00081720	undefined FUN_00081720(void)	ok	functions/00081720_FUN_00081720.c	
00081730	FUN_00081730	undefined FUN_00081730(void)	ok	functions/00081730_FUN_00081730.c	
00081770	FUN_00081770	undefined FUN_00081770(void)	ok	functions/00081770_FUN_00081770.c	
000817b0	FUN_000817b0	undefined FUN_000817b0(void)	ok	functions/000817b0_FUN_000817b0.c	
000817c0	FUN_000817c0	undefined FUN_000817c0(void)	ok	functions/000817c0_FUN_000817c0.c	
000817f0	FUN_000817f0	undefined FUN_000817f0(void)	ok	functions/000817f0_FUN_000817f0.c	
00081830	FUN_00081830	undefined FUN_00081830(void)	ok	functions/00081830_FUN_00081830.c	
00081b20	std::__Named_exception::what	undefined __thiscall what(__Named_exception * this)	ok	functions/00081b20_std____Named_exception__what.c	
00081b30	std::__Named_exception::~__Named_exception	undefined __thiscall ~__Named_exception(__Named_exception * this)	ok	functions/00081b30_std____Named_exception_____Named_exception.c	
00081b80	std::runtime_error::~runtime_error	undefined __thiscall ~runtime_error(runtime_error * this)	ok	functions/00081b80_std__runtime_error___runtime_error.c	
00081bb0	std::underflow_error::~underflow_error	undefined __thiscall ~underflow_error(underflow_error * this)	ok	functions/00081bb0_std__underflow_error___underflow_error.c	
00081be0	std::underflow_error::~underflow_error	undefined __thiscall ~underflow_error(underflow_error * this)	ok	functions/00081be0_std__underflow_error___underflow_error.c	
00081c20	std::overflow_error::~overflow_error	undefined __thiscall ~overflow_error(overflow_error * this)	ok	functions/00081c20_std__overflow_error___overflow_error.c	
00081c50	std::overflow_error::~overflow_error	undefined __thiscall ~overflow_error(overflow_error * this)	ok	functions/00081c50_std__overflow_error___overflow_error.c	
00081c90	std::range_error::~range_error	undefined __thiscall ~range_error(range_error * this)	ok	functions/00081c90_std__range_error___range_error.c	
00081cc0	std::range_error::~range_error	undefined __thiscall ~range_error(range_error * this)	ok	functions/00081cc0_std__range_error___range_error.c	
00081d00	std::runtime_error::~runtime_error	undefined __thiscall ~runtime_error(runtime_error * this)	ok	functions/00081d00_std__runtime_error___runtime_error.c	
00081d40	std::logic_error::~logic_error	undefined __thiscall ~logic_error(logic_error * this)	ok	functions/00081d40_std__logic_error___logic_error.c	
00081d70	std::out_of_range::~out_of_range	undefined __thiscall ~out_of_range(out_of_range * this)	ok	functions/00081d70_std__out_of_range___out_of_range.c	
00081da0	std::out_of_range::~out_of_range	undefined __thiscall ~out_of_range(out_of_range * this)	ok	functions/00081da0_std__out_of_range___out_of_range.c	
00081de0	std::length_error::~length_error	undefined __thiscall ~length_error(length_error * this)	ok	functions/00081de0_std__length_error___length_error.c	
00081e10	std::length_error::~length_error	undefined __thiscall ~length_error(length_error * this)	ok	functions/00081e10_std__length_error___length_error.c	
00081e50	std::invalid_argument::~invalid_argument	undefined __thiscall ~invalid_argument(invalid_argument * this)	ok	functions/00081e50_std__invalid_argument___invalid_argument.c	
00081e80	std::invalid_argument::~invalid_argument	undefined __thiscall ~invalid_argument(invalid_argument * this)	ok	functions/00081e80_std__invalid_argument___invalid_argument.c	
00081ec0	std::domain_error::~domain_error	undefined __thiscall ~domain_error(domain_error * this)	ok	functions/00081ec0_std__domain_error___domain_error.c	
00081ef0	std::domain_error::~domain_error	undefined __thiscall ~domain_error(domain_error * this)	ok	functions/00081ef0_std__domain_error___domain_error.c	
00081f30	std::logic_error::~logic_error	undefined __thiscall ~logic_error(logic_error * this)	ok	functions/00081f30_std__logic_error___logic_error.c	
00081f70	std::__Named_exception::~__Named_exception	undefined __thiscall ~__Named_exception(__Named_exception * this)	ok	functions/00081f70_std____Named_exception_____Named_exception.c	
00081fb0	std::__Named_exception::__Named_exception	undefined __thiscall __Named_exception(__Named_exception * this, string * param_1)	ok	functions/00081fb0_std____Named_exception____Named_exception.c	
00082080	std::__Named_exception::__Named_exception	undefined __thiscall __Named_exception(__Named_exception * this, __Named_exception * param_1)	ok	functions/00082080_std____Named_exception____Named_exception.c	
00082160	std::__Named_exception::operator=	undefined __thiscall operator=(__Named_exception * this, __Named_exception * param_1)	ok	functions/00082160_std____Named_exception__operator_.c	
00082260	FUN_00082260	undefined FUN_00082260(void)	ok	functions/00082260_FUN_00082260.c	
000822b0	FUN_000822b0	undefined FUN_000822b0(void)	ok	functions/000822b0_FUN_000822b0.c	
00082330	FUN_00082330	undefined FUN_00082330(void)	ok	functions/00082330_FUN_00082330.c	
000823b0	std::__stl_throw_runtime_error	undefined __stl_throw_runtime_error(char * param_1)	ok	functions/000823b0_std____stl_throw_runtime_error.c	
00082440	std::__stl_throw_range_error	undefined __stl_throw_range_error(char * param_1)	ok	functions/00082440_std____stl_throw_range_error.c	
000824d0	std::__stl_throw_out_of_range	noreturn undefined __stl_throw_out_of_range(char * param_1)	ok	functions/000824d0_std____stl_throw_out_of_range.c	
00082560	std::__stl_throw_length_error	noreturn undefined __stl_throw_length_error(char * param_1)	ok	functions/00082560_std____stl_throw_length_error.c	
000825f0	std::__stl_throw_invalid_argument	undefined __stl_throw_invalid_argument(char * param_1)	ok	functions/000825f0_std____stl_throw_invalid_argument.c	
00082680	std::__stl_throw_overflow_error	undefined __stl_throw_overflow_error(char * param_1)	ok	functions/00082680_std____stl_throw_overflow_error.c	
00082710	FUN_00082710	undefined FUN_00082710(void)	ok	functions/00082710_FUN_00082710.c	
00082740	FUN_00082740	undefined FUN_00082740(void)	ok	functions/00082740_FUN_00082740.c	
000827a0	std::__malloc_alloc::allocate	undefined __cdecl allocate(uint param_1)	ok	functions/000827a0_std____malloc_alloc__allocate.c	
00082850	std::__malloc_alloc::set_malloc_handler	undefined __cdecl set_malloc_handler(_func_void * param_1)	ok	functions/00082850_std____malloc_alloc__set_malloc_handler.c	
000828b0	FUN_000828b0	undefined FUN_000828b0(void)	ok	functions/000828b0_FUN_000828b0.c	
00082910	FUN_00082910	undefined FUN_00082910(void)	ok	functions/00082910_FUN_00082910.c	
00082be0	FUN_00082be0	undefined FUN_00082be0(void)	ok	functions/00082be0_FUN_00082be0.c	
00082c70	FUN_00082c70	undefined FUN_00082c70(void)	ok	functions/00082c70_FUN_00082c70.c	
00082d00	std::__node_alloc::_M_allocate	undefined __cdecl _M_allocate(uint * param_1)	ok	functions/00082d00_std____node_alloc___M_allocate.c	
00082d10	std::__node_alloc::_M_deallocate	undefined __cdecl _M_deallocate(void * param_1, uint param_2)	ok	functions/00082d10_std____node_alloc___M_deallocate.c	
00082d20	FUN_00082d20	undefined FUN_00082d20(void)	ok	functions/00082d20_FUN_00082d20.c	
00082e00	FUN_00082e00	undefined FUN_00082e00(void)	ok	functions/00082e00_FUN_00082e00.c	
00082f40	FUN_00082f40	undefined FUN_00082f40(void)	ok	functions/00082f40_FUN_00082f40.c	
00083040	FUN_00083040	undefined FUN_00083040(void)	ok	functions/00083040_FUN_00083040.c	
000830d0	FUN_000830d0	undefined FUN_000830d0(void)	ok	functions/000830d0_FUN_000830d0.c	
00083150	FUN_00083150	undefined FUN_00083150(void)	ok	functions/00083150_FUN_00083150.c	
000831c0	FUN_000831c0	undefined FUN_000831c0(void)	ok	functions/000831c0_FUN_000831c0.c	
00083280	FUN_00083280	undefined FUN_00083280(void)	ok	functions/00083280_FUN_00083280.c	
00083310	FUN_00083310	undefined FUN_00083310(void)	ok	functions/00083310_FUN_00083310.c	
000833c0	std::priv::_Pthread_alloc::allocate	undefined __cdecl allocate(uint * param_1)	ok	functions/000833c0_std__priv___Pthread_alloc__allocate.c	
000833d0	std::priv::_Pthread_alloc::deallocate	undefined __cdecl deallocate(void * param_1, uint param_2)	ok	functions/000833d0_std__priv___Pthread_alloc__deallocate.c	
000833e0	std::priv::_Pthread_alloc::allocate	undefined __cdecl allocate(uint * param_1, _Pthread_alloc_per_thread_state * param_2)	ok	functions/000833e0_std__priv___Pthread_alloc__allocate.c	
000833f0	std::priv::_Pthread_alloc::deallocate	undefined __cdecl deallocate(void * param_1, uint param_2, _Pthread_alloc_per_thread_state * param_3)	ok	functions/000833f0_std__priv___Pthread_alloc__deallocate.c	
00083400	std::priv::_Pthread_alloc::reallocate	undefined __cdecl reallocate(void * param_1, uint param_2, uint * param_3)	ok	functions/00083400_std__priv___Pthread_alloc__reallocate.c	
00083410	std::priv::_Pthread_alloc::_S_get_per_thread_state	undefined __cdecl _S_get_per_thread_state(void)	ok	functions/00083410_std__priv___Pthread_alloc___S_get_per_thread_state.c	
00083420	_INIT_5	undefined _INIT_5(void)	ok	functions/00083420__INIT_5.c	
000834a0	FUN_000834a0	noreturn undefined FUN_000834a0(void)	ok	functions/000834a0_FUN_000834a0.c	
000834e0	__cxa_call_unexpected	noreturn undefined __cxa_call_unexpected(void)	ok	functions/000834e0___cxa_call_unexpected.c	
00083730	FUN_00083730	undefined FUN_00083730(void)	ok	functions/00083730_FUN_00083730.c	
00083760	FUN_00083760	undefined FUN_00083760(void)	ok	functions/00083760_FUN_00083760.c	
000837b0	FUN_000837b0	undefined FUN_000837b0(void)	ok	functions/000837b0_FUN_000837b0.c	
00083940	FUN_00083940	undefined FUN_00083940(void)	ok	functions/00083940_FUN_00083940.c	
00083960	FUN_00083960	undefined FUN_00083960(void)	ok	functions/00083960_FUN_00083960.c	
00083980	FUN_00083980	undefined FUN_00083980(void)	ok	functions/00083980_FUN_00083980.c	
000839a0	FUN_000839a0	undefined FUN_000839a0(void)	ok	functions/000839a0_FUN_000839a0.c	
000839c0	FUN_000839c0	undefined FUN_000839c0(void)	ok	functions/000839c0_FUN_000839c0.c	
000839f0	FUN_000839f0	undefined FUN_000839f0(void)	ok	functions/000839f0_FUN_000839f0.c	
00083a20	FUN_00083a20	undefined FUN_00083a20(void)	ok	functions/00083a20_FUN_00083a20.c	
00083a40	FUN_00083a40	undefined FUN_00083a40(void)	ok	functions/00083a40_FUN_00083a40.c	
00083a60	FUN_00083a60	undefined FUN_00083a60(void)	ok	functions/00083a60_FUN_00083a60.c	
00083a90	FUN_00083a90	undefined FUN_00083a90(void)	ok	functions/00083a90_FUN_00083a90.c	
00083aa0	FUN_00083aa0	undefined FUN_00083aa0(void)	ok	functions/00083aa0_FUN_00083aa0.c	
00083ad0	FUN_00083ad0	undefined FUN_00083ad0(void)	ok	functions/00083ad0_FUN_00083ad0.c	
00083b10	FUN_00083b10	undefined FUN_00083b10(void)	ok	functions/00083b10_FUN_00083b10.c	
00083b40	FUN_00083b40	undefined FUN_00083b40(void)	ok	functions/00083b40_FUN_00083b40.c	
00083b70	FUN_00083b70	undefined FUN_00083b70(void)	ok	functions/00083b70_FUN_00083b70.c	
00083bb0	FUN_00083bb0	undefined FUN_00083bb0(void)	ok	functions/00083bb0_FUN_00083bb0.c	
00083be0	FUN_00083be0	undefined FUN_00083be0(void)	ok	functions/00083be0_FUN_00083be0.c	
00083c20	FUN_00083c20	undefined FUN_00083c20(void)	ok	functions/00083c20_FUN_00083c20.c	
00083c90	FUN_00083c90	undefined FUN_00083c90(void)	ok	functions/00083c90_FUN_00083c90.c	
00083d60	FUN_00083d60	undefined FUN_00083d60(void)	ok	functions/00083d60_FUN_00083d60.c	
00083e50	FUN_00083e50	undefined FUN_00083e50(void)	ok	functions/00083e50_FUN_00083e50.c	
00083ea0	FUN_00083ea0	undefined FUN_00083ea0(void)	ok	functions/00083ea0_FUN_00083ea0.c	
00083ee4	__popcountsi2	undefined __popcountsi2(void)	ok	functions/00083ee4___popcountsi2.c	
00083f20	__fixunssfdi	undefined __fixunssfdi(void)	ok	functions/00083f20___fixunssfdi.c	
00083f8c	__fixunsdfdi	undefined __fixunsdfdi(void)	ok	functions/00083f8c___fixunsdfdi.c	
00083ff8	__udivdi3	undefined __udivdi3(void)	ok	functions/00083ff8___udivdi3.c	
00084100	__umoddi3	undefined __umoddi3(void)	ok	functions/00084100___umoddi3.c	
00084210	FUN_00084210	undefined FUN_00084210(void)	ok	functions/00084210_FUN_00084210.c	
00084241	FUN_00084241	undefined FUN_00084241(void)	ok	functions/00084241_FUN_00084241.c	
0008428d	FUN_0008428d	undefined FUN_0008428d(void)	ok	functions/0008428d_FUN_0008428d.c	
000842c3	FUN_000842c3	undefined FUN_000842c3(void)	ok	functions/000842c3_FUN_000842c3.c	
00084343	_Unwind_GetGR	undefined _Unwind_GetGR(void)	ok	functions/00084343__Unwind_GetGR.c	
00084391	FUN_00084391	undefined FUN_00084391(void)	ok	functions/00084391_FUN_00084391.c	
0008447f	_Unwind_GetCFA	undefined _Unwind_GetCFA(void)	ok	functions/0008447f__Unwind_GetCFA.c	
0008448a	_Unwind_SetGR	undefined _Unwind_SetGR(void)	ok	functions/0008448a__Unwind_SetGR.c	
000844e2	_Unwind_GetIP	undefined _Unwind_GetIP(void)	ok	functions/000844e2__Unwind_GetIP.c	
000844ed	_Unwind_GetIPInfo	undefined _Unwind_GetIPInfo(void)	ok	functions/000844ed__Unwind_GetIPInfo.c	
00084503	_Unwind_SetIP	undefined _Unwind_SetIP(void)	ok	functions/00084503__Unwind_SetIP.c	
00084511	_Unwind_GetLanguageSpecificData	undefined _Unwind_GetLanguageSpecificData(void)	ok	functions/00084511__Unwind_GetLanguageSpecificData.c	
0008451c	_Unwind_GetRegionStart	undefined _Unwind_GetRegionStart(void)	ok	functions/0008451c__Unwind_GetRegionStart.c	
00084527	_Unwind_FindEnclosingFunction	undefined _Unwind_FindEnclosingFunction(void)	ok	functions/00084527__Unwind_FindEnclosingFunction.c	
0008455a	_Unwind_GetDataRelBase	undefined _Unwind_GetDataRelBase(void)	ok	functions/0008455a__Unwind_GetDataRelBase.c	
00084565	_Unwind_GetTextRelBase	undefined _Unwind_GetTextRelBase(void)	ok	functions/00084565__Unwind_GetTextRelBase.c	
00084570	FUN_00084570	undefined FUN_00084570(void)	ok	functions/00084570_FUN_00084570.c	
0008467a	FUN_0008467a	undefined FUN_0008467a(void)	ok	functions/0008467a_FUN_0008467a.c	
00084c8b	FUN_00084c8b	undefined FUN_00084c8b(void)	ok	functions/00084c8b_FUN_00084c8b.c	
00084f0b	FUN_00084f0b	undefined FUN_00084f0b(void)	ok	functions/00084f0b_FUN_00084f0b.c	
00084f56	FUN_00084f56	undefined FUN_00084f56(void)	ok	functions/00084f56_FUN_00084f56.c	
000853d5	FUN_000853d5	undefined FUN_000853d5(void)	ok	functions/000853d5_FUN_000853d5.c	
0008567b	FUN_0008567b	undefined FUN_0008567b(void)	ok	functions/0008567b_FUN_0008567b.c	
0008573d	FUN_0008573d	undefined FUN_0008573d(void)	ok	functions/0008573d_FUN_0008573d.c	
000857fb	FUN_000857fb	undefined FUN_000857fb(void)	ok	functions/000857fb_FUN_000857fb.c	
000858ae	__frame_state_for	undefined __frame_state_for(void)	ok	functions/000858ae___frame_state_for.c	
0008596b	FUN_0008596b	undefined FUN_0008596b(void)	ok	functions/0008596b_FUN_0008596b.c	
00085970	_Unwind_RaiseException	undefined _Unwind_RaiseException(void)	ok	functions/00085970__Unwind_RaiseException.c	
00085ac6	_Unwind_ForcedUnwind	undefined _Unwind_ForcedUnwind(void)	ok	functions/00085ac6__Unwind_ForcedUnwind.c	
00085b72	_Unwind_Resume	noreturn undefined _Unwind_Resume(void)	ok	functions/00085b72__Unwind_Resume.c	
00085c1a	_Unwind_Resume_or_Rethrow	undefined _Unwind_Resume_or_Rethrow(void)	ok	functions/00085c1a__Unwind_Resume_or_Rethrow.c	
00085cdc	_Unwind_DeleteException	undefined _Unwind_DeleteException(void)	ok	functions/00085cdc__Unwind_DeleteException.c	
00085cf9	_Unwind_Backtrace	undefined _Unwind_Backtrace(void)	ok	functions/00085cf9__Unwind_Backtrace.c	
00085d7c	FUN_00085d7c	undefined FUN_00085d7c(void)	ok	functions/00085d7c_FUN_00085d7c.c	
00085da1	FUN_00085da1	undefined FUN_00085da1(void)	ok	functions/00085da1_FUN_00085da1.c	
00085e2d	FUN_00085e2d	undefined FUN_00085e2d(void)	ok	functions/00085e2d_FUN_00085e2d.c	
00085ea2	FUN_00085ea2	undefined FUN_00085ea2(void)	ok	functions/00085ea2_FUN_00085ea2.c	
00085ef2	FUN_00085ef2	undefined FUN_00085ef2(void)	ok	functions/00085ef2_FUN_00085ef2.c	
00085f3a	FUN_00085f3a	undefined FUN_00085f3a(void)	ok	functions/00085f3a_FUN_00085f3a.c	
0008603b	FUN_0008603b	undefined FUN_0008603b(void)	ok	functions/0008603b_FUN_0008603b.c	
000860ff	FUN_000860ff	undefined FUN_000860ff(void)	ok	functions/000860ff_FUN_000860ff.c	
00086110	FUN_00086110	undefined FUN_00086110(void)	ok	functions/00086110_FUN_00086110.c	
0008622f	FUN_0008622f	undefined FUN_0008622f(void)	ok	functions/0008622f_FUN_0008622f.c	
00086312	FUN_00086312	undefined FUN_00086312(void)	ok	functions/00086312_FUN_00086312.c	
00086390	FUN_00086390	undefined FUN_00086390(void)	ok	functions/00086390_FUN_00086390.c	
0008640e	FUN_0008640e	undefined FUN_0008640e(void)	ok	functions/0008640e_FUN_0008640e.c	
0008650e	FUN_0008650e	undefined FUN_0008650e(void)	ok	functions/0008650e_FUN_0008650e.c	
00086556	FUN_00086556	undefined FUN_00086556(void)	ok	functions/00086556_FUN_00086556.c	
000869e9	FUN_000869e9	undefined FUN_000869e9(void)	ok	functions/000869e9_FUN_000869e9.c	
00086ee8	__register_frame_info_bases	undefined __register_frame_info_bases(void)	ok	functions/00086ee8___register_frame_info_bases.c	
00086f5f	__register_frame_info	undefined __register_frame_info(void)	ok	functions/00086f5f___register_frame_info.c	
00086f86	__register_frame	undefined __register_frame(void)	ok	functions/00086f86___register_frame.c	
00086fbb	__register_frame_info_table_bases	undefined __register_frame_info_table_bases(void)	ok	functions/00086fbb___register_frame_info_table_bases.c	
0008702a	__register_frame_info_table	undefined __register_frame_info_table(void)	ok	functions/0008702a___register_frame_info_table.c	
00087051	__register_frame_table	undefined __register_frame_table(void)	ok	functions/00087051___register_frame_table.c	
0008707e	__deregister_frame_info_bases	undefined __deregister_frame_info_bases(void)	ok	functions/0008707e___deregister_frame_info_bases.c	
00087143	__deregister_frame_info	undefined __deregister_frame_info(void)	ok	functions/00087143___deregister_frame_info.c	
00087163	__deregister_frame	undefined __deregister_frame(void)	ok	functions/00087163___deregister_frame.c	
00087194	_Unwind_Find_FDE	undefined _Unwind_Find_FDE(void)	ok	functions/00087194__Unwind_Find_FDE.c	
0009e000	<EXTERNAL>::__cxa_finalize	undefined __cxa_finalize(void)	ok	functions/0009e000__EXTERNAL_____cxa_finalize.c	
0009e004	<EXTERNAL>::__cxa_atexit	undefined __cxa_atexit(void)	ok	functions/0009e004__EXTERNAL_____cxa_atexit.c	
0009e008	<EXTERNAL>::__stack_chk_fail	noreturn undefined __stack_chk_fail(void)	ok	functions/0009e008__EXTERNAL_____stack_chk_fail.c	
0009e010	<EXTERNAL>::vsnprintf	int vsnprintf(char * __s, size_t __maxlen, char * __format, __gnuc_va_list __arg)	ok	functions/0009e010__EXTERNAL___vsnprintf.c	
0009e014	<EXTERNAL>::fflush	int fflush(FILE * __stream)	ok	functions/0009e014__EXTERNAL___fflush.c	
0009e018	<EXTERNAL>::fprintf	int fprintf(FILE * __stream, char * __format, ...)	ok	functions/0009e018__EXTERNAL___fprintf.c	
0009e01c	<EXTERNAL>::fwrite	size_t fwrite(void * __ptr, size_t __size, size_t __n, FILE * __s)	ok	functions/0009e01c__EXTERNAL___fwrite.c	
0009e020	<EXTERNAL>::fread	size_t fread(void * __ptr, size_t __size, size_t __n, FILE * __stream)	ok	functions/0009e020__EXTERNAL___fread.c	
0009e024	<EXTERNAL>::ftell	long ftell(FILE * __stream)	ok	functions/0009e024__EXTERNAL___ftell.c	
0009e028	<EXTERNAL>::fseek	int fseek(FILE * __stream, long __off, int __whence)	ok	functions/0009e028__EXTERNAL___fseek.c	
0009e02c	<EXTERNAL>::fclose	int fclose(FILE * __stream)	ok	functions/0009e02c__EXTERNAL___fclose.c	
0009e030	<EXTERNAL>::fopen	FILE * fopen(char * __filename, char * __modes)	ok	functions/0009e030__EXTERNAL___fopen.c	
0009e034	<EXTERNAL>::memcpy	void * memcpy(void * __dest, void * __src, size_t __n)	ok	functions/0009e034__EXTERNAL___memcpy.c	
0009e038	<EXTERNAL>::strlen	size_t strlen(char * __s)	ok	functions/0009e038__EXTERNAL___strlen.c	
0009e040	<EXTERNAL>::memmove	void * memmove(void * __dest, void * __src, size_t __n)	ok	functions/0009e040__EXTERNAL___memmove.c	
0009e048	<EXTERNAL>::memcmp	int memcmp(void * __s1, void * __s2, size_t __n)	ok	functions/0009e048__EXTERNAL___memcmp.c	
0009e04c	<EXTERNAL>::atol	long atol(char * __nptr)	ok	functions/0009e04c__EXTERNAL___atol.c	
0009e050	<EXTERNAL>::snprintf	int snprintf(char * __s, size_t __maxlen, char * __format, ...)	ok	functions/0009e050__EXTERNAL___snprintf.c	
0009e054	<EXTERNAL>::__android_log_write	undefined __android_log_write(void)	ok	functions/0009e054__EXTERNAL_____android_log_write.c	
0009e058	<EXTERNAL>::AAssetManager_open	undefined AAssetManager_open(void)	ok	functions/0009e058__EXTERNAL___AAssetManager_open.c	
0009e05c	<EXTERNAL>::mkdir	int mkdir(char * __path, __mode_t __mode)	ok	functions/0009e05c__EXTERNAL___mkdir.c	
0009e060	<EXTERNAL>::__errno	undefined __errno(void)	ok	functions/0009e060__EXTERNAL_____errno.c	
0009e064	<EXTERNAL>::AAssetManager_fromJava	undefined AAssetManager_fromJava(void)	ok	functions/0009e064__EXTERNAL___AAssetManager_fromJava.c	
0009e068	<EXTERNAL>::AAsset_close	undefined AAsset_close(void)	ok	functions/0009e068__EXTERNAL___AAsset_close.c	
0009e06c	<EXTERNAL>::AAsset_getLength	undefined AAsset_getLength(void)	ok	functions/0009e06c__EXTERNAL___AAsset_getLength.c	
0009e070	<EXTERNAL>::AAsset_getBuffer	undefined AAsset_getBuffer(void)	ok	functions/0009e070__EXTERNAL___AAsset_getBuffer.c	
0009e074	<EXTERNAL>::tanf	float tanf(float __x)	ok	functions/0009e074__EXTERNAL___tanf.c	
0009e078	<EXTERNAL>::atanf	float atanf(float __x)	ok	functions/0009e078__EXTERNAL___atanf.c	
0009e07c	<EXTERNAL>::memset	void * memset(void * __s, int __c, size_t __n)	ok	functions/0009e07c__EXTERNAL___memset.c	
0009e080	<EXTERNAL>::malloc	void * malloc(size_t __size)	ok	functions/0009e080__EXTERNAL___malloc.c	
0009e084	<EXTERNAL>::free	void free(void * __ptr)	ok	functions/0009e084__EXTERNAL___free.c	
0009e088	<EXTERNAL>::srand48	void srand48(long __seedval)	ok	functions/0009e088__EXTERNAL___srand48.c	
0009e08c	<EXTERNAL>::glNormalPointer	undefined glNormalPointer(void)	ok	functions/0009e08c__EXTERNAL___glNormalPointer.c	
0009e090	<EXTERNAL>::glBlendFunc	undefined glBlendFunc(void)	ok	functions/0009e090__EXTERNAL___glBlendFunc.c	
0009e094	<EXTERNAL>::glAlphaFunc	undefined glAlphaFunc(void)	ok	functions/0009e094__EXTERNAL___glAlphaFunc.c	
0009e098	<EXTERNAL>::glEnable	undefined glEnable(void)	ok	functions/0009e098__EXTERNAL___glEnable.c	
0009e09c	<EXTERNAL>::glDisable	undefined glDisable(void)	ok	functions/0009e09c__EXTERNAL___glDisable.c	
0009e0a0	<EXTERNAL>::glCullFace	undefined glCullFace(void)	ok	functions/0009e0a0__EXTERNAL___glCullFace.c	
0009e0a4	<EXTERNAL>::glFrontFace	undefined glFrontFace(void)	ok	functions/0009e0a4__EXTERNAL___glFrontFace.c	
0009e0a8	<EXTERNAL>::glDepthFunc	undefined glDepthFunc(void)	ok	functions/0009e0a8__EXTERNAL___glDepthFunc.c	
0009e0ac	<EXTERNAL>::glDepthMask	undefined glDepthMask(void)	ok	functions/0009e0ac__EXTERNAL___glDepthMask.c	
0009e0b0	<EXTERNAL>::glColor4f	undefined glColor4f(void)	ok	functions/0009e0b0__EXTERNAL___glColor4f.c	
0009e0b4	<EXTERNAL>::glColorMask	undefined glColorMask(void)	ok	functions/0009e0b4__EXTERNAL___glColorMask.c	
0009e0b8	<EXTERNAL>::glLogicOp	undefined glLogicOp(void)	ok	functions/0009e0b8__EXTERNAL___glLogicOp.c	
0009e0bc	<EXTERNAL>::glClientActiveTexture	undefined glClientActiveTexture(void)	ok	functions/0009e0bc__EXTERNAL___glClientActiveTexture.c	
0009e0c0	<EXTERNAL>::glDisableClientState	undefined glDisableClientState(void)	ok	functions/0009e0c0__EXTERNAL___glDisableClientState.c	
0009e0c4	<EXTERNAL>::glEnableClientState	undefined glEnableClientState(void)	ok	functions/0009e0c4__EXTERNAL___glEnableClientState.c	
0009e0c8	<EXTERNAL>::glDrawElements	undefined glDrawElements(void)	ok	functions/0009e0c8__EXTERNAL___glDrawElements.c	
0009e0cc	<EXTERNAL>::glClearColor	undefined glClearColor(void)	ok	functions/0009e0cc__EXTERNAL___glClearColor.c	
0009e0d0	<EXTERNAL>::glClear	undefined glClear(void)	ok	functions/0009e0d0__EXTERNAL___glClear.c	
0009e0d4	<EXTERNAL>::glFinish	undefined glFinish(void)	ok	functions/0009e0d4__EXTERNAL___glFinish.c	
0009e0d8	<EXTERNAL>::glFlush	undefined glFlush(void)	ok	functions/0009e0d8__EXTERNAL___glFlush.c	
0009e0dc	<EXTERNAL>::glMatrixMode	undefined glMatrixMode(void)	ok	functions/0009e0dc__EXTERNAL___glMatrixMode.c	
0009e0e0	<EXTERNAL>::glLoadMatrixf	undefined glLoadMatrixf(void)	ok	functions/0009e0e0__EXTERNAL___glLoadMatrixf.c	
0009e0e4	<EXTERNAL>::glLoadIdentity	undefined glLoadIdentity(void)	ok	functions/0009e0e4__EXTERNAL___glLoadIdentity.c	
0009e0e8	<EXTERNAL>::glGenTextures	undefined glGenTextures(void)	ok	functions/0009e0e8__EXTERNAL___glGenTextures.c	
0009e0ec	<EXTERNAL>::glDeleteTextures	undefined glDeleteTextures(void)	ok	functions/0009e0ec__EXTERNAL___glDeleteTextures.c	
0009e0f0	<EXTERNAL>::glBindTexture	undefined glBindTexture(void)	ok	functions/0009e0f0__EXTERNAL___glBindTexture.c	
0009e0f4	<EXTERNAL>::glActiveTexture	undefined glActiveTexture(void)	ok	functions/0009e0f4__EXTERNAL___glActiveTexture.c	
0009e0f8	<EXTERNAL>::glTexParameteri	undefined glTexParameteri(void)	ok	functions/0009e0f8__EXTERNAL___glTexParameteri.c	
0009e0fc	<EXTERNAL>::glTexEnvi	undefined glTexEnvi(void)	ok	functions/0009e0fc__EXTERNAL___glTexEnvi.c	
0009e100	<EXTERNAL>::glTexEnvf	undefined glTexEnvf(void)	ok	functions/0009e100__EXTERNAL___glTexEnvf.c	
0009e104	<EXTERNAL>::glTexParameterf	undefined glTexParameterf(void)	ok	functions/0009e104__EXTERNAL___glTexParameterf.c	
0009e108	<EXTERNAL>::glTexEnvfv	undefined glTexEnvfv(void)	ok	functions/0009e108__EXTERNAL___glTexEnvfv.c	
0009e10c	<EXTERNAL>::glFogf	undefined glFogf(void)	ok	functions/0009e10c__EXTERNAL___glFogf.c	
0009e110	<EXTERNAL>::glFogfv	undefined glFogfv(void)	ok	functions/0009e110__EXTERNAL___glFogfv.c	
0009e114	<EXTERNAL>::glCopyTexImage2D	undefined glCopyTexImage2D(void)	ok	functions/0009e114__EXTERNAL___glCopyTexImage2D.c	
0009e118	<EXTERNAL>::glGenBuffers	undefined glGenBuffers(void)	ok	functions/0009e118__EXTERNAL___glGenBuffers.c	
0009e11c	<EXTERNAL>::glDeleteBuffers	undefined glDeleteBuffers(void)	ok	functions/0009e11c__EXTERNAL___glDeleteBuffers.c	
0009e120	<EXTERNAL>::glBindBuffer	undefined glBindBuffer(void)	ok	functions/0009e120__EXTERNAL___glBindBuffer.c	
0009e124	<EXTERNAL>::glBufferData	undefined glBufferData(void)	ok	functions/0009e124__EXTERNAL___glBufferData.c	
0009e128	<EXTERNAL>::glBufferSubData	undefined glBufferSubData(void)	ok	functions/0009e128__EXTERNAL___glBufferSubData.c	
0009e12c	<EXTERNAL>::glGetError	undefined glGetError(void)	ok	functions/0009e12c__EXTERNAL___glGetError.c	
0009e130	<EXTERNAL>::glDepthRangef	undefined glDepthRangef(void)	ok	functions/0009e130__EXTERNAL___glDepthRangef.c	
0009e134	<EXTERNAL>::glViewport	undefined glViewport(void)	ok	functions/0009e134__EXTERNAL___glViewport.c	
0009e138	<EXTERNAL>::glReadPixels	undefined glReadPixels(void)	ok	functions/0009e138__EXTERNAL___glReadPixels.c	
0009e13c	<EXTERNAL>::glTexImage2D	undefined glTexImage2D(void)	ok	functions/0009e13c__EXTERNAL___glTexImage2D.c	
0009e140	<EXTERNAL>::glCompressedTexImage2D	undefined glCompressedTexImage2D(void)	ok	functions/0009e140__EXTERNAL___glCompressedTexImage2D.c	
0009e144	<EXTERNAL>::glGetString	undefined glGetString(void)	ok	functions/0009e144__EXTERNAL___glGetString.c	
0009e148	<EXTERNAL>::glGetFloatv	undefined glGetFloatv(void)	ok	functions/0009e148__EXTERNAL___glGetFloatv.c	
0009e14c	<EXTERNAL>::glVertexPointer	undefined glVertexPointer(void)	ok	functions/0009e14c__EXTERNAL___glVertexPointer.c	
0009e150	<EXTERNAL>::glColorPointer	undefined glColorPointer(void)	ok	functions/0009e150__EXTERNAL___glColorPointer.c	
0009e154	<EXTERNAL>::glTexCoordPointer	undefined glTexCoordPointer(void)	ok	functions/0009e154__EXTERNAL___glTexCoordPointer.c	
0009e158	<EXTERNAL>::strcasecmp	int strcasecmp(char * __s1, char * __s2)	ok	functions/0009e158__EXTERNAL___strcasecmp.c	
0009e15c	<EXTERNAL>::lrand48	long lrand48(void)	ok	functions/0009e15c__EXTERNAL___lrand48.c	
0009e160	<EXTERNAL>::mktime	time_t mktime(tm * __tp)	ok	functions/0009e160__EXTERNAL___mktime.c	
0009e164	<EXTERNAL>::difftime	double difftime(time_t __time1, time_t __time0)	ok	functions/0009e164__EXTERNAL___difftime.c	
0009e168	<EXTERNAL>::cosf	float cosf(float __x)	ok	functions/0009e168__EXTERNAL___cosf.c	
0009e16c	<EXTERNAL>::sinf	float sinf(float __x)	ok	functions/0009e16c__EXTERNAL___sinf.c	
0009e170	<EXTERNAL>::puts	int puts(char * __s)	ok	functions/0009e170__EXTERNAL___puts.c	
0009e174	<EXTERNAL>::abort	noreturn void abort(void)	ok	functions/0009e174__EXTERNAL___abort.c	
0009e178	<EXTERNAL>::time	time_t time(time_t * __timer)	ok	functions/0009e178__EXTERNAL___time.c	
0009e17c	<EXTERNAL>::gmtime_r	tm * gmtime_r(time_t * __timer, tm * __tp)	ok	functions/0009e17c__EXTERNAL___gmtime_r.c	
0009e180	<EXTERNAL>::localtime_r	tm * localtime_r(time_t * __timer, tm * __tp)	ok	functions/0009e180__EXTERNAL___localtime_r.c	
0009e184	<EXTERNAL>::clock_gettime	int clock_gettime(clockid_t __clock_id, timespec * __tp)	ok	functions/0009e184__EXTERNAL___clock_gettime.c	
0009e188	<EXTERNAL>::usleep	int usleep(__useconds_t __useconds)	ok	functions/0009e188__EXTERNAL___usleep.c	
0009e18c	<EXTERNAL>::asinf	float asinf(float __x)	ok	functions/0009e18c__EXTERNAL___asinf.c	
0009e190	<EXTERNAL>::acosf	float acosf(float __x)	ok	functions/0009e190__EXTERNAL___acosf.c	
0009e194	<EXTERNAL>::iswspace	int iswspace(wint_t __wc)	ok	functions/0009e194__EXTERNAL___iswspace.c	
0009e198	<EXTERNAL>::pthread_mutex_lock	int pthread_mutex_lock(pthread_mutex_t * __mutex)	ok	functions/0009e198__EXTERNAL___pthread_mutex_lock.c	
0009e19c	<EXTERNAL>::pthread_cond_timedwait_monotonic_np	undefined pthread_cond_timedwait_monotonic_np(void)	ok	functions/0009e19c__EXTERNAL___pthread_cond_timedwait_monotonic_np.c	
0009e1a0	<EXTERNAL>::pthread_mutex_unlock	int pthread_mutex_unlock(pthread_mutex_t * __mutex)	ok	functions/0009e1a0__EXTERNAL___pthread_mutex_unlock.c	
0009e1a4	<EXTERNAL>::sched_yield	int sched_yield(void)	ok	functions/0009e1a4__EXTERNAL___sched_yield.c	
0009e1a8	<EXTERNAL>::pthread_mutex_init	int pthread_mutex_init(pthread_mutex_t * __mutex, pthread_mutexattr_t * __mutexattr)	ok	functions/0009e1a8__EXTERNAL___pthread_mutex_init.c	
0009e1ac	<EXTERNAL>::pthread_cond_init	int pthread_cond_init(pthread_cond_t * __cond, pthread_condattr_t * __cond_attr)	ok	functions/0009e1ac__EXTERNAL___pthread_cond_init.c	
0009e1b0	<EXTERNAL>::open	int open(char * __file, int __oflag, ...)	ok	functions/0009e1b0__EXTERNAL___open.c	
0009e1b4	<EXTERNAL>::read	ssize_t read(int __fd, void * __buf, size_t __nbytes)	ok	functions/0009e1b4__EXTERNAL___read.c	
0009e1b8	<EXTERNAL>::close	int close(int __fd)	ok	functions/0009e1b8__EXTERNAL___close.c	
0009e1bc	<EXTERNAL>::memchr	void * memchr(void * __s, int __c, size_t __n)	ok	functions/0009e1bc__EXTERNAL___memchr.c	
0009e1c0	<EXTERNAL>::pthread_once	int pthread_once(pthread_once_t * __once_control, __init_routine * __init_routine)	ok	functions/0009e1c0__EXTERNAL___pthread_once.c	
0009e1c4	<EXTERNAL>::munmap	int munmap(void * __addr, size_t __len)	ok	functions/0009e1c4__EXTERNAL___munmap.c	
0009e1c8	<EXTERNAL>::pthread_mutex_destroy	int pthread_mutex_destroy(pthread_mutex_t * __mutex)	ok	functions/0009e1c8__EXTERNAL___pthread_mutex_destroy.c	
0009e1cc	<EXTERNAL>::pthread_key_delete	int pthread_key_delete(pthread_key_t __key)	ok	functions/0009e1cc__EXTERNAL___pthread_key_delete.c	
0009e1d0	<EXTERNAL>::pthread_getspecific	void * pthread_getspecific(pthread_key_t __key)	ok	functions/0009e1d0__EXTERNAL___pthread_getspecific.c	
0009e1d4	<EXTERNAL>::pthread_setspecific	int pthread_setspecific(pthread_key_t __key, void * __pointer)	ok	functions/0009e1d4__EXTERNAL___pthread_setspecific.c	
0009e1d8	<EXTERNAL>::mmap	void * mmap(void * __addr, size_t __len, int __prot, int __flags, int __fd, __off_t __offset)	ok	functions/0009e1d8__EXTERNAL___mmap.c	
0009e1dc	<EXTERNAL>::pthread_key_create	int pthread_key_create(pthread_key_t * __key, __destr_function * __destr_function)	ok	functions/0009e1dc__EXTERNAL___pthread_key_create.c	
0009e1e0	<EXTERNAL>::__assert2	undefined __assert2(void)	ok	functions/0009e1e0__EXTERNAL_____assert2.c	
0009e1e8	<EXTERNAL>::dlopen	undefined dlopen(void)	ok	functions/0009e1e8__EXTERNAL___dlopen.c	
0009e1ec	<EXTERNAL>::dlsym	undefined dlsym(void)	ok	functions/0009e1ec__EXTERNAL___dlsym.c	
0009e1f0	<EXTERNAL>::dlclose	undefined dlclose(void)	ok	functions/0009e1f0__EXTERNAL___dlclose.c	
0009e1f4	<EXTERNAL>::pthread_cond_wait	int pthread_cond_wait(pthread_cond_t * __cond, pthread_mutex_t * __mutex)	ok	functions/0009e1f4__EXTERNAL___pthread_cond_wait.c	
0009e1f8	<EXTERNAL>::pthread_cond_broadcast	int pthread_cond_broadcast(pthread_cond_t * __cond)	ok	functions/0009e1f8__EXTERNAL___pthread_cond_broadcast.c	
0009e1fc	<EXTERNAL>::strncpy	char * strncpy(char * __dest, char * __src, size_t __n)	ok	functions/0009e1fc__EXTERNAL___strncpy.c	
0009e200	<EXTERNAL>::realloc	void * realloc(void * __ptr, size_t __size)	ok	functions/0009e200__EXTERNAL___realloc.c	
0009e204	<EXTERNAL>::dl_iterate_phdr	undefined dl_iterate_phdr(void)	ok	functions/0009e204__EXTERNAL___dl_iterate_phdr.c	
