address	name	signature	status	file	diagnostic
0002e49c	<EXTERNAL>::vsnprintf	int vsnprintf(char * __s, size_t __maxlen, char * __format, __gnuc_va_list __arg)	ok	functions/0002e49c__EXTERNAL___vsnprintf.c	
0002e4a8	<EXTERNAL>::__stack_chk_fail	noreturn undefined __stack_chk_fail(void)	ok	functions/0002e4a8__EXTERNAL_____stack_chk_fail.c	
0002e4c0	<EXTERNAL>::fprintf	int fprintf(FILE * __stream, char * __format, ...)	ok	functions/0002e4c0__EXTERNAL___fprintf.c	
0002e4f0	<EXTERNAL>::fseek	int fseek(FILE * __stream, long __off, int __whence)	ok	functions/0002e4f0__EXTERNAL___fseek.c	
0002e4fc	<EXTERNAL>::fclose	int fclose(FILE * __stream)	ok	functions/0002e4fc__EXTERNAL___fclose.c	
0002e508	<EXTERNAL>::fopen	FILE * fopen(char * __filename, char * __modes)	ok	functions/0002e508__EXTERNAL___fopen.c	
0002e514	<EXTERNAL>::memcpy	void * memcpy(void * __dest, void * __src, size_t __n)	ok	functions/0002e514__EXTERNAL___memcpy.c	
0002e520	<EXTERNAL>::strlen	size_t strlen(char * __s)	ok	functions/0002e520__EXTERNAL___strlen.c	
0002e52c	<EXTERNAL>::memmove	void * memmove(void * __dest, void * __src, size_t __n)	ok	functions/0002e52c__EXTERNAL___memmove.c	
0002e538	<EXTERNAL>::memcmp	int memcmp(void * __s1, void * __s2, size_t __n)	ok	functions/0002e538__EXTERNAL___memcmp.c	
0002e544	<EXTERNAL>::atol	long atol(char * __nptr)	ok	functions/0002e544__EXTERNAL___atol.c	
0002e550	<EXTERNAL>::snprintf	int snprintf(char * __s, size_t __maxlen, char * __format, ...)	ok	functions/0002e550__EXTERNAL___snprintf.c	
0002e55c	<EXTERNAL>::__android_log_write	undefined __android_log_write(void)	ok	functions/0002e55c__EXTERNAL_____android_log_write.c	
0002e568	<EXTERNAL>::AAssetManager_open	undefined AAssetManager_open(void)	ok	functions/0002e568__EXTERNAL___AAssetManager_open.c	
0002e574	<EXTERNAL>::mkdir	int mkdir(char * __path, __mode_t __mode)	ok	functions/0002e574__EXTERNAL___mkdir.c	
0002e580	<EXTERNAL>::__errno	undefined __errno(void)	ok	functions/0002e580__EXTERNAL_____errno.c	
0002e58c	<EXTERNAL>::AAssetManager_fromJava	undefined AAssetManager_fromJava(void)	ok	functions/0002e58c__EXTERNAL___AAssetManager_fromJava.c	
0002e598	<EXTERNAL>::__aeabi_atexit	undefined __aeabi_atexit(void)	ok	functions/0002e598__EXTERNAL_____aeabi_atexit.c	
0002e5a4	<EXTERNAL>::AAsset_close	undefined AAsset_close(void)	ok	functions/0002e5a4__EXTERNAL___AAsset_close.c	
0002e5b0	<EXTERNAL>::AAsset_getLength	undefined AAsset_getLength(void)	ok	functions/0002e5b0__EXTERNAL___AAsset_getLength.c	
0002e5bc	<EXTERNAL>::AAsset_getBuffer	undefined AAsset_getBuffer(void)	ok	functions/0002e5bc__EXTERNAL___AAsset_getBuffer.c	
0002e5c8	<EXTERNAL>::tanf	float tanf(float __x)	ok	functions/0002e5c8__EXTERNAL___tanf.c	
0002e5d4	<EXTERNAL>::atanf	float atanf(float __x)	ok	functions/0002e5d4__EXTERNAL___atanf.c	
0002e5e0	<EXTERNAL>::sqrtf	float sqrtf(float __x)	ok	functions/0002e5e0__EXTERNAL___sqrtf.c	
0002e5ec	<EXTERNAL>::memset	void * memset(void * __s, int __c, size_t __n)	ok	functions/0002e5ec__EXTERNAL___memset.c	
0002e5f8	<EXTERNAL>::malloc	void * malloc(size_t __size)	ok	functions/0002e5f8__EXTERNAL___malloc.c	
0002e604	<EXTERNAL>::free	void free(void * __ptr)	ok	functions/0002e604__EXTERNAL___free.c	
0002e610	<EXTERNAL>::floorf	float floorf(float __x)	ok	functions/0002e610__EXTERNAL___floorf.c	
0002e61c	<EXTERNAL>::srand48	void srand48(long __seedval)	ok	functions/0002e61c__EXTERNAL___srand48.c	
0002e628	<EXTERNAL>::glNormalPointer	undefined glNormalPointer(void)	ok	functions/0002e628__EXTERNAL___glNormalPointer.c	
0002e634	<EXTERNAL>::glBlendFunc	undefined glBlendFunc(void)	ok	functions/0002e634__EXTERNAL___glBlendFunc.c	
0002e640	<EXTERNAL>::glAlphaFunc	undefined glAlphaFunc(void)	ok	functions/0002e640__EXTERNAL___glAlphaFunc.c	
0002e64c	<EXTERNAL>::glEnable	undefined glEnable(void)	ok	functions/0002e64c__EXTERNAL___glEnable.c	
0002e658	<EXTERNAL>::glDisable	undefined glDisable(void)	ok	functions/0002e658__EXTERNAL___glDisable.c	
0002e664	<EXTERNAL>::glCullFace	undefined glCullFace(void)	ok	functions/0002e664__EXTERNAL___glCullFace.c	
0002e670	<EXTERNAL>::glFrontFace	undefined glFrontFace(void)	ok	functions/0002e670__EXTERNAL___glFrontFace.c	
0002e67c	<EXTERNAL>::glDepthFunc	undefined glDepthFunc(void)	ok	functions/0002e67c__EXTERNAL___glDepthFunc.c	
0002e688	<EXTERNAL>::glDepthMask	undefined glDepthMask(void)	ok	functions/0002e688__EXTERNAL___glDepthMask.c	
0002e6ac	<EXTERNAL>::glLogicOp	undefined glLogicOp(void)	ok	functions/0002e6ac__EXTERNAL___glLogicOp.c	
0002e6b8	<EXTERNAL>::glClientActiveTexture	undefined glClientActiveTexture(void)	ok	functions/0002e6b8__EXTERNAL___glClientActiveTexture.c	
0002e6d0	<EXTERNAL>::glEnableClientState	undefined glEnableClientState(void)	ok	functions/0002e6d0__EXTERNAL___glEnableClientState.c	
0002e6e8	<EXTERNAL>::glClearColor	undefined glClearColor(void)	ok	functions/0002e6e8__EXTERNAL___glClearColor.c	
0002e700	<EXTERNAL>::glFinish	undefined glFinish(void)	ok	functions/0002e700__EXTERNAL___glFinish.c	
0002e70c	<EXTERNAL>::glFlush	undefined glFlush(void)	ok	functions/0002e70c__EXTERNAL___glFlush.c	
0002e718	<EXTERNAL>::glMatrixMode	undefined glMatrixMode(void)	ok	functions/0002e718__EXTERNAL___glMatrixMode.c	
0002e748	<EXTERNAL>::glDeleteTextures	undefined glDeleteTextures(void)	ok	functions/0002e748__EXTERNAL___glDeleteTextures.c	
0002e760	<EXTERNAL>::glActiveTexture	undefined glActiveTexture(void)	ok	functions/0002e760__EXTERNAL___glActiveTexture.c	
0002e76c	<EXTERNAL>::glTexParameteri	undefined glTexParameteri(void)	ok	functions/0002e76c__EXTERNAL___glTexParameteri.c	
0002e778	<EXTERNAL>::glTexEnvi	undefined glTexEnvi(void)	ok	functions/0002e778__EXTERNAL___glTexEnvi.c	
0002e784	<EXTERNAL>::glTexEnvf	undefined glTexEnvf(void)	ok	functions/0002e784__EXTERNAL___glTexEnvf.c	
0002e790	<EXTERNAL>::glTexParameterf	undefined glTexParameterf(void)	ok	functions/0002e790__EXTERNAL___glTexParameterf.c	
0002e79c	<EXTERNAL>::glTexEnvfv	undefined glTexEnvfv(void)	ok	functions/0002e79c__EXTERNAL___glTexEnvfv.c	
0002e7a8	<EXTERNAL>::glFogf	undefined glFogf(void)	ok	functions/0002e7a8__EXTERNAL___glFogf.c	
0002e7b4	<EXTERNAL>::glFogfv	undefined glFogfv(void)	ok	functions/0002e7b4__EXTERNAL___glFogfv.c	
0002e7c0	<EXTERNAL>::glCopyTexImage2D	undefined glCopyTexImage2D(void)	ok	functions/0002e7c0__EXTERNAL___glCopyTexImage2D.c	
0002e7d8	<EXTERNAL>::glDeleteBuffers	undefined glDeleteBuffers(void)	ok	functions/0002e7d8__EXTERNAL___glDeleteBuffers.c	
0002e808	<EXTERNAL>::glGetError	undefined glGetError(void)	ok	functions/0002e808__EXTERNAL___glGetError.c	
0002e814	<EXTERNAL>::glDepthRangef	undefined glDepthRangef(void)	ok	functions/0002e814__EXTERNAL___glDepthRangef.c	
0002e820	<EXTERNAL>::glViewport	undefined glViewport(void)	ok	functions/0002e820__EXTERNAL___glViewport.c	
0002e82c	<EXTERNAL>::glReadPixels	undefined glReadPixels(void)	ok	functions/0002e82c__EXTERNAL___glReadPixels.c	
0002e838	<EXTERNAL>::glTexImage2D	undefined glTexImage2D(void)	ok	functions/0002e838__EXTERNAL___glTexImage2D.c	
0002e844	<EXTERNAL>::glCompressedTexImage2D	undefined glCompressedTexImage2D(void)	ok	functions/0002e844__EXTERNAL___glCompressedTexImage2D.c	
0002e850	<EXTERNAL>::glGetString	undefined glGetString(void)	ok	functions/0002e850__EXTERNAL___glGetString.c	
0002e85c	<EXTERNAL>::glGetFloatv	undefined glGetFloatv(void)	ok	functions/0002e85c__EXTERNAL___glGetFloatv.c	
0002e868	<EXTERNAL>::glVertexPointer	undefined glVertexPointer(void)	ok	functions/0002e868__EXTERNAL___glVertexPointer.c	
0002e874	<EXTERNAL>::glColorPointer	undefined glColorPointer(void)	ok	functions/0002e874__EXTERNAL___glColorPointer.c	
0002e88c	<EXTERNAL>::strcasecmp	int strcasecmp(char * __s1, char * __s2)	ok	functions/0002e88c__EXTERNAL___strcasecmp.c	
0002e898	<EXTERNAL>::lrand48	long lrand48(void)	ok	functions/0002e898__EXTERNAL___lrand48.c	
0002e8a4	<EXTERNAL>::mktime	time_t mktime(tm * __tp)	ok	functions/0002e8a4__EXTERNAL___mktime.c	
0002e8b0	<EXTERNAL>::difftime	double difftime(time_t __time1, time_t __time0)	ok	functions/0002e8b0__EXTERNAL___difftime.c	
0002e8bc	<EXTERNAL>::ceilf	float ceilf(float __x)	ok	functions/0002e8bc__EXTERNAL___ceilf.c	
0002e8c8	<EXTERNAL>::cosf	float cosf(float __x)	ok	functions/0002e8c8__EXTERNAL___cosf.c	
0002e8d4	<EXTERNAL>::sinf	float sinf(float __x)	ok	functions/0002e8d4__EXTERNAL___sinf.c	
0002e8e0	<EXTERNAL>::puts	int puts(char * __s)	ok	functions/0002e8e0__EXTERNAL___puts.c	
0002e8ec	<EXTERNAL>::abort	noreturn void abort(void)	ok	functions/0002e8ec__EXTERNAL___abort.c	
0002e8f8	<EXTERNAL>::time	time_t time(time_t * __timer)	ok	functions/0002e8f8__EXTERNAL___time.c	
0002e904	<EXTERNAL>::gmtime_r	tm * gmtime_r(time_t * __timer, tm * __tp)	ok	functions/0002e904__EXTERNAL___gmtime_r.c	
0002e910	<EXTERNAL>::localtime_r	tm * localtime_r(time_t * __timer, tm * __tp)	ok	functions/0002e910__EXTERNAL___localtime_r.c	
0002e91c	<EXTERNAL>::clock_gettime	int clock_gettime(clockid_t __clock_id, timespec * __tp)	ok	functions/0002e91c__EXTERNAL___clock_gettime.c	
0002e934	<EXTERNAL>::asinf	float asinf(float __x)	ok	functions/0002e934__EXTERNAL___asinf.c	
0002e940	<EXTERNAL>::acosf	float acosf(float __x)	ok	functions/0002e940__EXTERNAL___acosf.c	
0002e94c	<EXTERNAL>::iswspace	int iswspace(wint_t __wc)	ok	functions/0002e94c__EXTERNAL___iswspace.c	
0002e958	<EXTERNAL>::pthread_mutex_lock	int pthread_mutex_lock(pthread_mutex_t * __mutex)	ok	functions/0002e958__EXTERNAL___pthread_mutex_lock.c	
0002e964	<EXTERNAL>::pthread_cond_timedwait_monotonic_np	undefined pthread_cond_timedwait_monotonic_np(void)	ok	functions/0002e964__EXTERNAL___pthread_cond_timedwait_monotonic_np.c	
0002e970	<EXTERNAL>::pthread_mutex_unlock	int pthread_mutex_unlock(pthread_mutex_t * __mutex)	ok	functions/0002e970__EXTERNAL___pthread_mutex_unlock.c	
0002e97c	<EXTERNAL>::sched_yield	int sched_yield(void)	ok	functions/0002e97c__EXTERNAL___sched_yield.c	
0002e988	<EXTERNAL>::pthread_mutex_init	int pthread_mutex_init(pthread_mutex_t * __mutex, pthread_mutexattr_t * __mutexattr)	ok	functions/0002e988__EXTERNAL___pthread_mutex_init.c	
0002e994	<EXTERNAL>::pthread_cond_init	int pthread_cond_init(pthread_cond_t * __cond, pthread_condattr_t * __cond_attr)	ok	functions/0002e994__EXTERNAL___pthread_cond_init.c	
0002e9a0	<EXTERNAL>::munmap	int munmap(void * __addr, size_t __len)	ok	functions/0002e9a0__EXTERNAL___munmap.c	
0002e9ac	<EXTERNAL>::pthread_mutex_destroy	int pthread_mutex_destroy(pthread_mutex_t * __mutex)	ok	functions/0002e9ac__EXTERNAL___pthread_mutex_destroy.c	
0002e9b8	<EXTERNAL>::pthread_key_delete	int pthread_key_delete(pthread_key_t __key)	ok	functions/0002e9b8__EXTERNAL___pthread_key_delete.c	
0002e9c4	<EXTERNAL>::pthread_getspecific	void * pthread_getspecific(pthread_key_t __key)	ok	functions/0002e9c4__EXTERNAL___pthread_getspecific.c	
0002e9d0	<EXTERNAL>::pthread_setspecific	int pthread_setspecific(pthread_key_t __key, void * __pointer)	ok	functions/0002e9d0__EXTERNAL___pthread_setspecific.c	
0002e9dc	<EXTERNAL>::mmap	void * mmap(void * __addr, size_t __len, int __prot, int __flags, int __fd, __off_t __offset)	ok	functions/0002e9dc__EXTERNAL___mmap.c	
0002e9e8	<EXTERNAL>::pthread_key_create	int pthread_key_create(pthread_key_t * __key, __destr_function * __destr_function)	ok	functions/0002e9e8__EXTERNAL___pthread_key_create.c	
0002e9f4	<EXTERNAL>::__assert2	undefined __assert2(void)	ok	functions/0002e9f4__EXTERNAL_____assert2.c	
0002ea00	<EXTERNAL>::dlopen	undefined dlopen(void)	ok	functions/0002ea00__EXTERNAL___dlopen.c	
0002ea0c	<EXTERNAL>::dlsym	undefined dlsym(void)	ok	functions/0002ea0c__EXTERNAL___dlsym.c	
0002ea18	<EXTERNAL>::dlclose	undefined dlclose(void)	ok	functions/0002ea18__EXTERNAL___dlclose.c	
0002ea24	<EXTERNAL>::pthread_cond_wait	int pthread_cond_wait(pthread_cond_t * __cond, pthread_mutex_t * __mutex)	ok	functions/0002ea24__EXTERNAL___pthread_cond_wait.c	
0002ea30	<EXTERNAL>::pthread_cond_broadcast	int pthread_cond_broadcast(pthread_cond_t * __cond)	ok	functions/0002ea30__EXTERNAL___pthread_cond_broadcast.c	
0002ea3c	<EXTERNAL>::strcmp	int strcmp(char * __s1, char * __s2)	ok	functions/0002ea3c__EXTERNAL___strcmp.c	
0002ea48	<EXTERNAL>::strncpy	char * strncpy(char * __dest, char * __src, size_t __n)	ok	functions/0002ea48__EXTERNAL___strncpy.c	
0002ea54	<EXTERNAL>::realloc	void * realloc(void * __ptr, size_t __size)	ok	functions/0002ea54__EXTERNAL___realloc.c	
0002ea60	<EXTERNAL>::raise	int raise(int __sig)	ok	functions/0002ea60__EXTERNAL___raise.c	
0002ea6c	<EXTERNAL>::__gnu_Unwind_Find_exidx	undefined __gnu_Unwind_Find_exidx(void)	ok	functions/0002ea6c__EXTERNAL_____gnu_Unwind_Find_exidx.c	
0002ea8c	_FINI_0	undefined _FINI_0(void)	ok	functions/0002ea8c__FINI_0.c	
0002ea9c	STG::MSIMD::BlendVector4f_HW	undefined __stdcall BlendVector4f_HW(float * param_1, float * param_2, float * param_3, float param_4, ulong param_5)	ok	functions/0002ea9c_STG__MSIMD__BlendVector4f_HW.c	
0002eb8c	STG::MSIMD::Skin3Vector4f_HW	undefined __stdcall Skin3Vector4f_HW(float * param_1, float * param_2, float * param_3, float * param_4, float * param_5, float * param_6, ulong param_7)	ok	functions/0002eb8c_STG__MSIMD__Skin3Vector4f_HW.c	
0002f25c	STG::UStringBase<char,int>::~UStringBase	undefined __thiscall ~UStringBase(UStringBase<char,int> * this)	ok	functions/0002f25c_STG__UStringBase_char_int____UStringBase.c	
0002f2b8	STG::FFileBase::Print	undefined __stdcall Print(char * param_1, ...)	ok	functions/0002f2b8_STG__FFileBase__Print.c	
0002f364	STG::UStringBase<char,int>::~UStringBase	undefined __thiscall ~UStringBase(UStringBase<char,int> * this)	ok	functions/0002f364_STG__UStringBase_char_int____UStringBase.c	
0002f3d0	STG::FFileBase::~FFileBase	undefined __thiscall ~FFileBase(FFileBase * this)	ok	functions/0002f3d0_STG__FFileBase___FFileBase.c	
0002f440	STG::FFileBase::~FFileBase	undefined __thiscall ~FFileBase(FFileBase * this)	ok	functions/0002f440_STG__FFileBase___FFileBase.c	
0002f45c	STG::FFileBase::FFileBase	undefined __thiscall FFileBase(FFileBase * this)	ok	functions/0002f45c_STG__FFileBase__FFileBase.c	
0002f4b8	STG::FFileBase::Open	undefined __thiscall Open(FFileBase * this, char * param_1, EAccess param_2)	ok	functions/0002f4b8_STG__FFileBase__Open.c	
0002f500	STG::FFileBase::Open	undefined __stdcall Open(uchar * param_1, ulong param_2)	ok	functions/0002f500_STG__FFileBase__Open.c	
0002f538	STG::FFileBase::Close	undefined __thiscall Close(FFileBase * this)	ok	functions/0002f538_STG__FFileBase__Close.c	
0002f54c	STG::FFileBase::GetFileSize	undefined __stdcall GetFileSize(void)	ok	functions/0002f54c_STG__FFileBase__GetFileSize.c	
0002f59c	STG::FFileBase::Read	undefined __thiscall Read(FFileBase * this, uchar * param_1, ulong param_2)	ok	functions/0002f59c_STG__FFileBase__Read.c	
0002f614	STG::FFileBase::ReadAll	undefined __thiscall ReadAll(FFileBase * this, uchar * * param_1, ulong * param_2)	ok	functions/0002f614_STG__FFileBase__ReadAll.c	
0002f690	STG::FFileBase::Peek	undefined __stdcall Peek(uchar * param_1, ulong param_2)	ok	functions/0002f690_STG__FFileBase__Peek.c	
0002f6ec	STG::FFileBase::ReadDirect	undefined __thiscall ReadDirect(FFileBase * this, uchar * * param_1, ulong param_2)	ok	functions/0002f6ec_STG__FFileBase__ReadDirect.c	
0002f724	STG::FFileBase::ReadSkip	undefined __thiscall ReadSkip(FFileBase * this, ulong param_1)	ok	functions/0002f724_STG__FFileBase__ReadSkip.c	
0002f7d8	STG::FFileBase::Write	undefined __thiscall Write(FFileBase * this, uchar * param_1, ulong param_2)	ok	functions/0002f7d8_STG__FFileBase__Write.c	
0002f844	STG::FFileBase::GetNumBytesRead	undefined __thiscall GetNumBytesRead(FFileBase * this)	ok	functions/0002f844_STG__FFileBase__GetNumBytesRead.c	
0002f84c	STG::FFileBase::GetNumBytesWritten	undefined __thiscall GetNumBytesWritten(FFileBase * this)	ok	functions/0002f84c_STG__FFileBase__GetNumBytesWritten.c	
0002f854	STG::FFileBase::Flush	undefined __thiscall Flush(FFileBase * this)	ok	functions/0002f854_STG__FFileBase__Flush.c	
0002f868	STG::FFileDisk::GetMediaType	undefined __stdcall GetMediaType(void)	ok	functions/0002f868_STG__FFileDisk__GetMediaType.c	
0002f870	STG::FFileDisk::_FOpenMemory	undefined __stdcall _FOpenMemory(uchar * param_1, ulong param_2)	ok	functions/0002f870_STG__FFileDisk___FOpenMemory.c	
0002f878	STG::FFileDisk::_FGetIsOpen	undefined __thiscall _FGetIsOpen(FFileDisk * this)	ok	functions/0002f878_STG__FFileDisk___FGetIsOpen.c	
0002f888	STG::FFileDisk::_FReadDirect	undefined __stdcall _FReadDirect(uchar * * param_1, ulong param_2)	ok	functions/0002f888_STG__FFileDisk___FReadDirect.c	
0002f890	STG::FFileDisk::_FFlush	undefined __thiscall _FFlush(FFileDisk * this)	ok	functions/0002f890_STG__FFileDisk___FFlush.c	
0002f898	STG::FFileDisk::_FPrintf	undefined __stdcall _FPrintf(char * param_1, char * param_2)	ok	functions/0002f898_STG__FFileDisk___FPrintf.c	
0002f8a0	STG::FFileDisk::_FWrite	undefined __thiscall _FWrite(FFileDisk * this, uchar * param_1, ulong param_2, ulong param_3)	ok	functions/0002f8a0_STG__FFileDisk___FWrite.c	
0002f8b8	STG::FFileDisk::_FRead	undefined __thiscall _FRead(FFileDisk * this, uchar * param_1, ulong param_2, ulong param_3)	ok	functions/0002f8b8_STG__FFileDisk___FRead.c	
0002f8d0	STG::FFileDisk::_FTell	undefined __thiscall _FTell(FFileDisk * this)	ok	functions/0002f8d0_STG__FFileDisk___FTell.c	
0002f8d8	STG::FFileDisk::_FSeek	undefined __thiscall _FSeek(FFileDisk * this, long param_1, int param_2)	ok	functions/0002f8d8_STG__FFileDisk___FSeek.c	
0002f8f0	STG::FFileDisk::_FClose	undefined __thiscall _FClose(FFileDisk * this)	ok	functions/0002f8f0_STG__FFileDisk___FClose.c	
0002f918	STG::FFileDisk::_FOpenFile	undefined __thiscall _FOpenFile(FFileDisk * this, char * param_1, char * param_2)	ok	functions/0002f918_STG__FFileDisk___FOpenFile.c	
0002f93c	STG::FFileDisk::~FFileDisk	undefined __thiscall ~FFileDisk(FFileDisk * this)	ok	functions/0002f93c_STG__FFileDisk___FFileDisk.c	
0002f98c	STG::FFileDisk::~FFileDisk	undefined __thiscall ~FFileDisk(FFileDisk * this)	ok	functions/0002f98c_STG__FFileDisk___FFileDisk.c	
0002f9a8	STG::FFileDisk::FFileDisk	undefined __thiscall FFileDisk(FFileDisk * this)	ok	functions/0002f9a8_STG__FFileDisk__FFileDisk.c	
0002f9d8	STG::FFileDisk::FFileDisk	undefined __thiscall FFileDisk(FFileDisk * this, char * param_1, EAccess param_2)	ok	functions/0002f9d8_STG__FFileDisk__FFileDisk.c	
0002fa20	STG::FFileMemory::GetMediaType	undefined __stdcall GetMediaType(void)	ok	functions/0002fa20_STG__FFileMemory__GetMediaType.c	
0002fa28	STG::FFileMemory::_FOpenFile	undefined __stdcall _FOpenFile(char * param_1, char * param_2)	ok	functions/0002fa28_STG__FFileMemory___FOpenFile.c	
0002fa30	STG::FFileMemory::_FOpenMemory	undefined __thiscall _FOpenMemory(FFileMemory * this, uchar * param_1, ulong param_2)	ok	functions/0002fa30_STG__FFileMemory___FOpenMemory.c	
0002fa5c	STG::FFileMemory::_FClose	undefined __thiscall _FClose(FFileMemory * this)	ok	functions/0002fa5c_STG__FFileMemory___FClose.c	
0002fa74	STG::FFileMemory::_FGetIsOpen	undefined __thiscall _FGetIsOpen(FFileMemory * this)	ok	functions/0002fa74_STG__FFileMemory___FGetIsOpen.c	
0002fa98	STG::FFileMemory::_FSeek	undefined __thiscall _FSeek(FFileMemory * this, long param_1, int param_2)	ok	functions/0002fa98_STG__FFileMemory___FSeek.c	
0002fafc	STG::FFileMemory::_FTell	undefined __thiscall _FTell(FFileMemory * this)	ok	functions/0002fafc_STG__FFileMemory___FTell.c	
0002fb04	STG::FFileMemory::_FReadDirect	undefined __thiscall _FReadDirect(FFileMemory * this, uchar * * param_1, ulong param_2)	ok	functions/0002fb04_STG__FFileMemory___FReadDirect.c	
0002fb30	STG::FFileMemory::_FWrite	undefined __stdcall _FWrite(uchar * param_1, ulong param_2, ulong param_3)	ok	functions/0002fb30_STG__FFileMemory___FWrite.c	
0002fb38	STG::FFileMemory::_FPrintf	undefined __stdcall _FPrintf(char * param_1, char * param_2)	ok	functions/0002fb38_STG__FFileMemory___FPrintf.c	
0002fb3c	STG::FFileMemory::_FFlush	undefined __stdcall _FFlush(void)	ok	functions/0002fb3c_STG__FFileMemory___FFlush.c	
0002fb40	STG::FFileMemory::_FRead	undefined __thiscall _FRead(FFileMemory * this, uchar * param_1, ulong param_2, ulong param_3)	ok	functions/0002fb40_STG__FFileMemory___FRead.c	
0002fb7c	STG::FFileMemory::~FFileMemory	undefined __thiscall ~FFileMemory(FFileMemory * this)	ok	functions/0002fb7c_STG__FFileMemory___FFileMemory.c	
0002fbcc	STG::FFileMemory::~FFileMemory	undefined __thiscall ~FFileMemory(FFileMemory * this)	ok	functions/0002fbcc_STG__FFileMemory___FFileMemory.c	
0002fbe8	STG::FFileMemory::FFileMemory	undefined __thiscall FFileMemory(FFileMemory * this)	ok	functions/0002fbe8_STG__FFileMemory__FFileMemory.c	
0002fc20	STG::FFileMemory::FFileMemory	undefined __thiscall FFileMemory(FFileMemory * this, uchar * param_1, ulong param_2)	ok	functions/0002fc20_STG__FFileMemory__FFileMemory.c	
0002fc70	STG::FFileManager::CloseFile	undefined __thiscall CloseFile(FFileManager * this, FFileBase * * param_1)	ok	functions/0002fc70_STG__FFileManager__CloseFile.c	
0002fca0	STG::FFileManager::CreateDir	undefined __stdcall CreateDir(UStringBase * param_1)	ok	functions/0002fca0_STG__FFileManager__CreateDir.c	
0002fca8	STG::FFileManager::CreateTemporaryFile	undefined __stdcall CreateTemporaryFile(UStringBase * param_1)	ok	functions/0002fca8_STG__FFileManager__CreateTemporaryFile.c	
0002fcb0	STG::FFileManager::CopyFileAbsolute	undefined __thiscall CopyFileAbsolute(FFileManager * this, UStringBase * param_1, UStringBase * param_2)	ok	functions/0002fcb0_STG__FFileManager__CopyFileAbsolute.c	
0002fdd4	STG::FFileManager::~FFileManager	undefined __thiscall ~FFileManager(FFileManager * this)	ok	functions/0002fdd4_STG__FFileManager___FFileManager.c	
0002fe80	STG::FFileManager::~FFileManager	undefined __thiscall ~FFileManager(FFileManager * this)	ok	functions/0002fe80_STG__FFileManager___FFileManager.c	
0002ff3c	STG::FFileManager::HasValidBasePath	undefined __thiscall HasValidBasePath(FFileManager * this)	ok	functions/0002ff3c_STG__FFileManager__HasValidBasePath.c	
0002ff68	STG::FFileManager::ClearBasePath	undefined __thiscall ClearBasePath(FFileManager * this)	ok	functions/0002ff68_STG__FFileManager__ClearBasePath.c	
0002ffa4	STG::FFileManager::GetPathFlags	undefined __thiscall GetPathFlags(FFileManager * this, UStringBase * param_1, UStringBase * param_2, UStringBase * param_3, UStringBase * param_4)	ok	functions/0002ffa4_STG__FFileManager__GetPathFlags.c	
00030178	STG::FFileManager::GetIsPathAbsolute	undefined __thiscall GetIsPathAbsolute(FFileManager * this, ulong param_1)	ok	functions/00030178_STG__FFileManager__GetIsPathAbsolute.c	
0003018c	STG::FFileManager::GetIsPathRelative	undefined __thiscall GetIsPathRelative(FFileManager * this, ulong param_1)	ok	functions/0003018c_STG__FFileManager__GetIsPathRelative.c	
000301ac	STG::UStringBase<char,int>::Trim	undefined __thiscall Trim(UStringBase<char,int> * this)	ok	functions/000301ac_STG__UStringBase_char_int___Trim.c	
000304f8	std::string::_M_append	undefined __thiscall _M_append(string * this, char * param_1, char * param_2)	ok	functions/000304f8_std__string___M_append.c	
00030898	STG::FFileManager::GetBasePath	undefined __stdcall GetBasePath(void)	ok	functions/00030898_STG__FFileManager__GetBasePath.c	
00030a9c	STG::FFileManager::OpenFile	undefined __stdcall OpenFile(FFileHash * param_1, EAccess param_2)	ok	functions/00030a9c_STG__FFileManager__OpenFile.c	
00030b74	STG::UStringBase<char,int>::Find_FromEnd	undefined __thiscall Find_FromEnd(UStringBase<char,int> * this, UStringBase * param_1, UStringBase * param_2, UStringBase * param_3)	ok	functions/00030b74_STG__UStringBase_char_int___Find_FromEnd.c	
00031118	STG::FFileManager::NormalizePath	undefined __thiscall NormalizePath(FFileManager * this, UStringBase * param_1, UStringBase * param_2)	ok	functions/00031118_STG__FFileManager__NormalizePath.c	
00031430	FUN_00031430	undefined FUN_00031430(void)	ok	functions/00031430_FUN_00031430.c	
00031980	STG::FFileManager::GetPathComponents	undefined __thiscall GetPathComponents(FFileManager * this, UStringBase * param_1, UStringBase * param_2, UStringBase * param_3, UStringBase * param_4, UStringBase * param_5)	ok	functions/00031980_STG__FFileManager__GetPathComponents.c	
00032308	STG::FFileManager::GetPathFlags	undefined __thiscall GetPathFlags(FFileManager * this, UStringBase * param_1)	ok	functions/00032308_STG__FFileManager__GetPathFlags.c	
000324ec	STG::FFileManager::GetIsPathRelative	undefined __thiscall GetIsPathRelative(FFileManager * this, UStringBase * param_1)	ok	functions/000324ec_STG__FFileManager__GetIsPathRelative.c	
00032508	STG::FFileManager::GetIsPathAbsolute	undefined __thiscall GetIsPathAbsolute(FFileManager * this, UStringBase * param_1)	ok	functions/00032508_STG__FFileManager__GetIsPathAbsolute.c	
00032524	STG::FFileManager::GetPathComponents	undefined __thiscall GetPathComponents(FFileManager * this, UStringBase * param_1, UStringBase * param_2, UStringBase * param_3)	ok	functions/00032524_STG__FFileManager__GetPathComponents.c	
00032bd0	STG::FFileManager::GetPathComponents	undefined __thiscall GetPathComponents(FFileManager * this, UStringBase * param_1, UStringBase * param_2, UStringBase * param_3, UStringBase * param_4)	ok	functions/00032bd0_STG__FFileManager__GetPathComponents.c	
000337ac	STG::FFileManager::BuildPath	undefined __thiscall BuildPath(FFileManager * this, UStringBase * param_1, UStringBase * param_2)	ok	functions/000337ac_STG__FFileManager__BuildPath.c	
000337fc	STG::FFileManager::OpenFilePath	undefined __thiscall OpenFilePath(FFileManager * this, UStringBase * param_1, EAccess param_2)	ok	functions/000337fc_STG__FFileManager__OpenFilePath.c	
000338f8	STG::FFileManager::AddBasePath	undefined __thiscall AddBasePath(FFileManager * this, UStringBase * param_1)	ok	functions/000338f8_STG__FFileManager__AddBasePath.c	
00033c88	STG::FFileManager::MakeUniquePath	undefined __thiscall MakeUniquePath(FFileManager * this, UStringBase * param_1, UStringBase * param_2)	ok	functions/00033c88_STG__FFileManager__MakeUniquePath.c	
00034948	STG::FFileManager::BuildFileHash	undefined __thiscall BuildFileHash(FFileManager * this, UStringBase * param_1, FFileHash * param_2)	ok	functions/00034948_STG__FFileManager__BuildFileHash.c	
00034c90	STG::FFileManager::BuildFileHash	undefined __thiscall BuildFileHash(FFileManager * this, UStringBase * param_1, UStringBase * param_2, FFileHash * param_3)	ok	functions/00034c90_STG__FFileManager__BuildFileHash.c	
00034d84	FUN_00034d84	undefined FUN_00034d84(void)	ok	functions/00034d84_FUN_00034d84.c	
00034e60	STG::FLog::Print	undefined __stdcall Print(char * param_1, ...)	ok	functions/00034e60_STG__FLog__Print.c	
00034ef0	STG::FLog::~FLog	undefined __thiscall ~FLog(FLog * this)	ok	functions/00034ef0_STG__FLog___FLog.c	
00034f28	STG::FLog::~FLog	undefined __thiscall ~FLog(FLog * this)	ok	functions/00034f28_STG__FLog___FLog.c	
00034f44	STG::FLog::FLog	undefined __thiscall FLog(FLog * this, char * param_1)	ok	functions/00034f44_STG__FLog__FLog.c	
00034f80	STG::FFileManager_Android::OpenFilePath	undefined __stdcall OpenFilePath(UStringBase * param_1, EAccess param_2)	ok	functions/00034f80_STG__FFileManager_Android__OpenFilePath.c	
00035010	STG::FFileManager_Android::CreateDir	undefined __thiscall CreateDir(FFileManager_Android * this, UStringBase * param_1)	ok	functions/00035010_STG__FFileManager_Android__CreateDir.c	
0003504c	STG::FFileManager_Android::~FFileManager_Android	undefined __thiscall ~FFileManager_Android(FFileManager_Android * this)	ok	functions/0003504c_STG__FFileManager_Android___FFileManager_Android.c	
000350f8	STG::FFileManager_Android::~FFileManager_Android	undefined __thiscall ~FFileManager_Android(FFileManager_Android * this)	ok	functions/000350f8_STG__FFileManager_Android___FFileManager_Android.c	
000351b4	STG::FFileManager_Android::HasAssetManager	undefined __thiscall HasAssetManager(FFileManager_Android * this)	ok	functions/000351b4_STG__FFileManager_Android__HasAssetManager.c	
000351d8	STG::FFileManager_Android::SetAssetManager	undefined __stdcall SetAssetManager(_JNIEnv * param_1, _jobject * param_2)	ok	functions/000351d8_STG__FFileManager_Android__SetAssetManager.c	
00035234	STG::FFileManager_Android::ClearAssetManager	undefined __thiscall ClearAssetManager(FFileManager_Android * this, _JNIEnv * param_1)	ok	functions/00035234_STG__FFileManager_Android__ClearAssetManager.c	
00035270	STG::FFileManagerScoped::FFileManagerScoped	undefined __thiscall FFileManagerScoped(FFileManagerScoped * this, _JNIEnv * param_1, _jobject * param_2)	ok	functions/00035270_STG__FFileManagerScoped__FFileManagerScoped.c	
00035444	STG::FFileManagerScoped::~FFileManagerScoped	undefined __thiscall ~FFileManagerScoped(FFileManagerScoped * this)	ok	functions/00035444_STG__FFileManagerScoped___FFileManagerScoped.c	
00035530	STG::FFileManagerScoped::IsValid	undefined __stdcall IsValid(void)	ok	functions/00035530_STG__FFileManagerScoped__IsValid.c	
00035608	STG::FFileManagerScoped::Open	undefined __thiscall Open(FFileManagerScoped * this, UStringBase * param_1)	ok	functions/00035608_STG__FFileManagerScoped__Open.c	
000356f4	STG::FFileManagerScoped::Close	undefined __thiscall Close(FFileManagerScoped * this, FFileBase * * param_1)	ok	functions/000356f4_STG__FFileManagerScoped__Close.c	
000357f0	STG::FFileMemory_Android::~FFileMemory_Android	undefined __thiscall ~FFileMemory_Android(FFileMemory_Android * this)	ok	functions/000357f0_STG__FFileMemory_Android___FFileMemory_Android.c	
0003582c	STG::FFileMemory_Android::~FFileMemory_Android	undefined __thiscall ~FFileMemory_Android(FFileMemory_Android * this)	ok	functions/0003582c_STG__FFileMemory_Android___FFileMemory_Android.c	
00035848	STG::FFileMemory_Android::FFileMemory_Android	undefined __thiscall FFileMemory_Android(FFileMemory_Android * this, AAsset * param_1)	ok	functions/00035848_STG__FFileMemory_Android__FFileMemory_Android.c	
000358b8	STG::GEAnimationTrack::Initialize	undefined __thiscall Initialize(GEAnimationTrack * this, float param_1, ulong param_2, UTimeValue * param_3, UTimeValue * param_4, EDriver param_5, UTimeValue * param_6)	ok	functions/000358b8_STG__GEAnimationTrack__Initialize.c	
00035a40	STG::GEAnimationTrack::Evaluate	undefined __thiscall Evaluate(GEAnimationTrack * this, EDriver param_1, GEAnimationTimeData * param_2, bool param_3, UTimeValue * param_4, ulong * param_5, float * param_6)	ok	functions/00035a40_STG__GEAnimationTrack__Evaluate.c	
00035bfc	STG::GEAnimationTrack::Evaluate	undefined __stdcall Evaluate(EDriver param_1, GEAnimationTimeData * param_2, bool param_3, UTimeValue * param_4)	ok	functions/00035bfc_STG__GEAnimationTrack__Evaluate.c	
00035d00	STG::GEBufferObject::GEBufferObject	undefined __thiscall GEBufferObject(GEBufferObject * this, EType param_1, EUsage param_2)	ok	functions/00035d00_STG__GEBufferObject__GEBufferObject.c	
00035d34	STG::GEBufferObject::Deallocate	undefined __thiscall Deallocate(GEBufferObject * this)	ok	functions/00035d34_STG__GEBufferObject__Deallocate.c	
00035d8c	STG::GEBufferObject::~GEBufferObject	undefined __thiscall ~GEBufferObject(GEBufferObject * this)	ok	functions/00035d8c_STG__GEBufferObject___GEBufferObject.c	
00035db4	STG::GEBufferObject::~GEBufferObject	undefined __thiscall ~GEBufferObject(GEBufferObject * this)	ok	functions/00035db4_STG__GEBufferObject___GEBufferObject.c	
00035dd0	STG::GEBufferObject::Bind	undefined __thiscall Bind(GEBufferObject * this)	ok	functions/00035dd0_STG__GEBufferObject__Bind.c	
00035de0	STG::GEBufferObject::Unbind	undefined __thiscall Unbind(GEBufferObject * this)	ok	functions/00035de0_STG__GEBufferObject__Unbind.c	
00035de8	STG::GEBufferObject::Allocate	undefined __thiscall Allocate(GEBufferObject * this, ulong param_1)	ok	functions/00035de8_STG__GEBufferObject__Allocate.c	
00035e38	STG::GEBufferObject::Update	undefined __thiscall Update(GEBufferObject * this, uchar * param_1)	ok	functions/00035e38_STG__GEBufferObject__Update.c	
00035e70	STG::GECamera::~GECamera	undefined __thiscall ~GECamera(GECamera * this)	ok	functions/00035e70_STG__GECamera___GECamera.c	
00035e88	STG::GECamera::~GECamera	undefined __thiscall ~GECamera(GECamera * this)	ok	functions/00035e88_STG__GECamera___GECamera.c	
00035ea4	STG::GECamera::SetLookAtParams	undefined __thiscall SetLookAtParams(GECamera * this, MVector3 * param_1, MVector3 * param_2, MVector3 * param_3)	ok	functions/00035ea4_STG__GECamera__SetLookAtParams.c	
00035ef8	STG::GECamera::ApplyViewport	undefined __stdcall ApplyViewport(GEViewport * param_1)	ok	functions/00035ef8_STG__GECamera__ApplyViewport.c	
00035fc4	STG::GECamera::BuildCameraXfm	undefined __thiscall BuildCameraXfm(GECamera * this)	ok	functions/00035fc4_STG__GECamera__BuildCameraXfm.c	
00035fdc	STG::GECamera::BuildScaleXfm	undefined __thiscall BuildScaleXfm(GECamera * this)	ok	functions/00035fdc_STG__GECamera__BuildScaleXfm.c	
00035ff0	STG::GECamera::BuildProjectionXfm	undefined __stdcall BuildProjectionXfm(void)	ok	functions/00035ff0_STG__GECamera__BuildProjectionXfm.c	
000360a8	STG::GECamera::BuildWorldToClipXfm	undefined __thiscall BuildWorldToClipXfm(GECamera * this)	ok	functions/000360a8_STG__GECamera__BuildWorldToClipXfm.c	
000360d4	STG::GECamera::Lerp	undefined __thiscall Lerp(GECamera * this, GECamera * param_1, GECamera * param_2, float param_3)	ok	functions/000360d4_STG__GECamera__Lerp.c	
0003658c	STG::GECamera::IsVisible	undefined __thiscall IsVisible(GECamera * this, MMatrix * param_1, MVector3 * param_2, float param_3)	ok	functions/0003658c_STG__GECamera__IsVisible.c	
00036934	STG::GECamera::ConvertScreenToClip	undefined __thiscall ConvertScreenToClip(GECamera * this, URectangle * param_1, MVector2 * param_2, MVector2 * param_3)	ok	functions/00036934_STG__GECamera__ConvertScreenToClip.c	
000369e4	STG::GECamera::ConvertScreenToClip	undefined __thiscall ConvertScreenToClip(GECamera * this, MVector2 * param_1, MVector2 * param_2)	ok	functions/000369e4_STG__GECamera__ConvertScreenToClip.c	
000369f8	STG::GECamera::ConvertClipToWorld	undefined __thiscall ConvertClipToWorld(GECamera * this, float param_1, float param_2, MVector3 * param_3, MVector3 * param_4)	ok	functions/000369f8_STG__GECamera__ConvertClipToWorld.c	
00036ec8	STG::GECamera::BuildFrustumPlanes	undefined __stdcall BuildFrustumPlanes(void)	ok	functions/00036ec8_STG__GECamera__BuildFrustumPlanes.c	
0003835c	STG::GECamera::BuildTransforms	undefined __thiscall BuildTransforms(GECamera * this)	ok	functions/0003835c_STG__GECamera__BuildTransforms.c	
0003838c	STG::GECamera::GECamera	undefined __thiscall GECamera(GECamera * this)	ok	functions/0003838c_STG__GECamera__GECamera.c	
00038448	STG::GECamera::ComputeCursorData	undefined __thiscall ComputeCursorData(GECamera * this, GEViewport * param_1, MVector2 * param_2, UTimeValue * param_3, GECursorData * param_4)	ok	functions/00038448_STG__GECamera__ComputeCursorData.c	
00038610	STG::GECameraSet::GECameraSet	undefined __thiscall GECameraSet(GECameraSet * this)	ok	functions/00038610_STG__GECameraSet__GECameraSet.c	
00038668	STG::GECameraSet::~GECameraSet	undefined __thiscall ~GECameraSet(GECameraSet * this)	ok	functions/00038668_STG__GECameraSet___GECameraSet.c	
00038734	STG::GECameraSet::ComputeCamera	undefined __stdcall ComputeCamera(GEViewport * param_1, GECamera * param_2)	ok	functions/00038734_STG__GECameraSet__ComputeCamera.c	
00038960	STG::GECameraSet::Initialize	undefined __thiscall Initialize(GECameraSet * this, UStringBase * param_1, ulong param_2, ulong param_3)	ok	functions/00038960_STG__GECameraSet__Initialize.c	
00038a7c	STG::GEEnvironment::GEEnvironment	undefined __thiscall GEEnvironment(GEEnvironment * this)	ok	functions/00038a7c_STG__GEEnvironment__GEEnvironment.c	
00038a90	STG::GEEnvironment::~GEEnvironment	undefined __thiscall ~GEEnvironment(GEEnvironment * this)	ok	functions/00038a90_STG__GEEnvironment___GEEnvironment.c	
00038b00	STG::GEEnvironment::Initialize	undefined __thiscall Initialize(GEEnvironment * this, ulong param_1)	ok	functions/00038b00_STG__GEEnvironment__Initialize.c	
00038bcc	STG::GEEnvironmentGroup::GEEnvironmentGroup	undefined __thiscall GEEnvironmentGroup(GEEnvironmentGroup * this)	ok	functions/00038bcc_STG__GEEnvironmentGroup__GEEnvironmentGroup.c	
00038c18	STG::GEEnvironmentGroup::~GEEnvironmentGroup	undefined __thiscall ~GEEnvironmentGroup(GEEnvironmentGroup * this)	ok	functions/00038c18_STG__GEEnvironmentGroup___GEEnvironmentGroup.c	
00038c44	STG::GEEnvironmentSettings::GEEnvironmentSettings	undefined __thiscall GEEnvironmentSettings(GEEnvironmentSettings * this)	ok	functions/00038c44_STG__GEEnvironmentSettings__GEEnvironmentSettings.c	
00038c94	STG::GEEnvironmentSettings::~GEEnvironmentSettings	undefined __thiscall ~GEEnvironmentSettings(GEEnvironmentSettings * this)	ok	functions/00038c94_STG__GEEnvironmentSettings___GEEnvironmentSettings.c	
00038c98	STG::URefCountBase::~URefCountBase	undefined __thiscall ~URefCountBase(URefCountBase * this)	ok	functions/00038c98_STG__URefCountBase___URefCountBase.c	
00038cb0	STG::GEFont::GetSubFileCount	undefined __stdcall GetSubFileCount(void)	ok	functions/00038cb0_STG__GEFont__GetSubFileCount.c	
00038cb8	STG::GEFont::GetSubFile	undefined __stdcall GetSubFile(ulong param_1, FFileHash * param_2)	ok	functions/00038cb8_STG__GEFont__GetSubFile.c	
00038cc0	STG::GEFont::GetChildResourceCount	undefined __stdcall GetChildResourceCount(void)	ok	functions/00038cc0_STG__GEFont__GetChildResourceCount.c	
00038cc8	STG::GEFont::GetChildResource	undefined __stdcall GetChildResource(ulong param_1)	ok	functions/00038cc8_STG__GEFont__GetChildResource.c	
00038cd0	STG::GEFont::LoadSubFile	undefined __stdcall LoadSubFile(ulong param_1, FFileHash * param_2)	ok	functions/00038cd0_STG__GEFont__LoadSubFile.c	
00038cd8	STG::URefCountBase::~URefCountBase	undefined __thiscall ~URefCountBase(URefCountBase * this)	ok	functions/00038cd8_STG__URefCountBase___URefCountBase.c	
00038d00	STG::GEFont::LoadSelf	undefined __thiscall LoadSelf(GEFont * this, FFileBase * param_1)	ok	functions/00038d00_STG__GEFont__LoadSelf.c	
00038d24	STG::GEFont::LoadSelf	undefined __thiscall LoadSelf(GEFont * this, FFileHash * param_1)	ok	functions/00038d24_STG__GEFont__LoadSelf.c	
00038d28	STG::GEFont::~GEFont	undefined __thiscall ~GEFont(GEFont * this)	ok	functions/00038d28_STG__GEFont___GEFont.c	
00038e80	STG::GEFont::~GEFont	undefined __thiscall ~GEFont(GEFont * this)	ok	functions/00038e80_STG__GEFont___GEFont.c	
00038e9c	STG::GEFontChar::GEFontChar	undefined __thiscall GEFontChar(GEFontChar * this)	ok	functions/00038e9c_STG__GEFontChar__GEFontChar.c	
00038eec	STG::GEFont::GEFont	undefined __thiscall GEFont(GEFont * this)	ok	functions/00038eec_STG__GEFont__GEFont.c	
00038fb8	STG::GEFont::Allocate	undefined __thiscall Allocate(GEFont * this, ushort param_1, float param_2, ulong param_3, bool param_4)	ok	functions/00038fb8_STG__GEFont__Allocate.c	
0003903c	STG::GEFont::GetBitmapData	undefined __thiscall GetBitmapData(GEFont * this, uchar * * param_1, ulong * param_2)	ok	functions/0003903c_STG__GEFont__GetBitmapData.c	
00039050	STG::GEFont::SetCharData	undefined __thiscall SetCharData(GEFont * this, ushort param_1, ushort param_2, URectangle * param_3, long param_4, long param_5, long param_6, long param_7, float param_8)	ok	functions/00039050_STG__GEFont__SetCharData.c	
00039150	STG::GEFont::CopyBitmapData	undefined __thiscall CopyBitmapData(GEFont * this, ushort param_1, uchar * param_2, ulong param_3)	ok	functions/00039150_STG__GEFont__CopyBitmapData.c	
00039188	STG::GEFont::Finalize	undefined __thiscall Finalize(GEFont * this)	ok	functions/00039188_STG__GEFont__Finalize.c	
000391f8	STG::GEFont::GetCharacter	undefined __thiscall GetCharacter(GEFont * this, ushort param_1)	ok	functions/000391f8_STG__GEFont__GetCharacter.c	
00039218	STG::GEIndexBuffer::GEIndexBuffer	undefined __thiscall GEIndexBuffer(GEIndexBuffer * this)	ok	functions/00039218_STG__GEIndexBuffer__GEIndexBuffer.c	
00039248	STG::GEIndexBuffer::Allocate	undefined __thiscall Allocate(GEIndexBuffer * this, ulong param_1)	ok	functions/00039248_STG__GEIndexBuffer__Allocate.c	
00039294	STG::GEIndexBuffer::Deallocate	undefined __thiscall Deallocate(GEIndexBuffer * this)	ok	functions/00039294_STG__GEIndexBuffer__Deallocate.c	
000392f0	STG::GEIndexBuffer::~GEIndexBuffer	undefined __thiscall ~GEIndexBuffer(GEIndexBuffer * this)	ok	functions/000392f0_STG__GEIndexBuffer___GEIndexBuffer.c	
00039318	STG::GEIndexBuffer::~GEIndexBuffer	undefined __thiscall ~GEIndexBuffer(GEIndexBuffer * this)	ok	functions/00039318_STG__GEIndexBuffer___GEIndexBuffer.c	
00039334	STG::GEIndexBuffer::Clone	undefined __thiscall Clone(GEIndexBuffer * this, GEIndexBuffer * param_1)	ok	functions/00039334_STG__GEIndexBuffer__Clone.c	
00039418	STG::GEIndexBuffer::AllocateBufferObject	undefined __thiscall AllocateBufferObject(GEIndexBuffer * this)	ok	functions/00039418_STG__GEIndexBuffer__AllocateBufferObject.c	
00039450	STG::GEIndexBuffer::UpdateBufferObject	undefined __thiscall UpdateBufferObject(GEIndexBuffer * this)	ok	functions/00039450_STG__GEIndexBuffer__UpdateBufferObject.c	
00039460	STG::GETextureList::~GETextureList	undefined __thiscall ~GETextureList(GETextureList * this)	ok	functions/00039460_STG__GETextureList___GETextureList.c	
00039478	STG::GEMaterial::GetSubFileCount	undefined __stdcall GetSubFileCount(void)	ok	functions/00039478_STG__GEMaterial__GetSubFileCount.c	
00039480	STG::GEMaterial::GetChildResourceCount	undefined __stdcall GetChildResourceCount(void)	ok	functions/00039480_STG__GEMaterial__GetChildResourceCount.c	
00039488	STG::GEMaterial::GetChildResource	undefined __thiscall GetChildResource(GEMaterial * this, ulong param_1)	ok	functions/00039488_STG__GEMaterial__GetChildResource.c	
00039494	STG::UResourceList<STG::GETexture,STG::GETextureList,STG::GETextureList_CreateParams>::~UResourceList	undefined __thiscall ~UResourceList(UResourceList<STG::GETexture,STG::GETextureList,STG::GETextureList_CreateParams> * this)	ok	functions/00039494_STG__UResourceList_STG__GETexture_STG__GETextureList_STG__GETextureList_CreateParams____UResourceList.c	
000394ac	STG::USingleton<STG::GETextureList>::~USingleton	undefined __thiscall ~USingleton(USingleton<STG::GETextureList> * this)	ok	functions/000394ac_STG__USingleton_STG__GETextureList____USingleton.c	
000394c4	STG::USingleton<STG::GETextureList>::~USingleton	undefined __thiscall ~USingleton(USingleton<STG::GETextureList> * this)	ok	functions/000394c4_STG__USingleton_STG__GETextureList____USingleton.c	
000394ec	STG::UResourceList<STG::GETexture,STG::GETextureList,STG::GETextureList_CreateParams>::~UResourceList	undefined __thiscall ~UResourceList(UResourceList<STG::GETexture,STG::GETextureList,STG::GETextureList_CreateParams> * this)	ok	functions/000394ec_STG__UResourceList_STG__GETexture_STG__GETextureList_STG__GETextureList_CreateParams____UResourceList.c	
00039514	STG::GEMaterial::LoadSelf	undefined __thiscall LoadSelf(GEMaterial * this, FFileBase * param_1)	ok	functions/00039514_STG__GEMaterial__LoadSelf.c	
00039538	STG::GEMaterial::LoadSelf	undefined __thiscall LoadSelf(GEMaterial * this, FFileHash * param_1)	ok	functions/00039538_STG__GEMaterial__LoadSelf.c	
0003953c	STG::GEMaterial::LoadSubFile	undefined __thiscall LoadSubFile(GEMaterial * this, ulong param_1, FFileHash * param_2)	ok	functions/0003953c_STG__GEMaterial__LoadSubFile.c	
000397ec	STG::GETextureList::~GETextureList	undefined __thiscall ~GETextureList(GETextureList * this)	ok	functions/000397ec_STG__GETextureList___GETextureList.c	
00039814	STG::GEMaterial::GetIsEqual	undefined __stdcall GetIsEqual(GEMaterial * param_1)	ok	functions/00039814_STG__GEMaterial__GetIsEqual.c	
0003981c	STG::GEMaterial::GetIsSuitableForMultiPassTransparency	undefined __thiscall GetIsSuitableForMultiPassTransparency(GEMaterial * this)	ok	functions/0003981c_STG__GEMaterial__GetIsSuitableForMultiPassTransparency.c	
00039854	STG::GEMaterial::GetSubFile	undefined __thiscall GetSubFile(GEMaterial * this, ulong param_1, FFileHash * param_2)	ok	functions/00039854_STG__GEMaterial__GetSubFile.c	
0003994c	STG::GEMaterial::SetDefault	undefined __thiscall SetDefault(GEMaterial * this)	ok	functions/0003994c_STG__GEMaterial__SetDefault.c	
00039be0	STG::GEMaterial::GEMaterial	undefined __thiscall GEMaterial(GEMaterial * this)	ok	functions/00039be0_STG__GEMaterial__GEMaterial.c	
00039c8c	STG::GEMaterial::~GEMaterial	undefined __thiscall ~GEMaterial(GEMaterial * this)	ok	functions/00039c8c_STG__GEMaterial___GEMaterial.c	
00039dc0	STG::GEMaterial::~GEMaterial	undefined __thiscall ~GEMaterial(GEMaterial * this)	ok	functions/00039dc0_STG__GEMaterial___GEMaterial.c	
00039ddc	STG::GEMaterial::Clone	undefined __thiscall Clone(GEMaterial * this, GEMaterial * param_1)	ok	functions/00039ddc_STG__GEMaterial__Clone.c	
0003a068	STG::GEMaterial::ConvertToMultiPassTransparency	undefined __thiscall ConvertToMultiPassTransparency(GEMaterial * this, GEMaterial * param_1, GEMaterial * param_2)	ok	functions/0003a068_STG__GEMaterial__ConvertToMultiPassTransparency.c	
0003a0b8	STG::GEMaterial::SetTexture	undefined __thiscall SetTexture(GEMaterial * this, ulong param_1, GETexture * param_2, ESamplerState * param_3, ETextureStageState * param_4, EAnisotropyState * param_5, GEColor * param_6, MMatrix * param_7)	ok	functions/0003a0b8_STG__GEMaterial__SetTexture.c	
0003a320	STG::GEMaterial::SetTextureFile	undefined __thiscall SetTextureFile(GEMaterial * this, ulong param_1, FFileHash * param_2, ulong param_3, ulong param_4, bool param_5)	ok	functions/0003a320_STG__GEMaterial__SetTextureFile.c	
0003a4e4	STG::GEModel::LoadSubFile	undefined __stdcall LoadSubFile(ulong param_1, FFileHash * param_2)	ok	functions/0003a4e4_STG__GEModel__LoadSubFile.c	
0003a4ec	STG::GEModel::GetSubFileCount	undefined __stdcall GetSubFileCount(void)	ok	functions/0003a4ec_STG__GEModel__GetSubFileCount.c	
0003a4f4	STG::GEModel::GetSubFile	undefined __stdcall GetSubFile(ulong param_1, FFileHash * param_2)	ok	functions/0003a4f4_STG__GEModel__GetSubFile.c	
0003a4fc	STG::GEModel::GetChildResourceCount	undefined __thiscall GetChildResourceCount(GEModel * this)	ok	functions/0003a4fc_STG__GEModel__GetChildResourceCount.c	
0003a504	STG::GEModel::GetChildResource	undefined __thiscall GetChildResource(GEModel * this, ulong param_1)	ok	functions/0003a504_STG__GEModel__GetChildResource.c	
0003a510	STG::GEModel::LoadResources	undefined __thiscall LoadResources(GEModel * this)	ok	functions/0003a510_STG__GEModel__LoadResources.c	
0003a5cc	STG::GEModel::LoadSelf	undefined __thiscall LoadSelf(GEModel * this, FFileBase * param_1)	ok	functions/0003a5cc_STG__GEModel__LoadSelf.c	
0003a5f0	STG::GEModel::LoadSelf	undefined __thiscall LoadSelf(GEModel * this, FFileHash * param_1)	ok	functions/0003a5f0_STG__GEModel__LoadSelf.c	
0003a5f4	STG::GEModel::~GEModel	undefined __thiscall ~GEModel(GEModel * this)	ok	functions/0003a5f4_STG__GEModel___GEModel.c	
0003a828	STG::GEModel::~GEModel	undefined __thiscall ~GEModel(GEModel * this)	ok	functions/0003a828_STG__GEModel___GEModel.c	
0003a844	STG::GEModel::GEModel	undefined __thiscall GEModel(GEModel * this)	ok	functions/0003a844_STG__GEModel__GEModel.c	
0003a964	STG::GEModel::Initialize	undefined __thiscall Initialize(GEModel * this, ulong param_1, ulong param_2, ulong param_3)	ok	functions/0003a964_STG__GEModel__Initialize.c	
0003aa38	STG::GEModel::IsAllocated	undefined __thiscall IsAllocated(GEModel * this)	ok	functions/0003aa38_STG__GEModel__IsAllocated.c	
0003aae4	STG::GEModel::CalcRenderTransform	undefined __stdcall CalcRenderTransform(GECamera * param_1, MMatrix * param_2, MMatrix * param_3)	ok	functions/0003aae4_STG__GEModel__CalcRenderTransform.c	
0003aca4	STG::GEModel::CalcBoundingData	undefined __thiscall CalcBoundingData(GEModel * this, MMatrix * param_1, UArrayFixed * param_2)	ok	functions/0003aca4_STG__GEModel__CalcBoundingData.c	
0003b634	STG::GEModel::CalcBoundingData	undefined __thiscall CalcBoundingData(GEModel * this, MMatrix * param_1)	ok	functions/0003b634_STG__GEModel__CalcBoundingData.c	
0003b738	STG::GEModel::SetBoundingData	undefined __thiscall SetBoundingData(GEModel * this, MVector3 * param_1, MVector3 * param_2, MVector3 * param_3, float param_4)	ok	functions/0003b738_STG__GEModel__SetBoundingData.c	
0003b794	STG::GEModel::ConvertToMultiPassTransparency	undefined __thiscall ConvertToMultiPassTransparency(GEModel * this, UArrayFixed * param_1)	ok	functions/0003b794_STG__GEModel__ConvertToMultiPassTransparency.c	
0003bab0	STG::GEPixelData::SetFormat	undefined __thiscall SetFormat(GEPixelData * this, EFormat param_1)	ok	functions/0003bab0_STG__GEPixelData__SetFormat.c	
0003badc	STG::GEPixelData::SetDimensions	undefined __thiscall SetDimensions(GEPixelData * this, ulong param_1, ulong param_2)	ok	functions/0003badc_STG__GEPixelData__SetDimensions.c	
0003bae8	STG::GEPixelData::Allocate	undefined __thiscall Allocate(GEPixelData * this)	ok	functions/0003bae8_STG__GEPixelData__Allocate.c	
0003bb64	STG::GEPixelData::Deallocate	undefined __thiscall Deallocate(GEPixelData * this)	ok	functions/0003bb64_STG__GEPixelData__Deallocate.c	
0003bba0	STG::GERenderer::EndViewport	undefined __thiscall EndViewport(GERenderer * this)	ok	functions/0003bba0_STG__GERenderer__EndViewport.c	
0003bbac	STG::GERenderer::SaveImageData	undefined __thiscall SaveImageData(GERenderer * this, UStringBase * param_1, GEPixelData * param_2)	ok	functions/0003bbac_STG__GERenderer__SaveImageData.c	
0003bbec	STG::GERenderer::EndFrame	undefined __thiscall EndFrame(GERenderer * this)	ok	functions/0003bbec_STG__GERenderer__EndFrame.c	
0003bc14	STG::GERenderer::EndCamera	undefined __thiscall EndCamera(GERenderer * this)	ok	functions/0003bc14_STG__GERenderer__EndCamera.c	
0003bc38	STG::GERenderer::BeginCamera	undefined __thiscall BeginCamera(GERenderer * this, GECamera * param_1)	ok	functions/0003bc38_STG__GERenderer__BeginCamera.c	
0003be54	STG::GERenderer::BeginViewport	undefined __thiscall BeginViewport(GERenderer * this, GEViewport * param_1)	ok	functions/0003be54_STG__GERenderer__BeginViewport.c	
0003bef8	STG::GERenderer::~GERenderer	undefined __thiscall ~GERenderer(GERenderer * this)	ok	functions/0003bef8_STG__GERenderer___GERenderer.c	
0003bf20	STG::GERenderer::~GERenderer	undefined __thiscall ~GERenderer(GERenderer * this)	ok	functions/0003bf20_STG__GERenderer___GERenderer.c	
0003bf3c	STG::GERenderState<STG::GEColor>::SetState	undefined __thiscall SetState(GERenderState<STG::GEColor> * this, GEColor * param_1)	ok	functions/0003bf3c_STG__GERenderState_STG__GEColor___SetState.c	
0003bf44	STG::GERenderState<STG::MMatrix>::SetState	undefined __thiscall SetState(GERenderState<STG::MMatrix> * this, MMatrix * param_1)	ok	functions/0003bf44_STG__GERenderState_STG__MMatrix___SetState.c	
0003bf4c	STG::GERenderState<STG::MMatrix>::RestoreState	undefined __stdcall RestoreState(void)	ok	functions/0003bf4c_STG__GERenderState_STG__MMatrix___RestoreState.c	
0003bf54	STG::GERenderer::GERenderer	undefined __thiscall GERenderer(GERenderer * this)	ok	functions/0003bf54_STG__GERenderer__GERenderer.c	
0003c0e8	STG::GERenderer::AllocateFrameBufferTexture	undefined __stdcall AllocateFrameBufferTexture(void)	ok	functions/0003c0e8_STG__GERenderer__AllocateFrameBufferTexture.c	
0003c0f0	STG::GERenderer::DeallocateFrameBufferTexture	undefined __thiscall DeallocateFrameBufferTexture(GERenderer * this)	ok	functions/0003c0f0_STG__GERenderer__DeallocateFrameBufferTexture.c	
0003c154	STG::GERenderer::UpdateFrameBufferTexture	undefined __thiscall UpdateFrameBufferTexture(GERenderer * this)	ok	functions/0003c154_STG__GERenderer__UpdateFrameBufferTexture.c	
0003c1b8	STG::GERenderer::GetFrameBufferTexture	undefined __thiscall GetFrameBufferTexture(GERenderer * this)	ok	functions/0003c1b8_STG__GERenderer__GetFrameBufferTexture.c	
0003c1cc	STG::GERenderer::GetFrameBufferTexture	undefined __thiscall GetFrameBufferTexture(GERenderer * this)	ok	functions/0003c1cc_STG__GERenderer__GetFrameBufferTexture.c	
0003c1e0	STG::GERenderer::VertexBufferInstall	undefined __thiscall VertexBufferInstall(GERenderer * this, GEVertexBuffer * param_1)	ok	functions/0003c1e0_STG__GERenderer__VertexBufferInstall.c	
0003c248	STG::GERenderer::VertexBufferUninstall	undefined __thiscall VertexBufferUninstall(GERenderer * this, GEVertexBuffer * param_1)	ok	functions/0003c248_STG__GERenderer__VertexBufferUninstall.c	
0003c284	STG::GERenderer::DrawElements	undefined __thiscall DrawElements(GERenderer * this, GEIndexBuffer * param_1, ulong param_2)	ok	functions/0003c284_STG__GERenderer__DrawElements.c	
0003c2b0	STG::GERenderer::DrawElements	undefined __thiscall DrawElements(GERenderer * this, GEIndexBuffer * param_1)	ok	functions/0003c2b0_STG__GERenderer__DrawElements.c	
0003c2b8	STG::GERenderer::Draw	undefined __thiscall Draw(GERenderer * this, GEVertexBuffer * param_1, GEIndexBuffer * param_2)	ok	functions/0003c2b8_STG__GERenderer__Draw.c	
0003c2e8	STG::GERenderer::Draw	undefined __thiscall Draw(GERenderer * this, UStringBase * param_1, GEFont * param_2, MVector2 * param_3, GEColor * param_4)	ok	functions/0003c2e8_STG__GERenderer__Draw.c	
0003c5d4	STG::GERenderer::AllocateResources	undefined __stdcall AllocateResources(void)	ok	functions/0003c5d4_STG__GERenderer__AllocateResources.c	
0003ca68	STG::GERenderer::DeallocateResources	undefined __thiscall DeallocateResources(GERenderer * this)	ok	functions/0003ca68_STG__GERenderer__DeallocateResources.c	
0003cc20	STG::GERenderer::Uninitialize	undefined __thiscall Uninitialize(GERenderer * this)	ok	functions/0003cc20_STG__GERenderer__Uninitialize.c	
0003cc48	STG::GERenderer::SetFocus	undefined __thiscall SetFocus(GERenderer * this)	ok	functions/0003cc48_STG__GERenderer__SetFocus.c	
0003cc5c	STG::GERenderer::SetScreenDims	undefined __thiscall SetScreenDims(GERenderer * this, ulong param_1, ulong param_2)	ok	functions/0003cc5c_STG__GERenderer__SetScreenDims.c	
0003cca8	STG::GERenderer::GetFogEnabled	undefined __stdcall GetFogEnabled(void)	ok	functions/0003cca8_STG__GERenderer__GetFogEnabled.c	
0003ccb0	STG::GERenderer::SetFogEnabled	undefined __stdcall SetFogEnabled(bool param_1)	ok	functions/0003ccb0_STG__GERenderer__SetFogEnabled.c	
0003ccb8	STG::GERenderer::SetFogState	undefined __stdcall SetFogState(GEColor * param_1, float param_2, float param_3)	ok	functions/0003ccb8_STG__GERenderer__SetFogState.c	
0003ccbc	STG::GERenderer::ApplyFog	undefined __stdcall ApplyFog(EBlendState * param_1)	ok	functions/0003ccbc_STG__GERenderer__ApplyFog.c	
0003ccc0	STG::GERenderer::SetMaterial	undefined __thiscall SetMaterial(GERenderer * this, GEMaterial * param_1, GEColor * param_2)	ok	functions/0003ccc0_STG__GERenderer__SetMaterial.c	
0003cdbc	STG::GERenderer::Draw	undefined __thiscall Draw(GERenderer * this, GEModel * param_1, MMatrix * param_2)	ok	functions/0003cdbc_STG__GERenderer__Draw.c	
0003cf44	STG::GERenderer::Draw	undefined __thiscall Draw(GERenderer * this, GEModel * param_1)	ok	functions/0003cf44_STG__GERenderer__Draw.c	
0003cf74	STG::GERenderer::Draw	undefined __stdcall Draw(MVector2 * param_1, GEMaterial * param_2)	ok	functions/0003cf74_STG__GERenderer__Draw.c	
0003d0c0	STG::GERenderer::DrawVignette	undefined __thiscall DrawVignette(GERenderer * this)	ok	functions/0003d0c0_STG__GERenderer__DrawVignette.c	
0003d174	STG::GERenderer::Draw	undefined __thiscall Draw(GERenderer * this, GEScene * param_1)	ok	functions/0003d174_STG__GERenderer__Draw.c	
0003d1f4	STG::GERenderer::Draw	undefined __stdcall Draw(URectangle * param_1, GEMaterial * param_2, GEColor * param_3, bool param_4)	ok	functions/0003d1f4_STG__GERenderer__Draw.c	
0003d35c	STG::GERenderer::Draw	undefined __stdcall Draw(URectangle * param_1, GEMaterial * param_2, GEColor * param_3, bool param_4)	ok	functions/0003d35c_STG__GERenderer__Draw.c	
0003d3d4	STG::GERenderer::GetMultiSampleEnabled	undefined __thiscall GetMultiSampleEnabled(GERenderer * this)	ok	functions/0003d3d4_STG__GERenderer__GetMultiSampleEnabled.c	
0003d3dc	STG::GERenderer::SetMultiSampleEnabled	undefined __thiscall SetMultiSampleEnabled(GERenderer * this, bool param_1)	ok	functions/0003d3dc_STG__GERenderer__SetMultiSampleEnabled.c	
0003d3e8	STG::GERenderer::Initialize	undefined __thiscall Initialize(GERenderer * this)	ok	functions/0003d3e8_STG__GERenderer__Initialize.c	
0003d524	STG::GERenderer::GetFPS	undefined __stdcall GetFPS(void)	ok	functions/0003d524_STG__GERenderer__GetFPS.c	
0003d568	STG::GERenderer::GetCamera	undefined __thiscall GetCamera(GERenderer * this)	ok	functions/0003d568_STG__GERenderer__GetCamera.c	
0003d570	STG::GERenderer::CaptureScreenShot	undefined __thiscall CaptureScreenShot(GERenderer * this, URectangle * param_1, GEPixelData * param_2)	ok	functions/0003d570_STG__GERenderer__CaptureScreenShot.c	
0003d57c	STG::GERenderer::CaptureScreenShot	undefined __thiscall CaptureScreenShot(GERenderer * this, GEPixelData * param_1)	ok	functions/0003d57c_STG__GERenderer__CaptureScreenShot.c	
0003d588	STG::GERenderer::CaptureScreenShot	undefined __thiscall CaptureScreenShot(GERenderer * this, URectangle * param_1, UStringBase * param_2)	ok	functions/0003d588_STG__GERenderer__CaptureScreenShot.c	
0003d648	STG::GERenderer::CaptureScreenShot	undefined __thiscall CaptureScreenShot(GERenderer * this, UStringBase * param_1)	ok	functions/0003d648_STG__GERenderer__CaptureScreenShot.c	
0003d654	STG::GERenderer::Internal_Clear	undefined __thiscall Internal_Clear(GERenderer * this, GEColor * param_1, ulong param_2)	ok	functions/0003d654_STG__GERenderer__Internal_Clear.c	
0003d660	STG::GERenderer::Internal_SetColorMask	undefined __thiscall Internal_SetColorMask(GERenderer * this, EColorMask param_1)	ok	functions/0003d660_STG__GERenderer__Internal_SetColorMask.c	
0003d668	STG::GERenderer::BeginFrame	undefined __thiscall BeginFrame(GERenderer * this, GEColor * param_1)	ok	functions/0003d668_STG__GERenderer__BeginFrame.c	
0003d798	STG::GERenderer::Internal_SetLogicOp	undefined __thiscall Internal_SetLogicOp(GERenderer * this, ELogicOp param_1)	ok	functions/0003d798_STG__GERenderer__Internal_SetLogicOp.c	
0003d7a0	_INIT_0	undefined _INIT_0(void)	ok	functions/0003d7a0__INIT_0.c	
0003d818	STG::GERendererAPI::GL_RegisterExtensions	undefined __stdcall GL_RegisterExtensions(void)	ok	functions/0003d818_STG__GERendererAPI__GL_RegisterExtensions.c	
0003d81c	STG::GERendererAPI::GL_GetAddressMode	undefined __stdcall GL_GetAddressMode(ESamplerState * param_1)	ok	functions/0003d81c_STG__GERendererAPI__GL_GetAddressMode.c	
0003d834	STG::GERendererAPI::GL_GetFilterMode	undefined __stdcall GL_GetFilterMode(ESamplerState * param_1)	ok	functions/0003d834_STG__GERendererAPI__GL_GetFilterMode.c	
0003d850	STG::GERendererAPI::GL_GetSamplerState	undefined __stdcall GL_GetSamplerState(ETextureFilter * param_1, ETextureAddress * param_2)	ok	functions/0003d850_STG__GERendererAPI__GL_GetSamplerState.c	
0003d8c8	STG::GERendererAPI::GL_SetBlendState	undefined __stdcall GL_SetBlendState(EBlendState param_1)	ok	functions/0003d8c8_STG__GERendererAPI__GL_SetBlendState.c	
0003d94c	STG::GERendererAPI::GL_SetCullState	undefined __stdcall GL_SetCullState(ECullState param_1)	ok	functions/0003d94c_STG__GERendererAPI__GL_SetCullState.c	
0003d9a0	STG::GERendererAPI::GL_SetDepthState	undefined __stdcall GL_SetDepthState(EDepthState param_1)	ok	functions/0003d9a0_STG__GERendererAPI__GL_SetDepthState.c	
0003d9ec	STG::GERendererAPI::GL_SetColor	undefined __stdcall GL_SetColor(GEColor * param_1)	ok	functions/0003d9ec_STG__GERendererAPI__GL_SetColor.c	
0003da04	STG::GERendererAPI::GL_SetColorMask	undefined __stdcall GL_SetColorMask(EColorMask param_1)	ok	functions/0003da04_STG__GERendererAPI__GL_SetColorMask.c	
0003da2c	STG::GERendererAPI::GL_SetLogicOp	undefined __stdcall GL_SetLogicOp(ELogicOp param_1)	ok	functions/0003da2c_STG__GERendererAPI__GL_SetLogicOp.c	
0003da70	STG::GERendererAPI::GL_SetMultiSample	undefined __stdcall GL_SetMultiSample(EMultiSampleState param_1)	ok	functions/0003da70_STG__GERendererAPI__GL_SetMultiSample.c	
0003da9c	STG::GERendererAPI::GL_VertexDataDisable	undefined __stdcall GL_VertexDataDisable(EUsage param_1)	ok	functions/0003da9c_STG__GERendererAPI__GL_VertexDataDisable.c	
0003dae0	STG::GERendererAPI::GL_VertexDataEnable	undefined __stdcall GL_VertexDataEnable(EUsage param_1, EType param_2, ulong param_3, ulong param_4, void * param_5)	ok	functions/0003dae0_STG__GERendererAPI__GL_VertexDataEnable.c	
0003db60	STG::GERendererAPI::GL_DrawElements	undefined __stdcall GL_DrawElements(ulong param_1, ushort * param_2)	ok	functions/0003db60_STG__GERendererAPI__GL_DrawElements.c	
0003db7c	STG::GERendererAPI::GL_Clear	undefined __stdcall GL_Clear(GEColor * param_1, ulong param_2)	ok	functions/0003db7c_STG__GERendererAPI__GL_Clear.c	
0003dbe0	STG::GERendererAPI::GL_Finish	undefined __stdcall GL_Finish(void)	ok	functions/0003dbe0_STG__GERendererAPI__GL_Finish.c	
0003dbe4	STG::GERendererAPI::GL_Flush	undefined __stdcall GL_Flush(void)	ok	functions/0003dbe4_STG__GERendererAPI__GL_Flush.c	
0003dbe8	STG::GERendererAPI::GL_LoadMatrixMode	undefined __stdcall GL_LoadMatrixMode(uint param_1, MMatrix * param_2)	ok	functions/0003dbe8_STG__GERendererAPI__GL_LoadMatrixMode.c	
0003dc00	STG::GERendererAPI::GL_ResetMatrixMode	undefined __stdcall GL_ResetMatrixMode(uint param_1)	ok	functions/0003dc00_STG__GERendererAPI__GL_ResetMatrixMode.c	
0003dc10	STG::GERendererAPI::GL_SetAmbientLight	undefined __stdcall GL_SetAmbientLight(GEColor * param_1)	ok	functions/0003dc10_STG__GERendererAPI__GL_SetAmbientLight.c	
0003dc14	STG::GERendererAPI::GL_SetMaterialColor	undefined __stdcall GL_SetMaterialColor(GEColor * param_1)	ok	functions/0003dc14_STG__GERendererAPI__GL_SetMaterialColor.c	
0003dc40	STG::GERendererAPI::GL_GenTexture	undefined __stdcall GL_GenTexture(ulong * param_1)	ok	functions/0003dc40_STG__GERendererAPI__GL_GenTexture.c	
0003dc4c	STG::GERendererAPI::GL_DeleteTexture	undefined __stdcall GL_DeleteTexture(ulong * param_1)	ok	functions/0003dc4c_STG__GERendererAPI__GL_DeleteTexture.c	
0003dc6c	STG::GERendererAPI::GL_BindTexture	undefined __stdcall GL_BindTexture(ulong param_1)	ok	functions/0003dc6c_STG__GERendererAPI__GL_BindTexture.c	
0003dc7c	STG::GERendererAPI::GL_UnbindTexture	undefined __stdcall GL_UnbindTexture(void)	ok	functions/0003dc7c_STG__GERendererAPI__GL_UnbindTexture.c	
0003dc8c	STG::GERendererAPI::GL_SetTexture	undefined __stdcall GL_SetTexture(ulong param_1, ESamplerState param_2, ETextureStageState param_3, EAnisotropyState param_4, GETexture * param_5, GEColor * param_6, MMatrix * param_7)	ok	functions/0003dc8c_STG__GERendererAPI__GL_SetTexture.c	
0003df78	STG::GERendererAPI::GL_SetFogState	undefined __stdcall GL_SetFogState(bool param_1, GEColor * param_2, float param_3, float param_4)	ok	functions/0003df78_STG__GERendererAPI__GL_SetFogState.c	
0003dfe8	STG::GERendererAPI::GL_CopyTexImage2D	undefined __stdcall GL_CopyTexImage2D(ulong param_1, ulong param_2)	ok	functions/0003dfe8_STG__GERendererAPI__GL_CopyTexImage2D.c	
0003e028	STG::GERendererAPI::GL_GenBuffer	undefined __stdcall GL_GenBuffer(ulong * param_1)	ok	functions/0003e028_STG__GERendererAPI__GL_GenBuffer.c	
0003e034	STG::GERendererAPI::GL_DeleteBuffer	undefined __stdcall GL_DeleteBuffer(ulong * param_1)	ok	functions/0003e034_STG__GERendererAPI__GL_DeleteBuffer.c	
0003e054	STG::GERendererAPI::GL_BindBuffer	undefined __stdcall GL_BindBuffer(EType param_1, ulong param_2)	ok	functions/0003e054_STG__GERendererAPI__GL_BindBuffer.c	
0003e06c	STG::GERendererAPI::GL_UnbindBuffer	undefined __stdcall GL_UnbindBuffer(EType param_1)	ok	functions/0003e06c_STG__GERendererAPI__GL_UnbindBuffer.c	
0003e088	STG::GERendererAPI::GL_BufferData	undefined __stdcall GL_BufferData(EType param_1, EUsage param_2, ulong param_3)	ok	functions/0003e088_STG__GERendererAPI__GL_BufferData.c	
0003e0b0	STG::GERendererAPI::GL_BufferSubData	undefined __stdcall GL_BufferSubData(EType param_1, uchar * param_2, ulong param_3)	ok	functions/0003e0b0_STG__GERendererAPI__GL_BufferSubData.c	
0003e0d0	STG::GERendererAPI::GL_GetError	undefined __stdcall GL_GetError(uint * param_1)	ok	functions/0003e0d0_STG__GERendererAPI__GL_GetError.c	
0003e0ec	STG::GERendererAPI::GL_GetError	undefined __stdcall GL_GetError(void)	ok	functions/0003e0ec_STG__GERendererAPI__GL_GetError.c	
0003e104	STG::GERendererAPI::GL_Validate	undefined __stdcall GL_Validate(char * param_1)	ok	functions/0003e104_STG__GERendererAPI__GL_Validate.c	
0003e10c	STG::GERendererAPI::GL_DepthRange	undefined __stdcall GL_DepthRange(float param_1, float param_2)	ok	functions/0003e10c_STG__GERendererAPI__GL_DepthRange.c	
0003e110	STG::GERendererAPI::GL_Viewport	undefined __stdcall GL_Viewport(URectangle * param_1)	ok	functions/0003e110_STG__GERendererAPI__GL_Viewport.c	
0003e144	STG::GERendererAPI::GL_GetTextureBitPerPixel	undefined __stdcall GL_GetTextureBitPerPixel(EFormat param_1)	ok	functions/0003e144_STG__GERendererAPI__GL_GetTextureBitPerPixel.c	
0003e15c	STG::GERendererAPI::GL_GetTextureNumChannels	undefined __stdcall GL_GetTextureNumChannels(EFormat param_1)	ok	functions/0003e15c_STG__GERendererAPI__GL_GetTextureNumChannels.c	
0003e174	STG::GERendererAPI::GL_GetTextureEnum	undefined __stdcall GL_GetTextureEnum(EFormat param_1)	ok	functions/0003e174_STG__GERendererAPI__GL_GetTextureEnum.c	
0003e18c	STG::GERendererAPI::GL_GetTextureIsCompressed	undefined __stdcall GL_GetTextureIsCompressed(EFormat param_1)	ok	functions/0003e18c_STG__GERendererAPI__GL_GetTextureIsCompressed.c	
0003e1a4	STG::GERendererAPI::GL_GetTextureDataType	undefined __stdcall GL_GetTextureDataType(EFormat param_1)	ok	functions/0003e1a4_STG__GERendererAPI__GL_GetTextureDataType.c	
0003e1bc	STG::GERendererAPI::GL_ReadPixels	undefined __stdcall GL_ReadPixels(URectangle * param_1, GEPixelData * param_2)	ok	functions/0003e1bc_STG__GERendererAPI__GL_ReadPixels.c	
0003e26c	STG::GERendererAPI::GL_GetTextureDataSize	undefined __stdcall GL_GetTextureDataSize(ulong param_1, ulong param_2, EFormat param_3)	ok	functions/0003e26c_STG__GERendererAPI__GL_GetTextureDataSize.c	
0003e2e8	STG::GERendererAPI::GL_LoadTexImage2D	undefined __stdcall GL_LoadTexImage2D(EFormat param_1, EFormat param_2, ulong param_3, ulong param_4, ulong param_5, uchar * param_6)	ok	functions/0003e2e8_STG__GERendererAPI__GL_LoadTexImage2D.c	
0003e484	STG::GERendererAPI::GL_GetIsExtensionSupported	undefined __stdcall GL_GetIsExtensionSupported(char * param_1)	ok	functions/0003e484_STG__GERendererAPI__GL_GetIsExtensionSupported.c	
0003e9b0	STG::GERendererAPI::GL_QueryAnisotropySupport	undefined __stdcall GL_QueryAnisotropySupport(void)	ok	functions/0003e9b0_STG__GERendererAPI__GL_QueryAnisotropySupport.c	
0003ea54	STG::GERendererAPI::GL_QueryCapabilities	undefined __stdcall GL_QueryCapabilities(Capabilities * param_1)	ok	functions/0003ea54_STG__GERendererAPI__GL_QueryCapabilities.c	
0003ea70	STG::GERendererAPI::GL_GetTextureIsSupported	undefined __stdcall GL_GetTextureIsSupported(EFormat param_1)	ok	functions/0003ea70_STG__GERendererAPI__GL_GetTextureIsSupported.c	
0003eaec	STG::GEScene::LoadSubFile	undefined __stdcall LoadSubFile(ulong param_1, FFileHash * param_2)	ok	functions/0003eaec_STG__GEScene__LoadSubFile.c	
0003eaf4	STG::GEScene::GetSubFileCount	undefined __stdcall GetSubFileCount(void)	ok	functions/0003eaf4_STG__GEScene__GetSubFileCount.c	
0003eafc	STG::GEScene::GetSubFile	undefined __stdcall GetSubFile(ulong param_1, FFileHash * param_2)	ok	functions/0003eafc_STG__GEScene__GetSubFile.c	
0003eb04	STG::GEScene::GetChildResourceCount	undefined __thiscall GetChildResourceCount(GEScene * this)	ok	functions/0003eb04_STG__GEScene__GetChildResourceCount.c	
0003eb0c	STG::GEScene::GetChildResource	undefined __thiscall GetChildResource(GEScene * this, ulong param_1)	ok	functions/0003eb0c_STG__GEScene__GetChildResource.c	
0003eb20	STG::GEScene::LoadSelf	undefined __thiscall LoadSelf(GEScene * this, FFileHash * param_1)	ok	functions/0003eb20_STG__GEScene__LoadSelf.c	
0003eb24	STG::GEScene::LoadSelf	undefined __thiscall LoadSelf(GEScene * this, FFileBase * param_1)	ok	functions/0003eb24_STG__GEScene__LoadSelf.c	
0003ed0c	STG::GEScene::~GEScene	undefined __thiscall ~GEScene(GEScene * this)	ok	functions/0003ed0c_STG__GEScene___GEScene.c	
0003fd2c	STG::GEScene::~GEScene	undefined __thiscall ~GEScene(GEScene * this)	ok	functions/0003fd2c_STG__GEScene___GEScene.c	
0003fd48	STG::GEScene::Initialize	undefined __thiscall Initialize(GEScene * this, ulong param_1, ulong param_2)	ok	functions/0003fd48_STG__GEScene__Initialize.c	
00040128	STG::GEScene::InitializeCameraSets	undefined __thiscall InitializeCameraSets(GEScene * this, ulong param_1)	ok	functions/00040128_STG__GEScene__InitializeCameraSets.c	
00040190	STG::GEScene::InitializeAnimations	undefined __thiscall InitializeAnimations(GEScene * this, UTimeValue * param_1, ulong param_2, ulong param_3, ulong param_4, ulong param_5, ulong param_6, ulong param_7, ulong param_8, ulong param_9)	ok	functions/00040190_STG__GEScene__InitializeAnimations.c	
00041ed8	STG::GEScene::InitializeLogicObjects	undefined __thiscall InitializeLogicObjects(GEScene * this, ulong param_1)	ok	functions/00041ed8_STG__GEScene__InitializeLogicObjects.c	
00041fe0	STG::GEScene::SetLogicObject	undefined __thiscall SetLogicObject(GEScene * this, ulong param_1, EType param_2)	ok	functions/00041fe0_STG__GEScene__SetLogicObject.c	
00042000	STG::GEScene::InitializeIntersectables	undefined __thiscall InitializeIntersectables(GEScene * this, ulong param_1)	ok	functions/00042000_STG__GEScene__InitializeIntersectables.c	
0004215c	STG::GEScene::SetIntersectRemap	undefined __thiscall SetIntersectRemap(GEScene * this, ulong param_1, ulong param_2)	ok	functions/0004215c_STG__GEScene__SetIntersectRemap.c	
00042168	STG::GEScene::InitializeVertexAnimation	undefined __thiscall InitializeVertexAnimation(GEScene * this, ulong param_1)	ok	functions/00042168_STG__GEScene__InitializeVertexAnimation.c	
00042324	STG::GEScene::SetVertexAnimationRemap	undefined __thiscall SetVertexAnimationRemap(GEScene * this, ulong param_1, ulong param_2)	ok	functions/00042324_STG__GEScene__SetVertexAnimationRemap.c	
00042330	STG::GEScene::InitializeSkeleton	undefined __thiscall InitializeSkeleton(GEScene * this, ulong param_1)	ok	functions/00042330_STG__GEScene__InitializeSkeleton.c	
000424ec	STG::GEScene::SetSkeletonRemap	undefined __thiscall SetSkeletonRemap(GEScene * this, ulong param_1, ulong param_2)	ok	functions/000424ec_STG__GEScene__SetSkeletonRemap.c	
000424f8	STG::GEScene::InitializeInherit_Visibility	undefined __thiscall InitializeInherit_Visibility(GEScene * this, ulong param_1)	ok	functions/000424f8_STG__GEScene__InitializeInherit_Visibility.c	
0004264c	STG::GEScene::SetInherit_Visibility	undefined __thiscall SetInherit_Visibility(GEScene * this, ulong param_1, ulong param_2, ulong param_3)	ok	functions/0004264c_STG__GEScene__SetInherit_Visibility.c	
00042660	STG::GEScene::InitializeInherit_Intersection	undefined __thiscall InitializeInherit_Intersection(GEScene * this, ulong param_1)	ok	functions/00042660_STG__GEScene__InitializeInherit_Intersection.c	
000427b4	STG::GEScene::SetInherit_Intersection	undefined __thiscall SetInherit_Intersection(GEScene * this, ulong param_1, ulong param_2, ulong param_3)	ok	functions/000427b4_STG__GEScene__SetInherit_Intersection.c	
000427c8	STG::GEScene::InitializeModelVisMask_TimeOfDay	undefined __thiscall InitializeModelVisMask_TimeOfDay(GEScene * this, ulong param_1)	ok	functions/000427c8_STG__GEScene__InitializeModelVisMask_TimeOfDay.c	
0004291c	STG::GEScene::SetModelVisMask_TimeOfDay	undefined __thiscall SetModelVisMask_TimeOfDay(GEScene * this, ulong param_1, ulong param_2, ulong param_3)	ok	functions/0004291c_STG__GEScene__SetModelVisMask_TimeOfDay.c	
00042930	STG::GEScene::InitializeModelVisMask_WeekDay	undefined __thiscall InitializeModelVisMask_WeekDay(GEScene * this, ulong param_1)	ok	functions/00042930_STG__GEScene__InitializeModelVisMask_WeekDay.c	
00042a84	STG::GEScene::SetModelVisMask_WeekDay	undefined __thiscall SetModelVisMask_WeekDay(GEScene * this, ulong param_1, ulong param_2, uchar param_3)	ok	functions/00042a84_STG__GEScene__SetModelVisMask_WeekDay.c	
00042a98	STG::GEScene::InitializeModelVisMask_Date	undefined __thiscall InitializeModelVisMask_Date(GEScene * this, ulong param_1)	ok	functions/00042a98_STG__GEScene__InitializeModelVisMask_Date.c	
00042bf8	STG::GEScene::SetModelVisMask_Date	undefined __thiscall SetModelVisMask_Date(GEScene * this, ulong param_1, ulong param_2, ulong param_3, ulong param_4)	ok	functions/00042bf8_STG__GEScene__SetModelVisMask_Date.c	
00042c20	STG::GEScene::InitializeModelVisMask_Environment	undefined __thiscall InitializeModelVisMask_Environment(GEScene * this, ulong param_1)	ok	functions/00042c20_STG__GEScene__InitializeModelVisMask_Environment.c	
00042d4c	STG::GEScene::SetModelVisMask_Environment	undefined __thiscall SetModelVisMask_Environment(GEScene * this, ulong param_1, ulong param_2, ulong param_3)	ok	functions/00042d4c_STG__GEScene__SetModelVisMask_Environment.c	
00042d60	STG::GEScene::ToolsOnly_SetNumRootXfms	undefined __thiscall ToolsOnly_SetNumRootXfms(GEScene * this, ulong param_1)	ok	functions/00042d60_STG__GEScene__ToolsOnly_SetNumRootXfms.c	
00042d68	STG::GEScene::ToolsOnly_SetUpdateOrder	undefined __thiscall ToolsOnly_SetUpdateOrder(GEScene * this, ulong param_1, ulong param_2, ulong param_3)	ok	functions/00042d68_STG__GEScene__ToolsOnly_SetUpdateOrder.c	
00042da4	STG::GEScene::GetEnvironmentIndex	undefined __thiscall GetEnvironmentIndex(GEScene * this)	ok	functions/00042da4_STG__GEScene__GetEnvironmentIndex.c	
00042dac	STG::GEScene::SetEnvironmentIndex	undefined __thiscall SetEnvironmentIndex(GEScene * this, ulong param_1)	ok	functions/00042dac_STG__GEScene__SetEnvironmentIndex.c	
00042db4	STG::GEScene::GetTimeOfDay	undefined __thiscall GetTimeOfDay(GEScene * this)	ok	functions/00042db4_STG__GEScene__GetTimeOfDay.c	
00042dc0	STG::GEScene::GetEnvironmentSettings	undefined __thiscall GetEnvironmentSettings(GEScene * this)	ok	functions/00042dc0_STG__GEScene__GetEnvironmentSettings.c	
00042df0	STG::GEScene::GetValidAnimCount_Model_Pos	undefined __thiscall GetValidAnimCount_Model_Pos(GEScene * this)	ok	functions/00042df0_STG__GEScene__GetValidAnimCount_Model_Pos.c	
00042e5c	STG::GEScene::GetValidAnimCount_Model_Rot	undefined __thiscall GetValidAnimCount_Model_Rot(GEScene * this)	ok	functions/00042e5c_STG__GEScene__GetValidAnimCount_Model_Rot.c	
00042ec8	STG::GEScene::GetValidAnimCount_Camera_Pos	undefined __thiscall GetValidAnimCount_Camera_Pos(GEScene * this)	ok	functions/00042ec8_STG__GEScene__GetValidAnimCount_Camera_Pos.c	
00042f34	STG::GEScene::GetValidAnimCount_CameraTarget_Pos	undefined __thiscall GetValidAnimCount_CameraTarget_Pos(GEScene * this)	ok	functions/00042f34_STG__GEScene__GetValidAnimCount_CameraTarget_Pos.c	
00042fa0	STG::GEScene::GetValidAnimCount_Texture	undefined __thiscall GetValidAnimCount_Texture(GEScene * this)	ok	functions/00042fa0_STG__GEScene__GetValidAnimCount_Texture.c	
00043018	STG::GEScene::GetValidAnimCount_Interact	undefined __thiscall GetValidAnimCount_Interact(GEScene * this)	ok	functions/00043018_STG__GEScene__GetValidAnimCount_Interact.c	
00043090	STG::GEScene::GetValidAnimCount_Visibility	undefined __thiscall GetValidAnimCount_Visibility(GEScene * this)	ok	functions/00043090_STG__GEScene__GetValidAnimCount_Visibility.c	
000430dc	STG::GEScene::GetValidAnimCount_LocalTimeOffset	undefined __thiscall GetValidAnimCount_LocalTimeOffset(GEScene * this)	ok	functions/000430dc_STG__GEScene__GetValidAnimCount_LocalTimeOffset.c	
00043128	STG::GEScene::FindMetaData	undefined __thiscall FindMetaData(GEScene * this, UStringBase * param_1, ulong * param_2)	ok	functions/00043128_STG__GEScene__FindMetaData.c	
00043488	STG::GEScene::SetLocation	undefined __thiscall SetLocation(GEScene * this, MLocation * param_1)	ok	functions/00043488_STG__GEScene__SetLocation.c	
00043494	STG::GEScene::GEScene	undefined __thiscall GEScene(GEScene * this, MLocation * param_1)	ok	functions/00043494_STG__GEScene__GEScene.c	
000438bc	STG::GEScene::IsAllocated	undefined __thiscall IsAllocated(GEScene * this)	ok	functions/000438bc_STG__GEScene__IsAllocated.c	
0004391c	STG::GEScene::ApplyPreferences	undefined __thiscall ApplyPreferences(GEScene * this)	ok	functions/0004391c_STG__GEScene__ApplyPreferences.c	
00043b84	STG::GEScene::GetClearColor	undefined __stdcall GetClearColor(void)	ok	functions/00043b84_STG__GEScene__GetClearColor.c	
00043bc0	STG::GEScene::ApplyQualityLevel	undefined __thiscall ApplyQualityLevel(GEScene * this, EQualityLevel * param_1, Capabilities * param_2)	ok	functions/00043bc0_STG__GEScene__ApplyQualityLevel.c	
00043d7c	STG::GEScene::ApplyTint	undefined __thiscall ApplyTint(GEScene * this, GEColor * param_1)	ok	functions/00043d7c_STG__GEScene__ApplyTint.c	
000441ec	STG::GEScene::LoadAllResources	undefined __thiscall LoadAllResources(GEScene * this)	ok	functions/000441ec_STG__GEScene__LoadAllResources.c	
000445e0	STG::GEScene::Internal_UpdateTimeOfDay	undefined __thiscall Internal_UpdateTimeOfDay(GEScene * this)	ok	functions/000445e0_STG__GEScene__Internal_UpdateTimeOfDay.c	
000446a4	STG::GEScene::Internal_UpdateAnimationTime	undefined __thiscall Internal_UpdateAnimationTime(GEScene * this)	ok	functions/000446a4_STG__GEScene__Internal_UpdateAnimationTime.c	
00044b38	STG::GEScene::ComputeShownModelsList	undefined __thiscall ComputeShownModelsList(GEScene * this, UArrayFixed * param_1)	ok	functions/00044b38_STG__GEScene__ComputeShownModelsList.c	
00044d40	STG::GEScene::Internal_UpdateShownModels	undefined __thiscall Internal_UpdateShownModels(GEScene * this)	ok	functions/00044d40_STG__GEScene__Internal_UpdateShownModels.c	
00044da8	STG::GEScene::Internal_UpdateIntersectables	undefined __thiscall Internal_UpdateIntersectables(GEScene * this)	ok	functions/00044da8_STG__GEScene__Internal_UpdateIntersectables.c	
00044fbc	STG::GEScene::Internal_UpdateLocalTimeOffsets	undefined __thiscall Internal_UpdateLocalTimeOffsets(GEScene * this)	ok	functions/00044fbc_STG__GEScene__Internal_UpdateLocalTimeOffsets.c	
000450b4	STG::GEScene::Internal_UpdateVertexAnims_Visible	undefined __thiscall Internal_UpdateVertexAnims_Visible(GEScene * this)	ok	functions/000450b4_STG__GEScene__Internal_UpdateVertexAnims_Visible.c	
000451d4	STG::GEScene::Internal_UpdateSkeletons_Visible	undefined __thiscall Internal_UpdateSkeletons_Visible(GEScene * this)	ok	functions/000451d4_STG__GEScene__Internal_UpdateSkeletons_Visible.c	
000452b8	STG::GEScene::Internal_RunLogic	undefined __thiscall Internal_RunLogic(GEScene * this, EStage param_1)	ok	functions/000452b8_STG__GEScene__Internal_RunLogic.c	
00045330	STG::GEScene::UpdateRendering	undefined __thiscall UpdateRendering(GEScene * this, UTimeValue * param_1, MVector2 * param_2, GEViewport * param_3)	ok	functions/00045330_STG__GEScene__UpdateRendering.c	
00045574	STG::GEScene::UpdateSimulation	undefined __thiscall UpdateSimulation(GEScene * this, UTimeValue * param_1, UTimeValue * param_2, double * param_3)	ok	functions/00045574_STG__GEScene__UpdateSimulation.c	
00045ee8	STG::GESkeleton::BoneAnim::BoneAnim	undefined __thiscall BoneAnim(BoneAnim * this)	ok	functions/00045ee8_STG__GESkeleton__BoneAnim__BoneAnim.c	
00045f0c	STG::GESkeleton::BoneAnim::~BoneAnim	undefined __thiscall ~BoneAnim(BoneAnim * this)	ok	functions/00045f0c_STG__GESkeleton__BoneAnim___BoneAnim.c	
00046114	STG::GESkeleton::BoneAnim::Initialize	undefined __thiscall Initialize(BoneAnim * this, ulong param_1, bool param_2, bool param_3)	ok	functions/00046114_STG__GESkeleton__BoneAnim__Initialize.c	
00046540	STG::GESkeleton::Animation::Animation	undefined __thiscall Animation(Animation * this)	ok	functions/00046540_STG__GESkeleton__Animation__Animation.c	
000465a4	STG::GESkeleton::Animation::~Animation	undefined __thiscall ~Animation(Animation * this)	ok	functions/000465a4_STG__GESkeleton__Animation___Animation.c	
00046714	STG::GESkeleton::Animation::Initialize	undefined __thiscall Initialize(Animation * this, MMatrix * param_1, ulong param_2, ulong param_3, ulong param_4)	ok	functions/00046714_STG__GESkeleton__Animation__Initialize.c	
00046ae4	STG::GESkeleton::Animation::SetUpdateOrder	undefined __thiscall SetUpdateOrder(Animation * this, ulong param_1, ulong param_2, ulong param_3)	ok	functions/00046ae4_STG__GESkeleton__Animation__SetUpdateOrder.c	
00046af8	STG::GESkeleton::Animation::Update	undefined __thiscall Update(Animation * this, EDriver param_1, GEAnimationTimeData * param_2, bool param_3, UTimeValue * param_4)	ok	functions/00046af8_STG__GESkeleton__Animation__Update.c	
00046d60	STG::GESkeleton::VertexGroup::VertexGroup	undefined __thiscall VertexGroup(VertexGroup * this)	ok	functions/00046d60_STG__GESkeleton__VertexGroup__VertexGroup.c	
00046d7c	STG::GESkeleton::VertexGroup::~VertexGroup	undefined __thiscall ~VertexGroup(VertexGroup * this)	ok	functions/00046d7c_STG__GESkeleton__VertexGroup___VertexGroup.c	
00046db4	STG::GESkeleton::VertexGroup::Initialize	undefined __thiscall Initialize(VertexGroup * this, ulong param_1, ulong param_2, ulong param_3)	ok	functions/00046db4_STG__GESkeleton__VertexGroup__Initialize.c	
00046e4c	STG::GESkeleton::VertexGroup::SetBoneIndex	undefined __thiscall SetBoneIndex(VertexGroup * this, ulong param_1, ulong param_2)	ok	functions/00046e4c_STG__GESkeleton__VertexGroup__SetBoneIndex.c	
00046e58	STG::GESkeleton::Mesh::Mesh	undefined __thiscall Mesh(Mesh * this)	ok	functions/00046e58_STG__GESkeleton__Mesh__Mesh.c	
00046e8c	STG::GESkeleton::Mesh::~Mesh	undefined __thiscall ~Mesh(Mesh * this)	ok	functions/00046e8c_STG__GESkeleton__Mesh___Mesh.c	
00046fc0	STG::GESkeleton::Mesh::Initialize	undefined __thiscall Initialize(Mesh * this, ulong param_1, ulong param_2, ulong param_3)	ok	functions/00046fc0_STG__GESkeleton__Mesh__Initialize.c	
0004723c	STG::GESkeleton::Mesh::SetVertex	undefined __thiscall SetVertex(Mesh * this, ulong param_1, MVector3 * param_2, float * param_3)	ok	functions/0004723c_STG__GESkeleton__Mesh__SetVertex.c	
000472ec	STG::GESkeleton::Mesh::GetVertex	undefined __thiscall GetVertex(Mesh * this, ulong param_1, MVector3 * param_2, float * param_3)	ok	functions/000472ec_STG__GESkeleton__Mesh__GetVertex.c	
0004733c	STG::GESkeleton::Mesh::Update	undefined __thiscall Update(Mesh * this, float * param_1, _func_void_float_ptr_float_ptr_float_ptr_float_ptr_float_ptr_float_ptr_ulong * param_2, EDriver param_3, GEAnimationTimeData * param_4, bool param_5, UTimeValue * param_6)	ok	functions/0004733c_STG__GESkeleton__Mesh__Update.c	
00047474	STG::GETimeOfDay::GetDefaultSunrise	undefined __stdcall GetDefaultSunrise(void)	ok	functions/00047474_STG__GETimeOfDay__GetDefaultSunrise.c	
00047480	STG::GETimeOfDay::GetDefaultSunset	undefined __stdcall GetDefaultSunset(void)	ok	functions/00047480_STG__GETimeOfDay__GetDefaultSunset.c	
0004748c	STG::GETimeOfDay::GetName	undefined __stdcall GetName(EPhase param_1)	ok	functions/0004748c_STG__GETimeOfDay__GetName.c	
000474a0	STG::GETimeOfDay::GetName	undefined __stdcall GetName(GETimeOfDay * param_1)	ok	functions/000474a0_STG__GETimeOfDay__GetName.c	
000474a8	STG::GETimeOfDay::GetTimeOfDay	undefined __stdcall GetTimeOfDay(char * param_1, EPhase * param_2)	ok	functions/000474a8_STG__GETimeOfDay__GetTimeOfDay.c	
000475d4	STG::GETimeOfDay::GETimeOfDay	undefined __thiscall GETimeOfDay(GETimeOfDay * this)	ok	functions/000475d4_STG__GETimeOfDay__GETimeOfDay.c	
000475ec	STG::GETimeOfDay::GETimeOfDay	undefined __thiscall GETimeOfDay(GETimeOfDay * this, EPhase param_1, ulong param_2)	ok	functions/000475ec_STG__GETimeOfDay__GETimeOfDay.c	
000475f8	STG::GETimeOfDay::ComputeTime	undefined __thiscall ComputeTime(GETimeOfDay * this, MExplicitType param_1, MExplicitType param_2, MExplicitType param_3)	ok	functions/000475f8_STG__GETimeOfDay__ComputeTime.c	
000477ac	STG::GETimeOfDay::GetName	undefined __thiscall GetName(GETimeOfDay * this)	ok	functions/000477ac_STG__GETimeOfDay__GetName.c	
000477b0	STG::GETimeOfDay::SetPhase	undefined __thiscall SetPhase(GETimeOfDay * this, EPhase param_1)	ok	functions/000477b0_STG__GETimeOfDay__SetPhase.c	
000477b8	STG::GETimeOfDay::SetFraction	undefined __thiscall SetFraction(GETimeOfDay * this, ulong param_1)	ok	functions/000477b8_STG__GETimeOfDay__SetFraction.c	
000477c0	STG::GETimeOfDay::SetFractionMin	undefined __thiscall SetFractionMin(GETimeOfDay * this)	ok	functions/000477c0_STG__GETimeOfDay__SetFractionMin.c	
000477c8	STG::GETimeOfDay::SetFractionMax	undefined __thiscall SetFractionMax(GETimeOfDay * this)	ok	functions/000477c8_STG__GETimeOfDay__SetFractionMax.c	
000477d4	STG::GETimeOfDay::SetFractionDefault	undefined __thiscall SetFractionDefault(GETimeOfDay * this)	ok	functions/000477d4_STG__GETimeOfDay__SetFractionDefault.c	
000477e0	STG::GETimeOfDay::GetNormalizedSec	undefined __thiscall GetNormalizedSec(GETimeOfDay * this)	ok	functions/000477e0_STG__GETimeOfDay__GetNormalizedSec.c	
000477fc	STG::GETimeOfDay::GetNormalizedSec_Daytime	undefined __thiscall GetNormalizedSec_Daytime(GETimeOfDay * this)	ok	functions/000477fc_STG__GETimeOfDay__GetNormalizedSec_Daytime.c	
000478f0	STG::GETimeOfDay::GetNormalizedSec_Nighttime	undefined __thiscall GetNormalizedSec_Nighttime(GETimeOfDay * this)	ok	functions/000478f0_STG__GETimeOfDay__GetNormalizedSec_Nighttime.c	
00047a90	STG::GETimeOfDay::GetDistance	undefined __stdcall GetDistance(GETimeOfDay * param_1, GETimeOfDay * param_2)	ok	functions/00047a90_STG__GETimeOfDay__GetDistance.c	
00047af0	STG::GETimeOfDay::operator==	undefined __thiscall operator==(GETimeOfDay * this, GETimeOfDay * param_1)	ok	functions/00047af0_STG__GETimeOfDay__operator__.c	
00047b08	STG::GETimeOfDay::operator!=	undefined __thiscall operator!=(GETimeOfDay * this, GETimeOfDay * param_1)	ok	functions/00047b08_STG__GETimeOfDay__operator__.c	
00047b1c	STG::GETimeOfDay::operator<	undefined __thiscall operator<(GETimeOfDay * this, GETimeOfDay * param_1)	ok	functions/00047b1c_STG__GETimeOfDay__operator_.c	
00047b54	STG::GETimeOfDay::operator=	undefined __thiscall operator=(GETimeOfDay * this, GETimeOfDay * param_1)	ok	functions/00047b54_STG__GETimeOfDay__operator_.c	
00047b68	STG::GETimeOfDay::GetTimeOfDay	undefined __stdcall GetTimeOfDay(char * param_1, GETimeOfDay * param_2)	ok	functions/00047b68_STG__GETimeOfDay__GetTimeOfDay.c	
00047bcc	_INIT_1	undefined _INIT_1(void)	ok	functions/00047bcc__INIT_1.c	
00047c04	STG::GETimeOfDayAuto::SetLocation	undefined __thiscall SetLocation(GETimeOfDayAuto * this, MLocation * param_1)	ok	functions/00047c04_STG__GETimeOfDayAuto__SetLocation.c	
00047c18	STG::GETimeOfDayAuto::ResultData::ResultData	undefined __thiscall ResultData(ResultData * this)	ok	functions/00047c18_STG__GETimeOfDayAuto__ResultData__ResultData.c	
00047c50	STG::GETimeOfDayAuto::SolarData::SolarData	undefined __thiscall SolarData(SolarData * this)	ok	functions/00047c50_STG__GETimeOfDayAuto__SolarData__SolarData.c	
00047c80	STG::GETimeOfDayAuto::GETimeOfDayAuto	undefined __thiscall GETimeOfDayAuto(GETimeOfDayAuto * this)	ok	functions/00047c80_STG__GETimeOfDayAuto__GETimeOfDayAuto.c	
00047c9c	STG::GETimeOfDayAuto::SolarData::~SolarData	undefined __thiscall ~SolarData(SolarData * this)	ok	functions/00047c9c_STG__GETimeOfDayAuto__SolarData___SolarData.c	
00047ca0	STG::GETimeOfDayAuto::~GETimeOfDayAuto	undefined __thiscall ~GETimeOfDayAuto(GETimeOfDayAuto * this)	ok	functions/00047ca0_STG__GETimeOfDayAuto___GETimeOfDayAuto.c	
00047cb8	STG::GETimeOfDayAuto::SolarData::GetSunrise	undefined __thiscall GetSunrise(SolarData * this)	ok	functions/00047cb8_STG__GETimeOfDayAuto__SolarData__GetSunrise.c	
00047cc0	STG::GETimeOfDayAuto::SolarData::GetSunset	undefined __thiscall GetSunset(SolarData * this)	ok	functions/00047cc0_STG__GETimeOfDayAuto__SolarData__GetSunset.c	
00047cc8	STG::GETimeOfDayAuto::SolarData::Update	undefined __thiscall Update(SolarData * this, TimeStruct * param_1, MLocation * param_2)	ok	functions/00047cc8_STG__GETimeOfDayAuto__SolarData__Update.c	
00047df4	STG::GETimeOfDayAuto::Update	undefined __stdcall Update(TimeStruct * param_1, TimeStruct * param_2)	ok	functions/00047df4_STG__GETimeOfDayAuto__Update.c	
00048034	STG::GETimeOfDayAuto::Update	undefined __stdcall Update(void)	ok	functions/00048034_STG__GETimeOfDayAuto__Update.c	
00048154	STG::GEVertexBlender::GEVertexBlender	undefined __thiscall GEVertexBlender(GEVertexBlender * this)	ok	functions/00048154_STG__GEVertexBlender__GEVertexBlender.c	
00048188	STG::GEVertexBlender::~GEVertexBlender	undefined __thiscall ~GEVertexBlender(GEVertexBlender * this)	ok	functions/00048188_STG__GEVertexBlender___GEVertexBlender.c	
0004827c	STG::GEVertexBlender::Initialize	undefined __thiscall Initialize(GEVertexBlender * this, ulong param_1, ulong param_2)	ok	functions/0004827c_STG__GEVertexBlender__Initialize.c	
00048364	STG::GEVertexBlender::SetFrameVertex	undefined __thiscall SetFrameVertex(GEVertexBlender * this, ulong param_1, ulong param_2, MVector3 * param_3)	ok	functions/00048364_STG__GEVertexBlender__SetFrameVertex.c	
00048394	STG::GEVertexBlender::SetUpdateData	undefined __thiscall SetUpdateData(GEVertexBlender * this, ulong param_1, ulong param_2, float param_3)	ok	functions/00048394_STG__GEVertexBlender__SetUpdateData.c	
000483a4	STG::GEVertexBlender::Update	undefined __thiscall Update(GEVertexBlender * this, float * param_1, _func_void_float_ptr_float_ptr_float_ptr_float_ulong * param_2)	ok	functions/000483a4_STG__GEVertexBlender__Update.c	
000483f4	STG::GEVertexBuffer::GEVertexBuffer	undefined __thiscall GEVertexBuffer(GEVertexBuffer * this)	ok	functions/000483f4_STG__GEVertexBuffer__GEVertexBuffer.c	
000484b8	STG::GEVertexBuffer::AddComponent	undefined __thiscall AddComponent(GEVertexBuffer * this, EUsage param_1, EType param_2, ulong param_3)	ok	functions/000484b8_STG__GEVertexBuffer__AddComponent.c	
00048518	STG::GEVertexBuffer::Allocate	undefined __thiscall Allocate(GEVertexBuffer * this, EUsage param_1, ulong param_2)	ok	functions/00048518_STG__GEVertexBuffer__Allocate.c	
00048574	STG::GEVertexBuffer::Deallocate	undefined __thiscall Deallocate(GEVertexBuffer * this)	ok	functions/00048574_STG__GEVertexBuffer__Deallocate.c	
000485d4	STG::GEVertexBuffer::~GEVertexBuffer	undefined __thiscall ~GEVertexBuffer(GEVertexBuffer * this)	ok	functions/000485d4_STG__GEVertexBuffer___GEVertexBuffer.c	
000485fc	STG::GEVertexBuffer::~GEVertexBuffer	undefined __thiscall ~GEVertexBuffer(GEVertexBuffer * this)	ok	functions/000485fc_STG__GEVertexBuffer___GEVertexBuffer.c	
00048618	STG::GEVertexBuffer::HasComponent	undefined __thiscall HasComponent(GEVertexBuffer * this, EUsage param_1, EType * param_2, ulong * param_3, ulong * param_4)	ok	functions/00048618_STG__GEVertexBuffer__HasComponent.c	
00048670	STG::GEVertexBuffer::HasComponent	undefined __thiscall HasComponent(GEVertexBuffer * this, EUsage param_1)	ok	functions/00048670_STG__GEVertexBuffer__HasComponent.c	
00048694	STG::GEVertexBuffer::GetComponent	undefined __thiscall GetComponent(GEVertexBuffer * this, EUsage param_1, uchar * * param_2, ulong param_3, ulong param_4)	ok	functions/00048694_STG__GEVertexBuffer__GetComponent.c	
00048710	STG::GEVertexBuffer::GetComponent	undefined __thiscall GetComponent(GEVertexBuffer * this, EUsage param_1, float * * param_2, ulong param_3, ulong param_4)	ok	functions/00048710_STG__GEVertexBuffer__GetComponent.c	
0004873c	STG::GEVertexBuffer::SharesAnyComponents	undefined __stdcall SharesAnyComponents(GEVertexBuffer * param_1)	ok	functions/0004873c_STG__GEVertexBuffer__SharesAnyComponents.c	
00048790	STG::GEVertexBuffer::Sort	undefined __thiscall Sort(GEVertexBuffer * this, GEIndexBuffer * * param_1, ulong param_2, ulong * * param_3)	ok	functions/00048790_STG__GEVertexBuffer__Sort.c	
000488fc	STG::GEVertexBuffer::Sort	undefined __thiscall Sort(GEVertexBuffer * this, ulong * param_1)	ok	functions/000488fc_STG__GEVertexBuffer__Sort.c	
00048988	STG::GEVertexBuffer::AllocateBufferObject	undefined __thiscall AllocateBufferObject(GEVertexBuffer * this)	ok	functions/00048988_STG__GEVertexBuffer__AllocateBufferObject.c	
000489c4	STG::GEVertexBuffer::UpdateBufferObject	undefined __thiscall UpdateBufferObject(GEVertexBuffer * this)	ok	functions/000489c4_STG__GEVertexBuffer__UpdateBufferObject.c	
000489d4	STG::GEViewport::GEViewport	undefined __thiscall GEViewport(GEViewport * this, URectangle * param_1)	ok	functions/000489d4_STG__GEViewport__GEViewport.c	
00048a78	STG::GEViewport::SetScale	undefined __thiscall SetScale(GEViewport * this, MVector2 * param_1, MVector2 * param_2)	ok	functions/00048a78_STG__GEViewport__SetScale.c	
00048aec	STG::GEViewport::GetAspectRatioInterval	undefined __thiscall GetAspectRatioInterval(GEViewport * this, float param_1)	ok	functions/00048aec_STG__GEViewport__GetAspectRatioInterval.c	
00048b68	STG::GETexture::LoadSubFile	undefined __stdcall LoadSubFile(ulong param_1, FFileHash * param_2)	ok	functions/00048b68_STG__GETexture__LoadSubFile.c	
00048b70	STG::GETexture::GetSubFileCount	undefined __stdcall GetSubFileCount(void)	ok	functions/00048b70_STG__GETexture__GetSubFileCount.c	
00048b78	STG::GETexture::GetSubFile	undefined __stdcall GetSubFile(ulong param_1, FFileHash * param_2)	ok	functions/00048b78_STG__GETexture__GetSubFile.c	
00048b80	STG::GETexture::GetChildResourceCount	undefined __stdcall GetChildResourceCount(void)	ok	functions/00048b80_STG__GETexture__GetChildResourceCount.c	
00048b88	STG::GETexture::GetChildResource	undefined __stdcall GetChildResource(ulong param_1)	ok	functions/00048b88_STG__GETexture__GetChildResource.c	
00048b90	STG::UStringBase<unsigned_short,unsigned_short>::~UStringBase	undefined __thiscall ~UStringBase(UStringBase<unsigned_short,unsigned_short> * this)	ok	functions/00048b90_STG__UStringBase_unsigned_short_unsigned_short____UStringBase.c	
00048bf0	STG::GETexture::LoadSelf	undefined __thiscall LoadSelf(GETexture * this, FFileHash * param_1)	ok	functions/00048bf0_STG__GETexture__LoadSelf.c	
00048bf4	STG::UStringBase<unsigned_short,unsigned_short>::~UStringBase	undefined __thiscall ~UStringBase(UStringBase<unsigned_short,unsigned_short> * this)	ok	functions/00048bf4_STG__UStringBase_unsigned_short_unsigned_short____UStringBase.c	
00048c64	STG::GETexture::~GETexture	undefined __thiscall ~GETexture(GETexture * this)	ok	functions/00048c64_STG__GETexture___GETexture.c	
00048dac	STG::GETexture::~GETexture	undefined __thiscall ~GETexture(GETexture * this)	ok	functions/00048dac_STG__GETexture___GETexture.c	
00048dc8	STG::GETexture::GETexture	undefined __thiscall GETexture(GETexture * this)	ok	functions/00048dc8_STG__GETexture__GETexture.c	
00048e90	STG::GETexture::GetHasValidFontCompositeData	undefined __thiscall GetHasValidFontCompositeData(GETexture * this)	ok	functions/00048e90_STG__GETexture__GetHasValidFontCompositeData.c	
00048eb8	STG::GETexture::GetHasValidUserImageData	undefined __thiscall GetHasValidUserImageData(GETexture * this)	ok	functions/00048eb8_STG__GETexture__GetHasValidUserImageData.c	
00048ef0	STG::GETexture::ClearCompositeData	undefined __thiscall ClearCompositeData(GETexture * this)	ok	functions/00048ef0_STG__GETexture__ClearCompositeData.c	
00048f3c	STG::GETexture::Create	undefined __thiscall Create(GETexture * this, ulong param_1, ulong param_2, EFormat param_3)	ok	functions/00048f3c_STG__GETexture__Create.c	
00048fc8	STG::GETexture::CreateDebugTexture	undefined __stdcall CreateDebugTexture(ulong param_1, ulong param_2, EFormat * param_3, ulong * param_4, ulong * param_5, ulong * param_6, uchar * * param_7)	ok	functions/00048fc8_STG__GETexture__CreateDebugTexture.c	
00049240	STG::GETexture::GetPixel	undefined __stdcall GetPixel(EFormat * param_1, uchar * param_2, uchar * param_3, uchar * param_4, uchar * param_5, uchar * param_6)	ok	functions/00049240_STG__GETexture__GetPixel.c	
0004932c	STG::GETexture::SetPixel	undefined __stdcall SetPixel(EFormat * param_1, uchar * param_2, uchar param_3, uchar param_4, uchar param_5, uchar param_6)	ok	functions/0004932c_STG__GETexture__SetPixel.c	
000493e0	STG::GETexture::GenerateMipChain	undefined __stdcall GenerateMipChain(EFormat * param_1, ulong param_2, ulong param_3, ulong param_4, uchar * param_5, ulong param_6)	ok	functions/000493e0_STG__GETexture__GenerateMipChain.c	
000497ec	STG::GETexture::CompositeUserImage	undefined __stdcall CompositeUserImage(UStringBase * param_1, EFormat * param_2, ulong param_3, ulong param_4, EEffect param_5, uchar * * param_6)	ok	functions/000497ec_STG__GETexture__CompositeUserImage.c	
00049b64	STG::GETexture::CompositeText	undefined __stdcall CompositeText(GEFont * param_1, UStringBase * param_2, EFormat * param_3, ulong param_4, ulong param_5, uchar * param_6, uchar * * param_7)	ok	functions/00049b64_STG__GETexture__CompositeText.c	
0004a48c	STG::GETexture::Load	undefined __thiscall Load(GETexture * this, uchar * param_1, uchar * * param_2)	ok	functions/0004a48c_STG__GETexture__Load.c	
0004a8e4	STG::GETexture::LoadDirect	undefined __thiscall LoadDirect(GETexture * this, uchar * param_1)	ok	functions/0004a8e4_STG__GETexture__LoadDirect.c	
0004a934	STG::GETexture::LoadSelf	undefined __thiscall LoadSelf(GETexture * this, FFileBase * param_1)	ok	functions/0004a934_STG__GETexture__LoadSelf.c	
0004aa14	STG::GETexture::SetUserImage	undefined __thiscall SetUserImage(GETexture * this, UStringBase * param_1, ulong param_2, ulong param_3, EEffect param_4)	ok	functions/0004aa14_STG__GETexture__SetUserImage.c	
0004aaf4	std::basic_string<unsigned_short,std::char_traits<unsigned_short>,std::allocator<unsigned_short>>::_M_append	undefined __thiscall _M_append(basic_string<unsigned_short,std::char_traits<unsigned_short>,std::allocator<unsigned_short>> * this, ushort * param_1, ushort * param_2)	ok	functions/0004aaf4_std__basic_string_unsigned_short_std__char_traits_unsigned_short__std__allocator_unsigned_short_____M_append.c	
0004aec0	STG::GETexture::SetFontAndMessage	undefined __thiscall SetFontAndMessage(GETexture * this, GEFont * param_1, UStringBase * param_2)	ok	functions/0004aec0_STG__GETexture__SetFontAndMessage.c	
0004afd4	STG::GETextureFont::GETextureFont	undefined __thiscall GETextureFont(GETextureFont * this)	ok	functions/0004afd4_STG__GETextureFont__GETextureFont.c	
0004b024	STG::GETextureFont::~GETextureFont	undefined __thiscall ~GETextureFont(GETextureFont * this)	ok	functions/0004b024_STG__GETextureFont___GETextureFont.c	
0004b0dc	STG::GETextureFont::SetCountdown	undefined __thiscall SetCountdown(GETextureFont * this, uchar param_1, uchar param_2)	ok	functions/0004b0dc_STG__GETextureFont__SetCountdown.c	
0004b128	STG::GETextureFontContainer::GETextureFontContainer	undefined __thiscall GETextureFontContainer(GETextureFontContainer * this)	ok	functions/0004b128_STG__GETextureFontContainer__GETextureFontContainer.c	
0004b140	STG::GETextureFontContainer::~GETextureFontContainer	undefined __thiscall ~GETextureFontContainer(GETextureFontContainer * this)	ok	functions/0004b140_STG__GETextureFontContainer___GETextureFontContainer.c	
0004b228	STG::GETextureFontContainer::Initialize	undefined __thiscall Initialize(GETextureFontContainer * this, ulong param_1, ulong param_2)	ok	functions/0004b228_STG__GETextureFontContainer__Initialize.c	
0004b2ec	STG::GETextureFontContainer::FindByFileHash	undefined __thiscall FindByFileHash(GETextureFontContainer * this, FFileHash * param_1, ulong * param_2)	ok	functions/0004b2ec_STG__GETextureFontContainer__FindByFileHash.c	
0004b374	std::basic_string<unsigned_short,std::char_traits<unsigned_short>,std::allocator<unsigned_short>>::_M_assign	undefined __thiscall _M_assign(basic_string<unsigned_short,std::char_traits<unsigned_short>,std::allocator<unsigned_short>> * this, ushort * param_1, ushort * param_2)	ok	functions/0004b374_std__basic_string_unsigned_short_std__char_traits_unsigned_short__std__allocator_unsigned_short_____M_assign.c	
0004b7ec	STG::GETextureFont::SetMessage	undefined __thiscall SetMessage(GETextureFont * this, ulong param_1, UStringBase * param_2)	ok	functions/0004b7ec_STG__GETextureFont__SetMessage.c	
0004b814	STG::GETextureFont::GetMessageToUse	undefined __thiscall GetMessageToUse(GETextureFont * this, UStringBase * param_1, UStringBase * param_2)	ok	functions/0004b814_STG__GETextureFont__GetMessageToUse.c	
0004bdec	STG::GETextureFontContainer::FindByIndex	undefined __thiscall FindByIndex(GETextureFontContainer * this, ulong param_1, UStringBase * param_2, GEFont * * param_3, UStringBase * param_4)	ok	functions/0004bdec_STG__GETextureFontContainer__FindByIndex.c	
0004be60	STG::GETextureFont::Initialize	undefined __thiscall Initialize(GETextureFont * this, FFileHash * param_1, ulong param_2, bool param_3)	ok	functions/0004be60_STG__GETextureFont__Initialize.c	
0004bfbc	STG::GETextureList::CreateItem	undefined __thiscall CreateItem(GETextureList * this, FFileHash * param_1, GETextureList_CreateParams * param_2)	ok	functions/0004bfbc_STG__GETextureList__CreateItem.c	
0004c180	STG::GETextureModifier::GETextureModifier	undefined __thiscall GETextureModifier(GETextureModifier * this)	ok	functions/0004c180_STG__GETextureModifier__GETextureModifier.c	
0004c1c0	STG::GETextureModifier::~GETextureModifier	undefined __thiscall ~GETextureModifier(GETextureModifier * this)	ok	functions/0004c1c0_STG__GETextureModifier___GETextureModifier.c	
0004c2e8	STG::GETextureModifier::Activate	undefined __thiscall Activate(GETextureModifier * this, GETimeOfDay * param_1, UPreference_Scene * param_2)	ok	functions/0004c2e8_STG__GETextureModifier__Activate.c	
0004c39c	STG::GETextureModifier::Deactivate	undefined __thiscall Deactivate(GETextureModifier * this)	ok	functions/0004c39c_STG__GETextureModifier__Deactivate.c	
0004c3b8	STG::GETextureModifier::STextureInfo::Initialize	undefined __thiscall Initialize(STextureInfo * this)	ok	functions/0004c3b8_STG__GETextureModifier__STextureInfo__Initialize.c	
0004c584	STG::GETextureModifier::Initialize	undefined __thiscall Initialize(GETextureModifier * this, ulong param_1)	ok	functions/0004c584_STG__GETextureModifier__Initialize.c	
0004c7bc	STG::GETextureModifier::InitializeTexture	undefined __thiscall InitializeTexture(GETextureModifier * this, ulong param_1, FFileHash * param_2, ulong param_3)	ok	functions/0004c7bc_STG__GETextureModifier__InitializeTexture.c	
0004caf8	STG::GETextureModifier::ModifyTexture	undefined __thiscall ModifyTexture(GETextureModifier * this, FFileHash * param_1, FFileHash * param_2, GETexture * param_3)	ok	functions/0004caf8_STG__GETextureModifier__ModifyTexture.c	
0004d1c8	STG::GETextureShading::ShadePixel	undefined __stdcall ShadePixel(EEffect param_1, uchar param_2, uchar param_3, uchar param_4, uchar param_5, uchar * param_6, uchar * param_7, uchar * param_8, uchar * param_9)	ok	functions/0004d1c8_STG__GETextureShading__ShadePixel.c	
0004d208	STG::GETextureSwap::GETextureSwap	undefined __thiscall GETextureSwap(GETextureSwap * this)	ok	functions/0004d208_STG__GETextureSwap__GETextureSwap.c	
0004d250	STG::GETextureSwap::~GETextureSwap	undefined __thiscall ~GETextureSwap(GETextureSwap * this)	ok	functions/0004d250_STG__GETextureSwap___GETextureSwap.c	
0004d3dc	STG::GETextureSwapContainer::~GETextureSwapContainer	undefined __thiscall ~GETextureSwapContainer(GETextureSwapContainer * this)	ok	functions/0004d3dc_STG__GETextureSwapContainer___GETextureSwapContainer.c	
0004d448	STG::GETextureSwapContainer::~GETextureSwapContainer	undefined __thiscall ~GETextureSwapContainer(GETextureSwapContainer * this)	ok	functions/0004d448_STG__GETextureSwapContainer___GETextureSwapContainer.c	
0004d464	STG::GETextureSwap::FindByFileHash	undefined __thiscall FindByFileHash(GETextureSwap * this, FFileHash * param_1, ulong * param_2, bool * param_3, bool * param_4, GETimeOfDay * param_5, ulong * param_6)	ok	functions/0004d464_STG__GETextureSwap__FindByFileHash.c	
0004d514	STG::GETextureSwapContainer::GETextureSwapContainer	undefined __thiscall GETextureSwapContainer(GETextureSwapContainer * this)	ok	functions/0004d514_STG__GETextureSwapContainer__GETextureSwapContainer.c	
0004d538	STG::GETextureSwapContainer::Initialize	undefined __thiscall Initialize(GETextureSwapContainer * this, ulong param_1)	ok	functions/0004d538_STG__GETextureSwapContainer__Initialize.c	
0004d5a0	STG::GETextureSwapContainer::FindByFileHash	undefined __thiscall FindByFileHash(GETextureSwapContainer * this, FFileHash * param_1, ulong * param_2, ulong * param_3, bool * param_4, bool * param_5, GETimeOfDay * param_6, ulong * param_7)	ok	functions/0004d5a0_STG__GETextureSwapContainer__FindByFileHash.c	
0004d670	STG::GETextureSwap::Initialize	undefined __thiscall Initialize(GETextureSwap * this, UStringBase * param_1, ulong param_2, bool param_3, bool param_4)	ok	functions/0004d670_STG__GETextureSwap__Initialize.c	
0004d88c	STG::GETextureSwapContainer::GetSwapFileHash	undefined __stdcall GetSwapFileHash(ulong param_1)	ok	functions/0004d88c_STG__GETextureSwapContainer__GetSwapFileHash.c	
0004d9c4	STG::GETextureSwap::SetVariant	undefined __thiscall SetVariant(GETextureSwap * this, ulong param_1, UStringBase * param_2, FFileHash * param_3, GETimeOfDay * param_4, ulong param_5)	ok	functions/0004d9c4_STG__GETextureSwap__SetVariant.c	
0004db60	STG::GETextureSwapContainer::SetSwapVariant	undefined __thiscall SetSwapVariant(GETextureSwapContainer * this, ulong param_1, ulong param_2, UStringBase * param_3, FFileHash * param_4, GETimeOfDay * param_5, ulong param_6)	ok	functions/0004db60_STG__GETextureSwapContainer__SetSwapVariant.c	
0004db8c	STG::GERenderer_Android::OnInitialize	undefined __stdcall OnInitialize(void)	ok	functions/0004db8c_STG__GERenderer_Android__OnInitialize.c	
0004db94	STG::GERenderer_Android::OnUninitialize	undefined __stdcall OnUninitialize(void)	ok	functions/0004db94_STG__GERenderer_Android__OnUninitialize.c	
0004db98	STG::GERenderer_Android::OnBeginFrame	undefined __stdcall OnBeginFrame(void)	ok	functions/0004db98_STG__GERenderer_Android__OnBeginFrame.c	
0004db9c	STG::GERenderer_Android::OnEndFrame	undefined __stdcall OnEndFrame(void)	ok	functions/0004db9c_STG__GERenderer_Android__OnEndFrame.c	
0004dba0	STG::GERenderer_Android::OnSetFocus	undefined __stdcall OnSetFocus(void)	ok	functions/0004dba0_STG__GERenderer_Android__OnSetFocus.c	
0004dba4	STG::GERenderer_Android::SaveImageData	undefined __thiscall SaveImageData(GERenderer_Android * this, UStringBase * param_1, GEPixelData * param_2)	ok	functions/0004dba4_STG__GERenderer_Android__SaveImageData.c	
0004dbb4	STG::GERenderer_Android::~GERenderer_Android	undefined __thiscall ~GERenderer_Android(GERenderer_Android * this)	ok	functions/0004dbb4_STG__GERenderer_Android___GERenderer_Android.c	
0004dbdc	STG::GERenderer_Android::~GERenderer_Android	undefined __thiscall ~GERenderer_Android(GERenderer_Android * this)	ok	functions/0004dbdc_STG__GERenderer_Android___GERenderer_Android.c	
0004dbf8	STG::GERenderer_Android::GERenderer_Android	undefined __thiscall GERenderer_Android(GERenderer_Android * this)	ok	functions/0004dbf8_STG__GERenderer_Android__GERenderer_Android.c	
0004dc20	STG::GERenderer_Android::SetWindowData	undefined __thiscall SetWindowData(GERenderer_Android * this, ulong param_1, ulong param_2)	ok	functions/0004dc20_STG__GERenderer_Android__SetWindowData.c	
0004dc24	STG::GETexture::Platform_AcquireUserImage	undefined __stdcall Platform_AcquireUserImage(UStringBase * param_1, ulong param_2, ulong param_3, EFormat * param_4, uchar * * param_5, ulong * param_6, ulong * param_7)	ok	functions/0004dc24_STG__GETexture__Platform_AcquireUserImage.c	
0004dca8	STG::GETexture::Platform_ReleaseUserImage	undefined __stdcall Platform_ReleaseUserImage(uchar * * param_1)	ok	functions/0004dca8_STG__GETexture__Platform_ReleaseUserImage.c	
0004dcac	STG::LLogicBase::~LLogicBase	undefined __thiscall ~LLogicBase(LLogicBase * this)	ok	functions/0004dcac_STG__LLogicBase___LLogicBase.c	
0004dcc4	STG::LLogicScene::Setup	undefined __stdcall Setup(LLogicSceneWrapper * param_1)	ok	functions/0004dcc4_STG__LLogicScene__Setup.c	
0004dccc	STG::LLogicScene::Run	undefined __stdcall Run(EStage param_1, LLogicSceneWrapper * param_2)	ok	functions/0004dccc_STG__LLogicScene__Run.c	
0004dcd0	STG::LLogicScene::~LLogicScene	undefined __thiscall ~LLogicScene(LLogicScene * this)	ok	functions/0004dcd0_STG__LLogicScene___LLogicScene.c	
0004dce8	STG::LLogicObjectBase<STG::LLogicSceneWrapper>::~LLogicObjectBase	undefined __thiscall ~LLogicObjectBase(LLogicObjectBase<STG::LLogicSceneWrapper> * this)	ok	functions/0004dce8_STG__LLogicObjectBase_STG__LLogicSceneWrapper____LLogicObjectBase.c	
0004dd00	STG::LLogicObjectBase<STG::LLogicSceneWrapper>::~LLogicObjectBase	undefined __thiscall ~LLogicObjectBase(LLogicObjectBase<STG::LLogicSceneWrapper> * this)	ok	functions/0004dd00_STG__LLogicObjectBase_STG__LLogicSceneWrapper____LLogicObjectBase.c	
0004dd28	STG::LLogicScene::~LLogicScene	undefined __thiscall ~LLogicScene(LLogicScene * this)	ok	functions/0004dd28_STG__LLogicScene___LLogicScene.c	
0004dd50	STG::LLogicBase::~LLogicBase	undefined __thiscall ~LLogicBase(LLogicBase * this)	ok	functions/0004dd50_STG__LLogicBase___LLogicBase.c	
0004dd78	STG::LLogicSceneWrapper::LLogicSceneWrapper	undefined __thiscall LLogicSceneWrapper(LLogicSceneWrapper * this, GEScene * param_1)	ok	functions/0004dd78_STG__LLogicSceneWrapper__LLogicSceneWrapper.c	
0004dd90	STG::LLogicSceneWrapper::~LLogicSceneWrapper	undefined __thiscall ~LLogicSceneWrapper(LLogicSceneWrapper * this)	ok	functions/0004dd90_STG__LLogicSceneWrapper___LLogicSceneWrapper.c	
0004dde4	STG::LLogicSceneWrapper::ApplyLocalTimeOffset	undefined __thiscall ApplyLocalTimeOffset(LLogicSceneWrapper * this, ulong param_1, UTimeValue * param_2)	ok	functions/0004dde4_STG__LLogicSceneWrapper__ApplyLocalTimeOffset.c	
0004de3c	STG::LLogicSceneWrapper::GetAnimTimeData	undefined __thiscall GetAnimTimeData(LLogicSceneWrapper * this)	ok	functions/0004de3c_STG__LLogicSceneWrapper__GetAnimTimeData.c	
0004de48	STG::LLogicSceneWrapper::GetModel	undefined __thiscall GetModel(LLogicSceneWrapper * this, ulong param_1)	ok	functions/0004de48_STG__LLogicSceneWrapper__GetModel.c	
0004de58	STG::LLogicSceneWrapper::GetModel	undefined __thiscall GetModel(LLogicSceneWrapper * this, ulong param_1)	ok	functions/0004de58_STG__LLogicSceneWrapper__GetModel.c	
0004de68	STG::LLogicSceneWrapper::GetRenderTransform	undefined __thiscall GetRenderTransform(LLogicSceneWrapper * this, ulong param_1)	ok	functions/0004de68_STG__LLogicSceneWrapper__GetRenderTransform.c	
0004de78	STG::LLogicSceneWrapper::GetBoundingData_Local	undefined __thiscall GetBoundingData_Local(LLogicSceneWrapper * this, ulong param_1, MVector3 * param_2, float * param_3)	ok	functions/0004de78_STG__LLogicSceneWrapper__GetBoundingData_Local.c	
0004deac	STG::LLogicSceneWrapper::GetBoundingData_World	undefined __thiscall GetBoundingData_World(LLogicSceneWrapper * this, ulong param_1, MVector3 * param_2, float * param_3)	ok	functions/0004deac_STG__LLogicSceneWrapper__GetBoundingData_World.c	
0004dfec	STG::LLogicSceneWrapper::FindModel	undefined __thiscall FindModel(LLogicSceneWrapper * this, UStringBase * param_1, ulong * param_2)	ok	functions/0004dfec_STG__LLogicSceneWrapper__FindModel.c	
0004e338	STG::LLogicSceneWrapper::GetIsModelLoaded	undefined __thiscall GetIsModelLoaded(LLogicSceneWrapper * this, ulong param_1)	ok	functions/0004e338_STG__LLogicSceneWrapper__GetIsModelLoaded.c	
0004e348	STG::LLogicSceneWrapper::GetIsModelShown	undefined __thiscall GetIsModelShown(LLogicSceneWrapper * this, ulong param_1)	ok	functions/0004e348_STG__LLogicSceneWrapper__GetIsModelShown.c	
0004e358	STG::LLogicSceneWrapper::GetIsModelVisible	undefined __thiscall GetIsModelVisible(LLogicSceneWrapper * this, ulong param_1)	ok	functions/0004e358_STG__LLogicSceneWrapper__GetIsModelVisible.c	
0004e368	STG::LLogicSceneWrapper::TransformToClip	undefined __stdcall TransformToClip(MMatrix * param_1, MVector3 * param_2)	ok	functions/0004e368_STG__LLogicSceneWrapper__TransformToClip.c	
0004e4a0	STG::LLogicSceneWrapper::GetChildModelCount	undefined __thiscall GetChildModelCount(LLogicSceneWrapper * this, ulong param_1)	ok	functions/0004e4a0_STG__LLogicSceneWrapper__GetChildModelCount.c	
0004e4e4	STG::LLogicSceneWrapper::GetChildModels	undefined __thiscall GetChildModels(LLogicSceneWrapper * this, UArrayFixed * param_1, ulong param_2)	ok	functions/0004e4e4_STG__LLogicSceneWrapper__GetChildModels.c	
0004e5b8	STG::LLogicSceneWrapper::GetChildModelCount_Recurse	undefined __thiscall GetChildModelCount_Recurse(LLogicSceneWrapper * this, ulong param_1)	ok	functions/0004e5b8_STG__LLogicSceneWrapper__GetChildModelCount_Recurse.c	
0004e634	STG::LLogicSceneWrapper::GetChildModels_Recurse_Internal	undefined __thiscall GetChildModels_Recurse_Internal(LLogicSceneWrapper * this, ulong * * param_1, ulong param_2)	ok	functions/0004e634_STG__LLogicSceneWrapper__GetChildModels_Recurse_Internal.c	
0004e6b4	STG::LLogicSceneWrapper::GetChildModels_Recurse	undefined __thiscall GetChildModels_Recurse(LLogicSceneWrapper * this, UArrayFixed * param_1, ulong param_2)	ok	functions/0004e6b4_STG__LLogicSceneWrapper__GetChildModels_Recurse.c	
0004e76c	STG::LLogicSceneWrapper::GetChildModels_Recurse	undefined __thiscall GetChildModels_Recurse(LLogicSceneWrapper * this, UArrayFixed * param_1, UArrayFixed * param_2)	ok	functions/0004e76c_STG__LLogicSceneWrapper__GetChildModels_Recurse.c	
0004e878	STG::LLogicSceneWrapper::ComputeClipSpaceBounds	undefined __thiscall ComputeClipSpaceBounds(LLogicSceneWrapper * this, ulong param_1, MVector2 * param_2, MVector2 * param_3, MVector2 * param_4)	ok	functions/0004e878_STG__LLogicSceneWrapper__ComputeClipSpaceBounds.c	
0004ec00	STG::LLogicSceneWrapper::ComputeModelsAffectedByPreference	undefined __thiscall ComputeModelsAffectedByPreference(LLogicSceneWrapper * this, UArrayFixed * param_1, UStringBase * param_2)	ok	functions/0004ec00_STG__LLogicSceneWrapper__ComputeModelsAffectedByPreference.c	
0004eed0	STG::LLogicScene::Allocate	undefined __stdcall Allocate(EType param_1)	ok	functions/0004eed0_STG__LLogicScene__Allocate.c	
0004ef58	STG::LLogicScene::Deallocate	undefined __stdcall Deallocate(LLogicScene * * param_1)	ok	functions/0004ef58_STG__LLogicScene__Deallocate.c	
0004ef84	STG::LLogicScene::Deallocate	undefined __stdcall Deallocate(UArrayFixed * param_1)	ok	functions/0004ef84_STG__LLogicScene__Deallocate.c	
0004effc	STG::LLogicScene::Load	undefined __stdcall Load(FFileBase * param_1, LLogicScene * * param_2)	ok	functions/0004effc_STG__LLogicScene__Load.c	
0004f04c	STG::LLogicScene::Save	undefined __stdcall Save(FFileBase * param_1, LLogicScene * param_2)	ok	functions/0004f04c_STG__LLogicScene__Save.c	
0004f0a8	STG::LLogicScene::Load	undefined __stdcall Load(FFileBase * param_1, UArrayFixed * param_2)	ok	functions/0004f0a8_STG__LLogicScene__Load.c	
0004f180	STG::LLogicScene::Save	undefined __stdcall Save(FFileBase * param_1, UArrayFixed * param_2)	ok	functions/0004f180_STG__LLogicScene__Save.c	
0004f218	STG::LLogicScene_HidePrey::Run	undefined __thiscall Run(LLogicScene_HidePrey * this, EStage param_1, LLogicSceneWrapper * param_2)	ok	functions/0004f218_STG__LLogicScene_HidePrey__Run.c	
0004f4f4	STG::LLogicScene_HidePrey::~LLogicScene_HidePrey	undefined __thiscall ~LLogicScene_HidePrey(LLogicScene_HidePrey * this)	ok	functions/0004f4f4_STG__LLogicScene_HidePrey___LLogicScene_HidePrey.c	
0004f6fc	STG::LLogicScene_HidePrey::~LLogicScene_HidePrey	undefined __thiscall ~LLogicScene_HidePrey(LLogicScene_HidePrey * this)	ok	functions/0004f6fc_STG__LLogicScene_HidePrey___LLogicScene_HidePrey.c	
0004f8f8	STG::LLogicScene_HidePrey::SaveData	undefined __thiscall SaveData(LLogicScene_HidePrey * this, FFileBase * param_1)	ok	functions/0004f8f8_STG__LLogicScene_HidePrey__SaveData.c	
0004fae4	FUN_0004fae4	undefined FUN_0004fae4(void)	ok	functions/0004fae4_FUN_0004fae4.c	
00050084	STG::LLogicScene_HidePrey::SetupIndices	undefined __thiscall SetupIndices(LLogicScene_HidePrey * this, LLogicSceneWrapper * param_1, UArrayFixed * param_2, UArrayFixed * param_3, ulong * param_4)	ok	functions/00050084_STG__LLogicScene_HidePrey__SetupIndices.c	
0005013c	STG::LLogicScene_HidePrey::Setup	undefined __thiscall Setup(LLogicScene_HidePrey * this, LLogicSceneWrapper * param_1)	ok	functions/0005013c_STG__LLogicScene_HidePrey__Setup.c	
00050344	STG::UArrayFixed<STG::UStringBase<char,int>,unsigned_long>::operator=	undefined __thiscall operator=(UArrayFixed<STG::UStringBase<char,int>,unsigned_long> * this, UArrayFixed * param_1)	ok	functions/00050344_STG__UArrayFixed_STG__UStringBase_char_int__unsigned_long___operator_.c	
000508ec	STG::LLogicScene_HidePrey::Initialize	undefined __thiscall Initialize(LLogicScene_HidePrey * this, UArrayFixed * param_1, UArrayFixed * param_2)	ok	functions/000508ec_STG__LLogicScene_HidePrey__Initialize.c	
000509f4	STG::LLogicScene_HidePrey::LoadData	undefined __thiscall LoadData(LLogicScene_HidePrey * this, FFileBase * param_1)	ok	functions/000509f4_STG__LLogicScene_HidePrey__LoadData.c	
00050b2c	STG::MLocation::MLocation	undefined __thiscall MLocation(MLocation * this)	ok	functions/00050b2c_STG__MLocation__MLocation.c	
00050b44	STG::MLocation::MLocation	undefined __thiscall MLocation(MLocation * this, MFloatQuantized * param_1, MFloatQuantized * param_2)	ok	functions/00050b44_STG__MLocation__MLocation.c	
00050b58	STG::MLocation::IsValid	undefined __thiscall IsValid(MLocation * this)	ok	functions/00050b58_STG__MLocation__IsValid.c	
00050bb4	_INIT_2	undefined _INIT_2(void)	ok	functions/00050bb4__INIT_2.c	
00050c04	STG::MMatrix::operator=	undefined __thiscall operator=(MMatrix * this, MMatrix * param_1)	ok	functions/00050c04_STG__MMatrix__operator_.c	
00050cc0	STG::MMatrix::MMatrix	undefined __thiscall MMatrix(MMatrix * this, MMatrix * param_1)	ok	functions/00050cc0_STG__MMatrix__MMatrix.c	
00050cd4	STG::MMatrix::CopyFromData	undefined __thiscall CopyFromData(MMatrix * this, float * param_1)	ok	functions/00050cd4_STG__MMatrix__CopyFromData.c	
00050cf0	STG::MMatrix::Transform	undefined __thiscall Transform(MMatrix * this, MMatrix * param_1, MMatrix * param_2)	ok	functions/00050cf0_STG__MMatrix__Transform.c	
0005147c	STG::MMatrix::Transform4x3	undefined __thiscall Transform4x3(MMatrix * this, MMatrix * param_1, MMatrix * param_2)	ok	functions/0005147c_STG__MMatrix__Transform4x3.c	
00051a18	STG::MMatrix::Transform3x3	undefined __thiscall Transform3x3(MMatrix * this, MMatrix * param_1, MMatrix * param_2)	ok	functions/00051a18_STG__MMatrix__Transform3x3.c	
00051d54	STG::MMatrix::Transform3x3_Transpose	undefined __thiscall Transform3x3_Transpose(MMatrix * this, MMatrix * param_1, MMatrix * param_2)	ok	functions/00051d54_STG__MMatrix__Transform3x3_Transpose.c	
000520a8	STG::MMatrix::MakeIdentity	undefined __thiscall MakeIdentity(MMatrix * this)	ok	functions/000520a8_STG__MMatrix__MakeIdentity.c	
000520f4	STG::MMatrix::GetDeterminant	undefined __thiscall GetDeterminant(MMatrix * this)	ok	functions/000520f4_STG__MMatrix__GetDeterminant.c	
000523ac	STG::MMatrix::ComputeAdjoint	undefined __thiscall ComputeAdjoint(MMatrix * this, MMatrix * param_1)	ok	functions/000523ac_STG__MMatrix__ComputeAdjoint.c	
00052d24	STG::MMatrix::ComputeInverse	undefined __stdcall ComputeInverse(MMatrix * param_1)	ok	functions/00052d24_STG__MMatrix__ComputeInverse.c	
00052e64	STG::MMatrix::ComputeTranspose	undefined __thiscall ComputeTranspose(MMatrix * this, MMatrix * param_1)	ok	functions/00052e64_STG__MMatrix__ComputeTranspose.c	
00052ef0	STG::MMatrix::ComputeInverseFast	undefined __thiscall ComputeInverseFast(MMatrix * this, MMatrix * param_1)	ok	functions/00052ef0_STG__MMatrix__ComputeInverseFast.c	
00052f2c	STG::MMatrix::MakeFrustum	undefined __thiscall MakeFrustum(MMatrix * this, float param_1, float param_2, float param_3, float param_4, float param_5, float param_6)	ok	functions/00052f2c_STG__MMatrix__MakeFrustum.c	
00053084	STG::MMatrix::MakeLookAtTransform	undefined __thiscall MakeLookAtTransform(MMatrix * this, MVector3 * param_1, MVector3 * param_2, MVector3 * param_3)	ok	functions/00053084_STG__MMatrix__MakeLookAtTransform.c	
000535c8	STG::MMatrix::MakeOrthographicTransform	undefined __thiscall MakeOrthographicTransform(MMatrix * this, float param_1, float param_2, float param_3, float param_4)	ok	functions/000535c8_STG__MMatrix__MakeOrthographicTransform.c	
00053688	STG::MMatrix::MakeOrthographicTransform_Landscape	undefined __thiscall MakeOrthographicTransform_Landscape(MMatrix * this, float param_1, float param_2, float param_3, float param_4)	ok	functions/00053688_STG__MMatrix__MakeOrthographicTransform_Landscape.c	
00053740	STG::MMatrix::MakePerspectiveTransform	undefined __thiscall MakePerspectiveTransform(MMatrix * this, float param_1, float param_2, float param_3, float param_4)	ok	functions/00053740_STG__MMatrix__MakePerspectiveTransform.c	
00053824	STG::MMatrix::MakePerspectiveTransform_Landscape	undefined __thiscall MakePerspectiveTransform_Landscape(MMatrix * this, float param_1, float param_2, float param_3, float param_4)	ok	functions/00053824_STG__MMatrix__MakePerspectiveTransform_Landscape.c	
00053908	STG::MMatrix::MakeScreenTransform	undefined __thiscall MakeScreenTransform(MMatrix * this, URectangle * param_1)	ok	functions/00053908_STG__MMatrix__MakeScreenTransform.c	
000539a4	STG::MMatrix::MakeScreenTransform_Landscape	undefined __thiscall MakeScreenTransform_Landscape(MMatrix * this, URectangle * param_1)	ok	functions/000539a4_STG__MMatrix__MakeScreenTransform_Landscape.c	
00053a44	STG::MMatrix::Scale	undefined __thiscall Scale(MMatrix * this, float param_1, float param_2, float param_3)	ok	functions/00053a44_STG__MMatrix__Scale.c	
00053b18	STG::MMatrix::SetScale	undefined __thiscall SetScale(MMatrix * this, float param_1, float param_2, float param_3)	ok	functions/00053b18_STG__MMatrix__SetScale.c	
00053b28	STG::MMatrix::MakeScaleOffset	undefined __thiscall MakeScaleOffset(MMatrix * this, MVector3 * param_1, MVector3 * param_2)	ok	functions/00053b28_STG__MMatrix__MakeScaleOffset.c	
00053bd8	STG::MMatrix::SetEulerX	undefined __thiscall SetEulerX(MMatrix * this, float param_1)	ok	functions/00053bd8_STG__MMatrix__SetEulerX.c	
00053c2c	STG::MMatrix::SetEulerY	undefined __thiscall SetEulerY(MMatrix * this, float param_1)	ok	functions/00053c2c_STG__MMatrix__SetEulerY.c	
00053c80	STG::MMatrix::SetEulerZ	undefined __thiscall SetEulerZ(MMatrix * this, float param_1)	ok	functions/00053c80_STG__MMatrix__SetEulerZ.c	
00053cd4	STG::MMatrix::SetEulerXYZ	undefined __stdcall SetEulerXYZ(float param_1, float param_2, float param_3)	ok	functions/00053cd4_STG__MMatrix__SetEulerXYZ.c	
00053e70	STG::MMatrix::SetEulerXZY	undefined __stdcall SetEulerXZY(float param_1, float param_2, float param_3)	ok	functions/00053e70_STG__MMatrix__SetEulerXZY.c	
00053fc0	STG::MMatrix::SetPosition	undefined __thiscall SetPosition(MMatrix * this, MVector3 * param_1)	ok	functions/00053fc0_STG__MMatrix__SetPosition.c	
00053fe4	STG::MRay3::Intersect_Test_Sphere	undefined __stdcall Intersect_Test_Sphere(MVector3 * param_1, float param_2)	ok	functions/00053fe4_STG__MRay3__Intersect_Test_Sphere.c	
00054130	STG::MSIMD::BlendVector4f_SW	undefined __stdcall BlendVector4f_SW(float * param_1, float * param_2, float * param_3, float param_4, ulong param_5)	ok	functions/00054130_STG__MSIMD__BlendVector4f_SW.c	
000541f0	STG::MSIMD::Skin3Vector4f_SW	undefined __stdcall Skin3Vector4f_SW(float * param_1, float * param_2, float * param_3, float * param_4, float * param_5, float * param_6, ulong param_7)	ok	functions/000541f0_STG__MSIMD__Skin3Vector4f_SW.c	
000545c4	STG::MSIMD::MSIMD	undefined __thiscall MSIMD(MSIMD * this)	ok	functions/000545c4_STG__MSIMD__MSIMD.c	
000545dc	STG::MSIMD::~MSIMD	undefined __thiscall ~MSIMD(MSIMD * this)	ok	functions/000545dc_STG__MSIMD___MSIMD.c	
000545e0	STG::MSIMD::Initialize	undefined __thiscall Initialize(MSIMD * this)	ok	functions/000545e0_STG__MSIMD__Initialize.c	
00054614	STG::MSIMD::Platform_QueryHardwareSupported	undefined __stdcall Platform_QueryHardwareSupported(void)	ok	functions/00054614_STG__MSIMD__Platform_QueryHardwareSupported.c	
0005461c	STG::UPreferenceBase::GetKeySuffix	undefined __thiscall GetKeySuffix(UPreferenceBase * this, UStringBase * param_1)	ok	functions/0005461c_STG__UPreferenceBase__GetKeySuffix.c	
0005463c	STG::UPreference<STG::UStringBase<char,int>,true>::GetNumValues	undefined __thiscall GetNumValues(UPreference<STG::UStringBase<char,int>,true> * this)	ok	functions/0005463c_STG__UPreference_STG__UStringBase_char_int__true___GetNumValues.c	
00054644	STG::UPreference<STG::UPreference_IAB_Entry,true>::GetNumValues	undefined __thiscall GetNumValues(UPreference<STG::UPreference_IAB_Entry,true> * this)	ok	functions/00054644_STG__UPreference_STG__UPreference_IAB_Entry_true___GetNumValues.c	
0005464c	STG::UPreference<STG::UPreference_Theme_Entry,true>::GetNumValues	undefined __thiscall GetNumValues(UPreference<STG::UPreference_Theme_Entry,true> * this)	ok	functions/0005464c_STG__UPreference_STG__UPreference_Theme_Entry_true___GetNumValues.c	
00054654	STG::UPreference<STG::GETimeOfDay::EPhase,true>::GetNumValues	undefined __thiscall GetNumValues(UPreference<STG::GETimeOfDay::EPhase,true> * this)	ok	functions/00054654_STG__UPreference_STG__GETimeOfDay__EPhase_true___GetNumValues.c	
0005465c	STG::UPreference<STG::GETimeOfDay::EPhase,true>::GetNumSelectableValues	undefined __thiscall GetNumSelectableValues(UPreference<STG::GETimeOfDay::EPhase,true> * this)	ok	functions/0005465c_STG__UPreference_STG__GETimeOfDay__EPhase_true___GetNumSelectableValues.c	
00054670	STG::UPreference<STG::GETimeOfDay::EPhase,true>::GetSelectedValueIndex	undefined __thiscall GetSelectedValueIndex(UPreference<STG::GETimeOfDay::EPhase,true> * this)	ok	functions/00054670_STG__UPreference_STG__GETimeOfDay__EPhase_true___GetSelectedValueIndex.c	
00054678	STG::UPreference<STG::GETimeOfDay::EPhase,true>::SetSelectedValueIndex	undefined __thiscall SetSelectedValueIndex(UPreference<STG::GETimeOfDay::EPhase,true> * this, ulong param_1)	ok	functions/00054678_STG__UPreference_STG__GETimeOfDay__EPhase_true___SetSelectedValueIndex.c	
000546b8	STG::UPreference<STG::GETimeOfDay::EPhase,true>::GetSelectedValueByName	undefined __stdcall GetSelectedValueByName(UStringBase * param_1)	ok	functions/000546b8_STG__UPreference_STG__GETimeOfDay__EPhase_true___GetSelectedValueByName.c	
000546d4	STG::UPreference<STG::GETimeOfDay::EPhase,true>::SetSelectedValue	undefined __thiscall SetSelectedValue(UPreference<STG::GETimeOfDay::EPhase,true> * this, EPhase * param_1)	ok	functions/000546d4_STG__UPreference_STG__GETimeOfDay__EPhase_true___SetSelectedValue.c	
00054740	STG::UPreference<STG::UPreference_IAB_Entry,true>::GetNumSelectableValues	undefined __thiscall GetNumSelectableValues(UPreference<STG::UPreference_IAB_Entry,true> * this)	ok	functions/00054740_STG__UPreference_STG__UPreference_IAB_Entry_true___GetNumSelectableValues.c	
00054754	STG::UPreference<STG::UPreference_IAB_Entry,true>::GetSelectedValueIndex	undefined __thiscall GetSelectedValueIndex(UPreference<STG::UPreference_IAB_Entry,true> * this)	ok	functions/00054754_STG__UPreference_STG__UPreference_IAB_Entry_true___GetSelectedValueIndex.c	
0005475c	STG::UPreference<STG::UPreference_IAB_Entry,true>::SetSelectedValueIndex	undefined __thiscall SetSelectedValueIndex(UPreference<STG::UPreference_IAB_Entry,true> * this, ulong param_1)	ok	functions/0005475c_STG__UPreference_STG__UPreference_IAB_Entry_true___SetSelectedValueIndex.c	
0005479c	STG::UPreference<STG::UPreference_IAB_Entry,true>::GetSelectedValueByName	undefined __stdcall GetSelectedValueByName(UStringBase * param_1)	ok	functions/0005479c_STG__UPreference_STG__UPreference_IAB_Entry_true___GetSelectedValueByName.c	
000547b8	STG::UPreference<STG::UPreference_Theme_Entry,true>::GetNumSelectableValues	undefined __thiscall GetNumSelectableValues(UPreference<STG::UPreference_Theme_Entry,true> * this)	ok	functions/000547b8_STG__UPreference_STG__UPreference_Theme_Entry_true___GetNumSelectableValues.c	
000547cc	STG::UPreference<STG::UPreference_Theme_Entry,true>::GetSelectedValueIndex	undefined __thiscall GetSelectedValueIndex(UPreference<STG::UPreference_Theme_Entry,true> * this)	ok	functions/000547cc_STG__UPreference_STG__UPreference_Theme_Entry_true___GetSelectedValueIndex.c	
000547d4	STG::UPreference<STG::UPreference_Theme_Entry,true>::SetSelectedValueIndex	undefined __thiscall SetSelectedValueIndex(UPreference<STG::UPreference_Theme_Entry,true> * this, ulong param_1)	ok	functions/000547d4_STG__UPreference_STG__UPreference_Theme_Entry_true___SetSelectedValueIndex.c	
00054814	STG::UPreference<STG::UPreference_Theme_Entry,true>::GetSelectedValueByName	undefined __stdcall GetSelectedValueByName(UStringBase * param_1)	ok	functions/00054814_STG__UPreference_STG__UPreference_Theme_Entry_true___GetSelectedValueByName.c	
00054830	STG::UPreference<STG::UStringBase<char,int>,true>::GetNumSelectableValues	undefined __thiscall GetNumSelectableValues(UPreference<STG::UStringBase<char,int>,true> * this)	ok	functions/00054830_STG__UPreference_STG__UStringBase_char_int__true___GetNumSelectableValues.c	
00054844	STG::UPreference<STG::UStringBase<char,int>,true>::GetSelectedValueIndex	undefined __thiscall GetSelectedValueIndex(UPreference<STG::UStringBase<char,int>,true> * this)	ok	functions/00054844_STG__UPreference_STG__UStringBase_char_int__true___GetSelectedValueIndex.c	
0005484c	STG::UPreference<STG::UStringBase<char,int>,true>::SetSelectedValueIndex	undefined __thiscall SetSelectedValueIndex(UPreference<STG::UStringBase<char,int>,true> * this, ulong param_1)	ok	functions/0005484c_STG__UPreference_STG__UStringBase_char_int__true___SetSelectedValueIndex.c	
0005488c	STG::UPreference<STG::UStringBase<char,int>,true>::GetSelectedValueByName	undefined __stdcall GetSelectedValueByName(UStringBase * param_1)	ok	functions/0005488c_STG__UPreference_STG__UStringBase_char_int__true___GetSelectedValueByName.c	
000548a8	STG::UPreference<STG::UStringBase<char,int>,true>::~UPreference	undefined __thiscall ~UPreference(UPreference<STG::UStringBase<char,int>,true> * this)	ok	functions/000548a8_STG__UPreference_STG__UStringBase_char_int__true____UPreference.c	
00054930	STG::UPreference<STG::GETimeOfDay::EPhase,true>::~UPreference	undefined __thiscall ~UPreference(UPreference<STG::GETimeOfDay::EPhase,true> * this)	ok	functions/00054930_STG__UPreference_STG__GETimeOfDay__EPhase_true____UPreference.c	
00054974	STG::UPreference<STG::GETimeOfDay::EPhase,true>::Initialize	undefined __thiscall Initialize(UPreference<STG::GETimeOfDay::EPhase,true> * this, UStringBase * param_1, UStringBase * param_2, UStringBase * param_3, ulong param_4)	ok	functions/00054974_STG__UPreference_STG__GETimeOfDay__EPhase_true___Initialize.c	
000549a4	STG::UPreference<STG::GETimeOfDay::EPhase,true>::~UPreference	undefined __thiscall ~UPreference(UPreference<STG::GETimeOfDay::EPhase,true> * this)	ok	functions/000549a4_STG__UPreference_STG__GETimeOfDay__EPhase_true____UPreference.c	
000549f0	STG::UPreference<STG::UStringBase<char,int>,true>::~UPreference	undefined __thiscall ~UPreference(UPreference<STG::UStringBase<char,int>,true> * this)	ok	functions/000549f0_STG__UPreference_STG__UStringBase_char_int__true____UPreference.c	
00054a80	STG::UPreference<STG::UStringBase<char,int>,true>::SetSelectedValue	undefined __thiscall SetSelectedValue(UPreference<STG::UStringBase<char,int>,true> * this, UStringBase * param_1)	ok	functions/00054a80_STG__UPreference_STG__UStringBase_char_int__true___SetSelectedValue.c	
00054b20	STG::UPreference<STG::UPreference_Theme_Entry,true>::SetSelectedValue	undefined __thiscall SetSelectedValue(UPreference<STG::UPreference_Theme_Entry,true> * this, UPreference_Theme_Entry * param_1)	ok	functions/00054b20_STG__UPreference_STG__UPreference_Theme_Entry_true___SetSelectedValue.c	
00054c2c	STG::UPreference<STG::UPreference_IAB_Entry,true>::SetSelectedValue	undefined __thiscall SetSelectedValue(UPreference<STG::UPreference_IAB_Entry,true> * this, UPreference_IAB_Entry * param_1)	ok	functions/00054c2c_STG__UPreference_STG__UPreference_IAB_Entry_true___SetSelectedValue.c	
00054d38	STG::USerialize::LoadLegacyTimeValue	undefined __thiscall LoadLegacyTimeValue(USerialize * this, FFileBase * param_1, ulong param_2, ulong param_3)	ok	functions/00054d38_STG__USerialize__LoadLegacyTimeValue.c	
00054d88	STG::USerialize::Load	undefined __stdcall Load(FFileBase * param_1, MVector2 * param_2)	ok	functions/00054d88_STG__USerialize__Load.c	
00054dcc	STG::USerialize::Save	undefined __stdcall Save(FFileBase * param_1, MVector2 * param_2)	ok	functions/00054dcc_STG__USerialize__Save.c	
00054e10	STG::USerialize::Load	undefined __stdcall Load(FFileBase * param_1, MVector3 * param_2)	ok	functions/00054e10_STG__USerialize__Load.c	
00054e6c	STG::USerialize::Save	undefined __stdcall Save(FFileBase * param_1, MVector3 * param_2)	ok	functions/00054e6c_STG__USerialize__Save.c	
00054ec8	STG::USerialize::Load	undefined __stdcall Load(FFileBase * param_1, MMatrix * param_2)	ok	functions/00054ec8_STG__USerialize__Load.c	
00054f08	STG::USerialize::Save	undefined __stdcall Save(FFileBase * param_1, MMatrix * param_2)	ok	functions/00054f08_STG__USerialize__Save.c	
00054f48	STG::USerialize::Load	undefined __stdcall Load(FFileBase * param_1, GEColor * param_2)	ok	functions/00054f48_STG__USerialize__Load.c	
00054f90	STG::USerialize::Save	undefined __stdcall Save(FFileBase * param_1, GEColor * param_2)	ok	functions/00054f90_STG__USerialize__Save.c	
00055008	STG::USerialize::Load	undefined __stdcall Load(FFileBase * param_1, GECamera * param_2)	ok	functions/00055008_STG__USerialize__Load.c	
000550e0	STG::USerialize::Save	undefined __stdcall Save(FFileBase * param_1, GECamera * param_2)	ok	functions/000550e0_STG__USerialize__Save.c	
000551e0	STG::USerialize::Load	undefined __stdcall Load(FFileBase * param_1, GEEnvironmentSettings * param_2)	ok	functions/000551e0_STG__USerialize__Load.c	
00055254	STG::USerialize::Load	undefined __stdcall Load(FFileBase * param_1, GEEnvironmentGroup * param_2)	ok	functions/00055254_STG__USerialize__Load.c	
000552f0	STG::USerialize::Load	undefined __stdcall Load(FFileBase * param_1, GEEnvironment * param_2)	ok	functions/000552f0_STG__USerialize__Load.c	
00055368	STG::USerialize::Save	undefined __stdcall Save(FFileBase * param_1, GEEnvironmentSettings * param_2)	ok	functions/00055368_STG__USerialize__Save.c	
000553fc	STG::USerialize::Save	undefined __stdcall Save(FFileBase * param_1, GEEnvironmentGroup * param_2)	ok	functions/000553fc_STG__USerialize__Save.c	
000554a4	STG::USerialize::Save	undefined __stdcall Save(FFileBase * param_1, GEEnvironment * param_2)	ok	functions/000554a4_STG__USerialize__Save.c	
00055524	STG::USerialize::Load	undefined __stdcall Load(FFileBase * param_1, GEIndexBuffer * param_2)	ok	functions/00055524_STG__USerialize__Load.c	
00055578	STG::USerialize::Save	undefined __stdcall Save(FFileBase * param_1, GEIndexBuffer * param_2)	ok	functions/00055578_STG__USerialize__Save.c	
000555d4	STG::USerialize::Load	undefined __stdcall Load(FFileBase * param_1, VertexGroup * param_2)	ok	functions/000555d4_STG__USerialize__Load.c	
000556d8	STG::USerialize::Save	undefined __stdcall Save(FFileBase * param_1, VertexGroup * param_2)	ok	functions/000556d8_STG__USerialize__Save.c	
000557a4	STG::USerialize::Load	undefined __stdcall Load(FFileBase * param_1, GEAnimationCurve * param_2)	ok	functions/000557a4_STG__USerialize__Load.c	
00055980	STG::USerialize::Save	undefined __stdcall Save(FFileBase * param_1, GEAnimationCurve * param_2)	ok	functions/00055980_STG__USerialize__Save.c	
00055a78	STG::USerialize::Load	undefined __stdcall Load(FFileBase * param_1, GEAnimationTrack * param_2)	ok	functions/00055a78_STG__USerialize__Load.c	
00055c68	STG::USerialize::Load	undefined __stdcall Load(FFileBase * param_1, BoneAnim * param_2)	ok	functions/00055c68_STG__USerialize__Load.c	
00055d50	STG::USerialize::Load	undefined __stdcall Load(FFileBase * param_1, Animation * param_2)	ok	functions/00055d50_STG__USerialize__Load.c	
00056178	STG::USerialize::Load	undefined __stdcall Load(FFileBase * param_1, Mesh * param_2)	ok	functions/00056178_STG__USerialize__Load.c	
000564a0	STG::USerialize::Save	undefined __stdcall Save(FFileBase * param_1, GEAnimationTrack * param_2)	ok	functions/000564a0_STG__USerialize__Save.c	
00056614	STG::USerialize::Save	undefined __stdcall Save(FFileBase * param_1, BoneAnim * param_2)	ok	functions/00056614_STG__USerialize__Save.c	
000566fc	STG::USerialize::Save	undefined __stdcall Save(FFileBase * param_1, Animation * param_2)	ok	functions/000566fc_STG__USerialize__Save.c	
00056910	STG::USerialize::Save	undefined __stdcall Save(FFileBase * param_1, Mesh * param_2)	ok	functions/00056910_STG__USerialize__Save.c	
00056ac8	STG::USerialize::Load	undefined __stdcall Load(FFileBase * param_1, GETimeOfDay * param_2)	ok	functions/00056ac8_STG__USerialize__Load.c	
00056b08	STG::USerialize::Save	undefined __stdcall Save(FFileBase * param_1, GETimeOfDay * param_2)	ok	functions/00056b08_STG__USerialize__Save.c	
00056b50	STG::USerialize::Load	undefined __stdcall Load(FFileBase * param_1, GEVertexBlender * param_2)	ok	functions/00056b50_STG__USerialize__Load.c	
00056f44	STG::USerialize::Save	undefined __stdcall Save(FFileBase * param_1, GEVertexBlender * param_2)	ok	functions/00056f44_STG__USerialize__Save.c	
00056fe0	STG::USerialize::Load	undefined __stdcall Load(FFileBase * param_1, GEVertexBuffer * param_2)	ok	functions/00056fe0_STG__USerialize__Load.c	
000570e4	STG::USerialize::Save	undefined __stdcall Save(FFileBase * param_1, GEVertexBuffer * param_2)	ok	functions/000570e4_STG__USerialize__Save.c	
0005720c	STG::UStringBase<char,int>::UStringBase	undefined __thiscall UStringBase(UStringBase<char,int> * this)	ok	functions/0005720c_STG__UStringBase_char_int___UStringBase.c	
00057238	STG::UPreference<STG::UPreference_IAB_Entry,true>::Initialize	undefined __thiscall Initialize(UPreference<STG::UPreference_IAB_Entry,true> * this, UStringBase * param_1, UStringBase * param_2, UStringBase * param_3, ulong param_4)	ok	functions/00057238_STG__UPreference_STG__UPreference_IAB_Entry_true___Initialize.c	
000572b0	STG::UPreference<STG::UPreference_Theme_Entry,true>::Initialize	undefined __thiscall Initialize(UPreference<STG::UPreference_Theme_Entry,true> * this, UStringBase * param_1, UStringBase * param_2, UStringBase * param_3, ulong param_4)	ok	functions/000572b0_STG__UPreference_STG__UPreference_Theme_Entry_true___Initialize.c	
00057328	STG::UPreference<STG::UStringBase<char,int>,true>::Initialize	undefined __thiscall Initialize(UPreference<STG::UStringBase<char,int>,true> * this, UStringBase * param_1, UStringBase * param_2, UStringBase * param_3, ulong param_4)	ok	functions/00057328_STG__UPreference_STG__UStringBase_char_int__true___Initialize.c	
00057398	STG::USerialize::Save<char,int>	void __stdcall Save<char,int>(FFileBase * param_1, UStringBase * param_2)	ok	functions/00057398_STG__USerialize__Save_char_int_.c	
00057438	STG::USerialize::Save	undefined __stdcall Save(FFileBase * param_1, UPreference_TimeOfDay * param_2)	ok	functions/00057438_STG__USerialize__Save.c	
00057518	STG::USerialize::Save	undefined __stdcall Save(FFileBase * param_1, UPreference_Theme * param_2)	ok	functions/00057518_STG__USerialize__Save.c	
00057728	STG::USerialize::Save	undefined __stdcall Save(FFileBase * param_1, UPreference_TextureGroup * param_2)	ok	functions/00057728_STG__USerialize__Save.c	
00057850	STG::USerialize::Save	undefined __stdcall Save(FFileBase * param_1, UPreference_TextureSwap * param_2)	ok	functions/00057850_STG__USerialize__Save.c	
00057944	STG::USerialize::Save	undefined __stdcall Save(FFileBase * param_1, UPreference_TextureFont * param_2)	ok	functions/00057944_STG__USerialize__Save.c	
000579f0	STG::USerialize::Save	undefined __stdcall Save(FFileBase * param_1, UPreference_IAB * param_2)	ok	functions/000579f0_STG__USerialize__Save.c	
00057aec	STG::USerialize::Save	undefined __stdcall Save(FFileBase * param_1, UPreference_FileChooser_Texture * param_2)	ok	functions/00057aec_STG__USerialize__Save.c	
00057b98	STG::USerialize::Save	undefined __stdcall Save(FFileBase * param_1, UPreference_Environment * param_2)	ok	functions/00057b98_STG__USerialize__Save.c	
00057c74	STG::USerialize::Save	undefined __stdcall Save(FFileBase * param_1, UPreference_ModelToggle * param_2)	ok	functions/00057c74_STG__USerialize__Save.c	
00057d5c	STG::USerialize::Save	undefined __stdcall Save(FFileBase * param_1, UPreference_ModelSwap * param_2)	ok	functions/00057d5c_STG__USerialize__Save.c	
00057eb0	STG::USerialize::Save	undefined __stdcall Save(FFileBase * param_1, UPreference_CameraSet * param_2)	ok	functions/00057eb0_STG__USerialize__Save.c	
00057f8c	STG::USerialize::Save	undefined __stdcall Save(FFileBase * param_1, UPreference_Scene * param_2)	ok	functions/00057f8c_STG__USerialize__Save.c	
00058564	STG::USerialize::Save	undefined __stdcall Save(FFileBase * param_1, GECameraSet * param_2)	ok	functions/00058564_STG__USerialize__Save.c	
00058660	STG::USerialize::Save	undefined __stdcall Save(FFileBase * param_1, FFileHash * param_2)	ok	functions/00058660_STG__USerialize__Save.c	
000586b4	STG::USerialize::Save	undefined __stdcall Save(FFileBase * param_1, GEMaterial * param_2)	ok	functions/000586b4_STG__USerialize__Save.c	
00058888	STG::USerialize::Save	undefined __stdcall Save(FFileBase * param_1, GEFont * param_2)	ok	functions/00058888_STG__USerialize__Save.c	
00058ab8	STG::USerialize::Save	undefined __stdcall Save(FFileBase * param_1, GETextureFont * param_2)	ok	functions/00058ab8_STG__USerialize__Save.c	
00058c4c	STG::USerialize::Save	undefined __stdcall Save(FFileBase * param_1, GETextureFontContainer * param_2)	ok	functions/00058c4c_STG__USerialize__Save.c	
00058d14	STG::USerialize::Save	undefined __stdcall Save(FFileBase * param_1, GETextureSwap * param_2)	ok	functions/00058d14_STG__USerialize__Save.c	
00058e10	STG::USerialize::Save	undefined __stdcall Save(FFileBase * param_1, GETextureSwapContainer * param_2)	ok	functions/00058e10_STG__USerialize__Save.c	
00058e90	STG::USerialize::Save	undefined __stdcall Save(FFileBase * param_1, GETextureModifier * param_2)	ok	functions/00058e90_STG__USerialize__Save.c	
000590e4	STG::USerialize::Save	undefined __stdcall Save(FFileBase * param_1, GEModel * param_2)	ok	functions/000590e4_STG__USerialize__Save.c	
00059348	STG::USerialize::Save	undefined __stdcall Save(FFileBase * param_1, GEScene * param_2)	ok	functions/00059348_STG__USerialize__Save.c	
00059ff0	STG::USerialize::Load<unsigned_short,unsigned_short>	void __stdcall Load<unsigned_short,unsigned_short>(FFileBase * param_1, UStringBase * param_2)	ok	functions/00059ff0_STG__USerialize__Load_unsigned_short_unsigned_short_.c	
0005a43c	std::priv::_String_base<char,std::allocator<char>>::_M_deallocate_block	undefined __thiscall _M_deallocate_block(_String_base<char,std::allocator<char>> * this)	ok	functions/0005a43c_std__priv___String_base_char_std__allocator_char_____M_deallocate_block.c	
0005a46c	STG::UPreference<STG::UPreference_IAB_Entry,true>::~UPreference	undefined __thiscall ~UPreference(UPreference<STG::UPreference_IAB_Entry,true> * this)	ok	functions/0005a46c_STG__UPreference_STG__UPreference_IAB_Entry_true____UPreference.c	
0005a510	STG::UPreference<STG::UPreference_Theme_Entry,true>::~UPreference	undefined __thiscall ~UPreference(UPreference<STG::UPreference_Theme_Entry,true> * this)	ok	functions/0005a510_STG__UPreference_STG__UPreference_Theme_Entry_true____UPreference.c	
0005a5b4	STG::UPreference<STG::UStringBase<char,int>,true>::IsValueValid	undefined __thiscall IsValueValid(UPreference<STG::UStringBase<char,int>,true> * this, UStringBase * param_1)	ok	functions/0005a5b4_STG__UPreference_STG__UStringBase_char_int__true___IsValueValid.c	
0005a6a0	STG::UPreference<STG::UStringBase<char,int>,true>::SetSelectedValueByName	undefined __thiscall SetSelectedValueByName(UPreference<STG::UStringBase<char,int>,true> * this, UStringBase * param_1)	ok	functions/0005a6a0_STG__UPreference_STG__UStringBase_char_int__true___SetSelectedValueByName.c	
0005a7a4	STG::UPreference<STG::UPreference_Theme_Entry,true>::IsValueValid	undefined __thiscall IsValueValid(UPreference<STG::UPreference_Theme_Entry,true> * this, UStringBase * param_1)	ok	functions/0005a7a4_STG__UPreference_STG__UPreference_Theme_Entry_true___IsValueValid.c	
0005a890	STG::UPreference<STG::UPreference_Theme_Entry,true>::SetSelectedValueByName	undefined __thiscall SetSelectedValueByName(UPreference<STG::UPreference_Theme_Entry,true> * this, UStringBase * param_1)	ok	functions/0005a890_STG__UPreference_STG__UPreference_Theme_Entry_true___SetSelectedValueByName.c	
0005a994	STG::UPreference<STG::UPreference_IAB_Entry,true>::IsValueValid	undefined __thiscall IsValueValid(UPreference<STG::UPreference_IAB_Entry,true> * this, UStringBase * param_1)	ok	functions/0005a994_STG__UPreference_STG__UPreference_IAB_Entry_true___IsValueValid.c	
0005aa80	STG::UPreference<STG::UPreference_IAB_Entry,true>::SetSelectedValueByName	undefined __thiscall SetSelectedValueByName(UPreference<STG::UPreference_IAB_Entry,true> * this, UStringBase * param_1)	ok	functions/0005aa80_STG__UPreference_STG__UPreference_IAB_Entry_true___SetSelectedValueByName.c	
0005ab84	STG::UPreference<STG::GETimeOfDay::EPhase,true>::IsValueValid	undefined __thiscall IsValueValid(UPreference<STG::GETimeOfDay::EPhase,true> * this, UStringBase * param_1)	ok	functions/0005ab84_STG__UPreference_STG__GETimeOfDay__EPhase_true___IsValueValid.c	
0005ac70	STG::UPreference<STG::GETimeOfDay::EPhase,true>::SetSelectedValueByName	undefined __thiscall SetSelectedValueByName(UPreference<STG::GETimeOfDay::EPhase,true> * this, UStringBase * param_1)	ok	functions/0005ac70_STG__UPreference_STG__GETimeOfDay__EPhase_true___SetSelectedValueByName.c	
0005ad74	STG::UStringBase<char,int>::operator=	undefined __thiscall operator=(UStringBase<char,int> * this, UStringBase * param_1)	ok	functions/0005ad74_STG__UStringBase_char_int___operator_.c	
0005b154	STG::USerialize::Load<char,int>	void __stdcall Load<char,int>(FFileBase * param_1, UStringBase * param_2)	ok	functions/0005b154_STG__USerialize__Load_char_int_.c	
0005b508	STG::USerialize::Load	undefined __stdcall Load(FFileBase * param_1, UPreference_TimeOfDay * param_2)	ok	functions/0005b508_STG__USerialize__Load.c	
0005b730	STG::USerialize::Load	undefined __stdcall Load(FFileBase * param_1, UPreference_Theme * param_2)	ok	functions/0005b730_STG__USerialize__Load.c	
0005b8cc	STG::USerialize::Load	undefined __stdcall Load(FFileBase * param_1, UPreference_TextureGroup * param_2)	ok	functions/0005b8cc_STG__USerialize__Load.c	
0005baac	STG::USerialize::Load	undefined __stdcall Load(FFileBase * param_1, UPreference_TextureSwap * param_2)	ok	functions/0005baac_STG__USerialize__Load.c	
0005bc4c	STG::USerialize::Load	undefined __stdcall Load(FFileBase * param_1, UPreference_TextureFont * param_2)	ok	functions/0005bc4c_STG__USerialize__Load.c	
0005bdb4	STG::USerialize::Load	undefined __stdcall Load(FFileBase * param_1, UPreference_FileChooser_Texture * param_2)	ok	functions/0005bdb4_STG__USerialize__Load.c	
0005bf1c	STG::USerialize::Load	undefined __stdcall Load(FFileBase * param_1, UPreference_Environment * param_2)	ok	functions/0005bf1c_STG__USerialize__Load.c	
0005c0bc	STG::USerialize::Load	undefined __stdcall Load(FFileBase * param_1, UPreference_ModelToggle * param_2)	ok	functions/0005c0bc_STG__USerialize__Load.c	
0005c260	STG::USerialize::Load	undefined __stdcall Load(FFileBase * param_1, UPreference_ModelSwap * param_2)	ok	functions/0005c260_STG__USerialize__Load.c	
0005c464	STG::USerialize::Load	undefined __stdcall Load(FFileBase * param_1, UPreference_CameraSet * param_2)	ok	functions/0005c464_STG__USerialize__Load.c	
0005c5ec	STG::USerialize::Load	undefined __stdcall Load(FFileBase * param_1, GECameraSet * param_2)	ok	functions/0005c5ec_STG__USerialize__Load.c	
0005c714	STG::USerialize::Load	undefined __stdcall Load(FFileBase * param_1, FFileHash * param_2)	ok	functions/0005c714_STG__USerialize__Load.c	
0005c754	STG::USerialize::Load	undefined __stdcall Load(FFileBase * param_1, GEFont * param_2)	ok	functions/0005c754_STG__USerialize__Load.c	
0005cb70	STG::UPreference<STG::UPreference_IAB_Entry,true>::~UPreference	undefined __thiscall ~UPreference(UPreference<STG::UPreference_IAB_Entry,true> * this)	ok	functions/0005cb70_STG__UPreference_STG__UPreference_IAB_Entry_true____UPreference.c	
0005cc1c	STG::UPreference<STG::UPreference_Theme_Entry,true>::~UPreference	undefined __thiscall ~UPreference(UPreference<STG::UPreference_Theme_Entry,true> * this)	ok	functions/0005cc1c_STG__UPreference_STG__UPreference_Theme_Entry_true____UPreference.c	
0005ccc8	STG::USerialize::Load	undefined __stdcall Load(FFileBase * param_1, GETextureSwap * param_2)	ok	functions/0005ccc8_STG__USerialize__Load.c	
0005d358	STG::USerialize::Load	undefined __stdcall Load(FFileBase * param_1, GETextureSwapContainer * param_2)	ok	functions/0005d358_STG__USerialize__Load.c	
0005d3d0	STG::USerialize::Load	undefined __stdcall Load(FFileBase * param_1, UPreference_IAB * param_2)	ok	functions/0005d3d0_STG__USerialize__Load.c	
0005da04	STG::USerialize::Load	undefined __stdcall Load(FFileBase * param_1, UPreference_Scene * param_2)	ok	functions/0005da04_STG__USerialize__Load.c	
0005ea68	std::string::_M_compute_next_size	undefined __thiscall _M_compute_next_size(string * this, uint param_1)	ok	functions/0005ea68_std__string___M_compute_next_size.c	
0005eac4	STG::USerialize::Load	undefined __stdcall Load(FFileBase * param_1, GEMaterial * param_2)	ok	functions/0005eac4_STG__USerialize__Load.c	
0005f200	STG::USerialize::Load	undefined __stdcall Load(FFileBase * param_1, GEModel * param_2)	ok	functions/0005f200_STG__USerialize__Load.c	
0005f4cc	STG::USerialize::Load	undefined __stdcall Load(FFileBase * param_1, GETextureFont * param_2)	ok	functions/0005f4cc_STG__USerialize__Load.c	
0005fab8	STG::USerialize::Load	undefined __stdcall Load(FFileBase * param_1, GETextureFontContainer * param_2)	ok	functions/0005fab8_STG__USerialize__Load.c	
0005fb74	STG::USerialize::Load	undefined __stdcall Load(FFileBase * param_1, GETextureModifier * param_2)	ok	functions/0005fb74_STG__USerialize__Load.c	
000603c4	STG::USerialize::Load	undefined __stdcall Load(FFileBase * param_1, GEScene * param_2)	ok	functions/000603c4_STG__USerialize__Load.c	
00061eec	FUN_00061eec	undefined FUN_00061eec(void)	ok	functions/00061eec_FUN_00061eec.c	
00061fc8	STG::UCrypto::Transform	undefined __stdcall Transform(char * param_1, uint param_2, void * param_3)	ok	functions/00061fc8_STG__UCrypto__Transform.c	
00062028	STG::UCrypto::TransformAndPrint	undefined __stdcall TransformAndPrint(char * param_1)	ok	functions/00062028_STG__UCrypto__TransformAndPrint.c	
00062140	STG::UStringBaseHash_Internal	undefined __stdcall UStringBaseHash_Internal(uchar * param_1, uint param_2)	ok	functions/00062140_STG__UStringBaseHash_Internal.c	
00062240	STG::UTime::~UTime	undefined __thiscall ~UTime(UTime * this)	ok	functions/00062240_STG__UTime___UTime.c	
00062258	STG::USingleton<STG::UTime>::~USingleton	undefined __thiscall ~USingleton(USingleton<STG::UTime> * this)	ok	functions/00062258_STG__USingleton_STG__UTime____USingleton.c	
00062270	STG::USingleton<STG::UTime>::~USingleton	undefined __thiscall ~USingleton(USingleton<STG::UTime> * this)	ok	functions/00062270_STG__USingleton_STG__UTime____USingleton.c	
00062298	STG::UTime::~UTime	undefined __thiscall ~UTime(UTime * this)	ok	functions/00062298_STG__UTime___UTime.c	
000622b4	STG::UTime::InternalTime_Default::GetTime_UTC	undefined __thiscall GetTime_UTC(InternalTime_Default * this, tm * param_1)	ok	functions/000622b4_STG__UTime__InternalTime_Default__GetTime_UTC.c	
000622dc	STG::UTime::InternalTime_Default::GetTime_Local	undefined __thiscall GetTime_Local(InternalTime_Default * this, tm * param_1)	ok	functions/000622dc_STG__UTime__InternalTime_Default__GetTime_Local.c	
00062304	STG::UTime::InstallTimer	undefined __thiscall InstallTimer(UTime * this, IInternalTime * param_1)	ok	functions/00062304_STG__UTime__InstallTimer.c	
00062318	STG::UTime::UTime	undefined __thiscall UTime(UTime * this)	ok	functions/00062318_STG__UTime__UTime.c	
00062374	STG::UTime::GetCurrentTime_MS	undefined __stdcall GetCurrentTime_MS(void)	ok	functions/00062374_STG__UTime__GetCurrentTime_MS.c	
000623f0	STG::UTime::GetCurrentTime_US	undefined __stdcall GetCurrentTime_US(void)	ok	functions/000623f0_STG__UTime__GetCurrentTime_US.c	
0006246c	STG::UTime::GetStartTime_MS	undefined __stdcall GetStartTime_MS(void)	ok	functions/0006246c_STG__UTime__GetStartTime_MS.c	
000624b4	STG::UTime::GetStartTime_US	undefined __stdcall GetStartTime_US(void)	ok	functions/000624b4_STG__UTime__GetStartTime_US.c	
000624fc	STG::UTime::GetTime_Local	undefined __stdcall GetTime_Local(void)	ok	functions/000624fc_STG__UTime__GetTime_Local.c	
00062594	STG::UTime::GetTime_UTC	undefined __stdcall GetTime_UTC(void)	ok	functions/00062594_STG__UTime__GetTime_UTC.c	
0006262c	STG::UTime::GetUTCOffset	undefined __thiscall GetUTCOffset(UTime * this, TimeStruct * param_1, TimeStruct * param_2)	ok	functions/0006262c_STG__UTime__GetUTCOffset.c	
0006266c	STG::UTime::GetUTCOffset	undefined __thiscall GetUTCOffset(UTime * this)	ok	functions/0006266c_STG__UTime__GetUTCOffset.c	
000626a8	STG::UTime::Sleep_MS	undefined __stdcall Sleep_MS(UTimeValue param_1)	ok	functions/000626a8_STG__UTime__Sleep_MS.c	
000626b4	STG::UTime::ComputeSolarEvents	undefined __thiscall ComputeSolarEvents(UTime * this, long param_1, MLocation * param_2, MExplicitType * param_3, MExplicitType * param_4)	ok	functions/000626b4_STG__UTime__ComputeSolarEvents.c	
00062e74	STG::UTime::ComputeSolarEvents	undefined __thiscall ComputeSolarEvents(UTime * this, TimeStruct * param_1, MLocation * param_2, MExplicitType * param_3, MExplicitType * param_4)	ok	functions/00062e74_STG__UTime__ComputeSolarEvents.c	
00062e7c	STG::UTime::ComputeSolarEvents	undefined __thiscall ComputeSolarEvents(UTime * this, MLocation * param_1, MExplicitType * param_2, MExplicitType * param_3, long * param_4)	ok	functions/00062e7c_STG__UTime__ComputeSolarEvents.c	
00062ed4	STG::UResource::LoadAllResources	undefined __stdcall LoadAllResources(void)	ok	functions/00062ed4_STG__UResource__LoadAllResources.c	
00062f4c	STG::UResource::GetChildResourceCountRecurse	undefined __stdcall GetChildResourceCountRecurse(void)	ok	functions/00062f4c_STG__UResource__GetChildResourceCountRecurse.c	
00062fb8	STG::UResource::GetSubFileCountRecurse	undefined __thiscall GetSubFileCountRecurse(UResource * this)	ok	functions/00062fb8_STG__UResource__GetSubFileCountRecurse.c	
00063134	STG::UResource::LoadResources	undefined __thiscall LoadResources(UResource * this)	ok	functions/00063134_STG__UResource__LoadResources.c	
0006327c	STG::UResource::~UResource	undefined __thiscall ~UResource(UResource * this)	ok	functions/0006327c_STG__UResource___UResource.c	
000632fc	STG::UResource::~UResource	undefined __thiscall ~UResource(UResource * this)	ok	functions/000632fc_STG__UResource___UResource.c	
00063384	STG::UResource::LoadSelf	undefined __thiscall LoadSelf(UResource * this, FFileHash * param_1)	ok	functions/00063384_STG__UResource__LoadSelf.c	
0006361c	STG::UResource::GetAllUniqueSubFiles	undefined __thiscall GetAllUniqueSubFiles(UResource * this, UArrayFixed * param_1)	ok	functions/0006361c_STG__UResource__GetAllUniqueSubFiles.c	
000639d8	STG::UResource::GetAllSubFiles	undefined __thiscall GetAllSubFiles(UResource * this, UArrayFixed * param_1)	ok	functions/000639d8_STG__UResource__GetAllSubFiles.c	
00063ff4	STG::UPreferenceBase::SetListener	undefined __thiscall SetListener(UPreferenceBase * this, IListener * param_1)	ok	functions/00063ff4_STG__UPreferenceBase__SetListener.c	
0006400c	STG::UPreference<STG::UStringBase<unsigned_short,unsigned_short>,true>::GetNumValues	undefined __thiscall GetNumValues(UPreference<STG::UStringBase<unsigned_short,unsigned_short>,true> * this)	ok	functions/0006400c_STG__UPreference_STG__UStringBase_unsigned_short_unsigned_short__true___GetNumValues.c	
00064014	STG::UPreference<STG::UStringBase<unsigned_short,unsigned_short>,true>::GetNumSelectableValues	undefined __thiscall GetNumSelectableValues(UPreference<STG::UStringBase<unsigned_short,unsigned_short>,true> * this)	ok	functions/00064014_STG__UPreference_STG__UStringBase_unsigned_short_unsigned_short__true___GetNumSelectableValues.c	
00064028	STG::UPreference<STG::UStringBase<unsigned_short,unsigned_short>,true>::GetSelectedValueIndex	undefined __thiscall GetSelectedValueIndex(UPreference<STG::UStringBase<unsigned_short,unsigned_short>,true> * this)	ok	functions/00064028_STG__UPreference_STG__UStringBase_unsigned_short_unsigned_short__true___GetSelectedValueIndex.c	
00064030	STG::UPreference<STG::UStringBase<unsigned_short,unsigned_short>,true>::SetSelectedValueIndex	undefined __thiscall SetSelectedValueIndex(UPreference<STG::UStringBase<unsigned_short,unsigned_short>,true> * this, ulong param_1)	ok	functions/00064030_STG__UPreference_STG__UStringBase_unsigned_short_unsigned_short__true___SetSelectedValueIndex.c	
00064070	STG::UPreference<STG::UStringBase<unsigned_short,unsigned_short>,true>::GetSelectedValueByName	undefined __stdcall GetSelectedValueByName(UStringBase * param_1)	ok	functions/00064070_STG__UPreference_STG__UStringBase_unsigned_short_unsigned_short__true___GetSelectedValueByName.c	
0006408c	STG::UPreference<STG::UStringBase<unsigned_short,unsigned_short>,true>::SetSelectedValue	undefined __thiscall SetSelectedValue(UPreference<STG::UStringBase<unsigned_short,unsigned_short>,true> * this, UStringBase * param_1)	ok	functions/0006408c_STG__UPreference_STG__UStringBase_unsigned_short_unsigned_short__true___SetSelectedValue.c	
00064178	STG::UPreference<unsigned_long,true>::GetNumValues	undefined __thiscall GetNumValues(UPreference<unsigned_long,true> * this)	ok	functions/00064178_STG__UPreference_unsigned_long_true___GetNumValues.c	
00064180	STG::UPreference<unsigned_long,true>::GetNumSelectableValues	undefined __thiscall GetNumSelectableValues(UPreference<unsigned_long,true> * this)	ok	functions/00064180_STG__UPreference_unsigned_long_true___GetNumSelectableValues.c	
00064194	STG::UPreference<unsigned_long,true>::GetSelectedValueIndex	undefined __thiscall GetSelectedValueIndex(UPreference<unsigned_long,true> * this)	ok	functions/00064194_STG__UPreference_unsigned_long_true___GetSelectedValueIndex.c	
0006419c	STG::UPreference<unsigned_long,true>::SetSelectedValueIndex	undefined __thiscall SetSelectedValueIndex(UPreference<unsigned_long,true> * this, ulong param_1)	ok	functions/0006419c_STG__UPreference_unsigned_long_true___SetSelectedValueIndex.c	
000641dc	STG::UPreference<unsigned_long,true>::GetSelectedValueByName	undefined __stdcall GetSelectedValueByName(UStringBase * param_1)	ok	functions/000641dc_STG__UPreference_unsigned_long_true___GetSelectedValueByName.c	
000641f8	STG::UPreference<unsigned_long,true>::SetSelectedValue	undefined __thiscall SetSelectedValue(UPreference<unsigned_long,true> * this, ulong * param_1)	ok	functions/000641f8_STG__UPreference_unsigned_long_true___SetSelectedValue.c	
00064264	STG::UPreference<bool,true>::GetNumValues	undefined __thiscall GetNumValues(UPreference<bool,true> * this)	ok	functions/00064264_STG__UPreference_bool_true___GetNumValues.c	
0006426c	STG::UPreference<bool,true>::GetNumSelectableValues	undefined __thiscall GetNumSelectableValues(UPreference<bool,true> * this)	ok	functions/0006426c_STG__UPreference_bool_true___GetNumSelectableValues.c	
00064280	STG::UPreference<bool,true>::GetSelectedValueIndex	undefined __thiscall GetSelectedValueIndex(UPreference<bool,true> * this)	ok	functions/00064280_STG__UPreference_bool_true___GetSelectedValueIndex.c	
00064288	STG::UPreference<bool,true>::SetSelectedValueIndex	undefined __thiscall SetSelectedValueIndex(UPreference<bool,true> * this, ulong param_1)	ok	functions/00064288_STG__UPreference_bool_true___SetSelectedValueIndex.c	
000642c8	STG::UPreference<bool,true>::GetSelectedValueByName	undefined __stdcall GetSelectedValueByName(UStringBase * param_1)	ok	functions/000642c8_STG__UPreference_bool_true___GetSelectedValueByName.c	
000642e4	STG::UPreference<bool,true>::SetSelectedValue	undefined __thiscall SetSelectedValue(UPreference<bool,true> * this, bool * param_1)	ok	functions/000642e4_STG__UPreference_bool_true___SetSelectedValue.c	
00064350	STG::UPreferenceBase::GetShouldReflect	undefined __thiscall GetShouldReflect(UPreferenceBase * this)	ok	functions/00064350_STG__UPreferenceBase__GetShouldReflect.c	
00064478	STG::UPreferenceBase::~UPreferenceBase	undefined __thiscall ~UPreferenceBase(UPreferenceBase * this)	ok	functions/00064478_STG__UPreferenceBase___UPreferenceBase.c	
0006459c	STG::UPreference<bool,true>::~UPreference	undefined __thiscall ~UPreference(UPreference<bool,true> * this)	ok	functions/0006459c_STG__UPreference_bool_true____UPreference.c	
000645e0	STG::UPreference<unsigned_long,true>::~UPreference	undefined __thiscall ~UPreference(UPreference<unsigned_long,true> * this)	ok	functions/000645e0_STG__UPreference_unsigned_long_true____UPreference.c	
00064624	STG::UPreference<STG::UStringBase<unsigned_short,unsigned_short>,true>::~UPreference	undefined __thiscall ~UPreference(UPreference<STG::UStringBase<unsigned_short,unsigned_short>,true> * this)	ok	functions/00064624_STG__UPreference_STG__UStringBase_unsigned_short_unsigned_short__true____UPreference.c	
000646ac	STG::UPreferenceBase::~UPreferenceBase	undefined __thiscall ~UPreferenceBase(UPreferenceBase * this)	ok	functions/000646ac_STG__UPreferenceBase___UPreferenceBase.c	
000646c8	STG::UPreference_Uint32::~UPreference_Uint32	undefined __thiscall ~UPreference_Uint32(UPreference_Uint32 * this)	ok	functions/000646c8_STG__UPreference_Uint32___UPreference_Uint32.c	
00064714	STG::UPreference_Uint32::~UPreference_Uint32	undefined __thiscall ~UPreference_Uint32(UPreference_Uint32 * this)	ok	functions/00064714_STG__UPreference_Uint32___UPreference_Uint32.c	
00064758	STG::UPreference<unsigned_long,true>::~UPreference	undefined __thiscall ~UPreference(UPreference<unsigned_long,true> * this)	ok	functions/00064758_STG__UPreference_unsigned_long_true____UPreference.c	
000647a4	STG::UPreference<bool,true>::~UPreference	undefined __thiscall ~UPreference(UPreference<bool,true> * this)	ok	functions/000647a4_STG__UPreference_bool_true____UPreference.c	
000647f0	STG::UPreference_Bool::~UPreference_Bool	undefined __thiscall ~UPreference_Bool(UPreference_Bool * this)	ok	functions/000647f0_STG__UPreference_Bool___UPreference_Bool.c	
00064834	STG::UPreference_Bool::~UPreference_Bool	undefined __thiscall ~UPreference_Bool(UPreference_Bool * this)	ok	functions/00064834_STG__UPreference_Bool___UPreference_Bool.c	
00064880	STG::UPreference_WideString::~UPreference_WideString	undefined __thiscall ~UPreference_WideString(UPreference_WideString * this)	ok	functions/00064880_STG__UPreference_WideString___UPreference_WideString.c	
00064908	STG::UPreference_WideString::~UPreference_WideString	undefined __thiscall ~UPreference_WideString(UPreference_WideString * this)	ok	functions/00064908_STG__UPreference_WideString___UPreference_WideString.c	
00064998	STG::UPreference<STG::UStringBase<unsigned_short,unsigned_short>,true>::~UPreference	undefined __thiscall ~UPreference(UPreference<STG::UStringBase<unsigned_short,unsigned_short>,true> * this)	ok	functions/00064998_STG__UPreference_STG__UStringBase_unsigned_short_unsigned_short__true____UPreference.c	
00064a28	STG::UPreference_String::~UPreference_String	undefined __thiscall ~UPreference_String(UPreference_String * this)	ok	functions/00064a28_STG__UPreference_String___UPreference_String.c	
00064ab0	STG::UPreference_String::~UPreference_String	undefined __thiscall ~UPreference_String(UPreference_String * this)	ok	functions/00064ab0_STG__UPreference_String___UPreference_String.c	
00064b40	STG::UPreference<STG::UStringBase<unsigned_short,unsigned_short>,true>::SetSelectedValueByName	undefined __thiscall SetSelectedValueByName(UPreference<STG::UStringBase<unsigned_short,unsigned_short>,true> * this, UStringBase * param_1)	ok	functions/00064b40_STG__UPreference_STG__UStringBase_unsigned_short_unsigned_short__true___SetSelectedValueByName.c	
00064c8c	STG::UPreference<bool,true>::IsValueValid	undefined __thiscall IsValueValid(UPreference<bool,true> * this, UStringBase * param_1)	ok	functions/00064c8c_STG__UPreference_bool_true___IsValueValid.c	
00064dbc	STG::UPreference<bool,true>::SetSelectedValueByName	undefined __thiscall SetSelectedValueByName(UPreference<bool,true> * this, UStringBase * param_1)	ok	functions/00064dbc_STG__UPreference_bool_true___SetSelectedValueByName.c	
00064f08	STG::UPreference<unsigned_long,true>::IsValueValid	undefined __thiscall IsValueValid(UPreference<unsigned_long,true> * this, UStringBase * param_1)	ok	functions/00064f08_STG__UPreference_unsigned_long_true___IsValueValid.c	
00065038	STG::UPreference<unsigned_long,true>::SetSelectedValueByName	undefined __thiscall SetSelectedValueByName(UPreference<unsigned_long,true> * this, UStringBase * param_1)	ok	functions/00065038_STG__UPreference_unsigned_long_true___SetSelectedValueByName.c	
00065184	STG::UPreference<STG::UStringBase<unsigned_short,unsigned_short>,true>::IsValueValid	undefined __thiscall IsValueValid(UPreference<STG::UStringBase<unsigned_short,unsigned_short>,true> * this, UStringBase * param_1)	ok	functions/00065184_STG__UPreference_STG__UStringBase_unsigned_short_unsigned_short__true___IsValueValid.c	
000652b4	STG::UPreferenceBase::UPreferenceBase	undefined __thiscall UPreferenceBase(UPreferenceBase * this)	ok	functions/000652b4_STG__UPreferenceBase__UPreferenceBase.c	
00065348	STG::UStringBase<char,int>::Replace	undefined __thiscall Replace(UStringBase<char,int> * this, UStringBase * param_1, UStringBase * param_2)	ok	functions/00065348_STG__UStringBase_char_int___Replace.c	
000659a0	STG::UPreference_WideString::PrintValue	undefined __thiscall PrintValue(UPreference_WideString * this, ulong param_1, UStringBase * param_2)	ok	functions/000659a0_STG__UPreference_WideString__PrintValue.c	
00065b94	STG::UPreference_String::PrintValue	undefined __thiscall PrintValue(UPreference_String * this, ulong param_1, UStringBase * param_2)	ok	functions/00065b94_STG__UPreference_String__PrintValue.c	
00065c54	STG::UPreference_Uint32::PrintValue	undefined __thiscall PrintValue(UPreference_Uint32 * this, ulong param_1, UStringBase * param_2)	ok	functions/00065c54_STG__UPreference_Uint32__PrintValue.c	
00065e48	STG::UPreference_Bool::PrintValue	undefined __thiscall PrintValue(UPreference_Bool * this, ulong param_1, UStringBase * param_2)	ok	functions/00065e48_STG__UPreference_Bool__PrintValue.c	
00066060	STG::UPreferenceBase::GenerateDefaultKey	undefined __thiscall GenerateDefaultKey(UPreferenceBase * this)	ok	functions/00066060_STG__UPreferenceBase__GenerateDefaultKey.c	
00066544	STG::UPreferenceBase::Initialize	undefined __thiscall Initialize(UPreferenceBase * this, UStringBase * param_1, UStringBase * param_2, UStringBase * param_3)	ok	functions/00066544_STG__UPreferenceBase__Initialize.c	
0006677c	STG::UPreference<STG::UStringBase<unsigned_short,unsigned_short>,true>::Initialize	undefined __thiscall Initialize(UPreference<STG::UStringBase<unsigned_short,unsigned_short>,true> * this, UStringBase * param_1, UStringBase * param_2, UStringBase * param_3, ulong param_4)	ok	functions/0006677c_STG__UPreference_STG__UStringBase_unsigned_short_unsigned_short__true___Initialize.c	
00066810	STG::UPreference<unsigned_long,true>::Initialize	undefined __thiscall Initialize(UPreference<unsigned_long,true> * this, UStringBase * param_1, UStringBase * param_2, UStringBase * param_3, ulong param_4)	ok	functions/00066810_STG__UPreference_unsigned_long_true___Initialize.c	
00066840	STG::UPreference<bool,true>::Initialize	undefined __thiscall Initialize(UPreference<bool,true> * this, UStringBase * param_1, UStringBase * param_2, UStringBase * param_3, ulong param_4)	ok	functions/00066840_STG__UPreference_bool_true___Initialize.c	
0006686c	STG::UPreference_WideString::Initialize	undefined __thiscall Initialize(UPreference_WideString * this, UStringBase * param_1, UStringBase * param_2, UStringBase * param_3, ulong param_4)	ok	functions/0006686c_STG__UPreference_WideString__Initialize.c	
00066900	STG::UPreference_String::Initialize	undefined __thiscall Initialize(UPreference_String * this, UStringBase * param_1, UStringBase * param_2, UStringBase * param_3, ulong param_4)	ok	functions/00066900_STG__UPreference_String__Initialize.c	
00066994	STG::UPreference_Bool::Initialize	undefined __thiscall Initialize(UPreference_Bool * this, UStringBase * param_1, UStringBase * param_2, UStringBase * param_3, bool param_4)	ok	functions/00066994_STG__UPreference_Bool__Initialize.c	
000669d4	STG::UPreference_Uint32::Initialize	undefined __thiscall Initialize(UPreference_Uint32 * this, UStringBase * param_1, UStringBase * param_2, UStringBase * param_3, ulong param_4)	ok	functions/000669d4_STG__UPreference_Uint32__Initialize.c	
00066a04	FUN_00066a04	undefined FUN_00066a04(void)	ok	functions/00066a04_FUN_00066a04.c	
000674bc	STG::UPreferenceBase::SetShouldReflect	undefined __thiscall SetShouldReflect(UPreferenceBase * this, bool param_1)	ok	functions/000674bc_STG__UPreferenceBase__SetShouldReflect.c	
000674f4	_INIT_3	undefined _INIT_3(void)	ok	functions/000674f4__INIT_3.c	
0006756c	STG::UPreference_Environment::~UPreference_Environment	undefined __thiscall ~UPreference_Environment(UPreference_Environment * this)	ok	functions/0006756c_STG__UPreference_Environment___UPreference_Environment.c	
000675fc	STG::UPreference_Environment::~UPreference_Environment	undefined __thiscall ~UPreference_Environment(UPreference_Environment * this)	ok	functions/000675fc_STG__UPreference_Environment___UPreference_Environment.c	
00067684	STG::UPreference_Environment::Initialize	undefined __thiscall Initialize(UPreference_Environment * this, UStringBase * param_1, UStringBase * param_2, UStringBase * param_3, ulong param_4)	ok	functions/00067684_STG__UPreference_Environment__Initialize.c	
00067718	STG::UPreference_Environment::GetKeyPrefix	undefined __thiscall GetKeyPrefix(UPreference_Environment * this, UStringBase * param_1)	ok	functions/00067718_STG__UPreference_Environment__GetKeyPrefix.c	
00067878	STG::UPreference_FileChooser::~UPreference_FileChooser	undefined __thiscall ~UPreference_FileChooser(UPreference_FileChooser * this)	ok	functions/00067878_STG__UPreference_FileChooser___UPreference_FileChooser.c	
00067900	STG::UPreference_FileChooser_Texture::~UPreference_FileChooser_Texture	undefined __thiscall ~UPreference_FileChooser_Texture(UPreference_FileChooser_Texture * this)	ok	functions/00067900_STG__UPreference_FileChooser_Texture___UPreference_FileChooser_Texture.c	
00067928	STG::UPreference_FileChooser_Texture::~UPreference_FileChooser_Texture	undefined __thiscall ~UPreference_FileChooser_Texture(UPreference_FileChooser_Texture * this)	ok	functions/00067928_STG__UPreference_FileChooser_Texture___UPreference_FileChooser_Texture.c	
00067944	STG::UPreference_FileChooser::~UPreference_FileChooser	undefined __thiscall ~UPreference_FileChooser(UPreference_FileChooser * this)	ok	functions/00067944_STG__UPreference_FileChooser___UPreference_FileChooser.c	
00067960	STG::UPreference_FileChooser::Initialize	undefined __thiscall Initialize(UPreference_FileChooser * this, UStringBase * param_1, UStringBase * param_2, UStringBase * param_3)	ok	functions/00067960_STG__UPreference_FileChooser__Initialize.c	
000679f4	STG::UPreference_FileChooser_Texture::Initialize	undefined __thiscall Initialize(UPreference_FileChooser_Texture * this, ulong param_1, ulong param_2, UStringBase * param_3, UStringBase * param_4, UStringBase * param_5)	ok	functions/000679f4_STG__UPreference_FileChooser_Texture__Initialize.c	
00067a14	STG::UPreference_FileChooser::UPreference_FileChooser	undefined __thiscall UPreference_FileChooser(UPreference_FileChooser * this)	ok	functions/00067a14_STG__UPreference_FileChooser__UPreference_FileChooser.c	
00067a4c	STG::UPreference_FileChooser_Texture::UPreference_FileChooser_Texture	undefined __thiscall UPreference_FileChooser_Texture(UPreference_FileChooser_Texture * this)	ok	functions/00067a4c_STG__UPreference_FileChooser_Texture__UPreference_FileChooser_Texture.c	
00067a84	STG::UPreference_FileChooser_Texture::GetKeySuffix	undefined __thiscall GetKeySuffix(UPreference_FileChooser_Texture * this, UStringBase * param_1)	ok	functions/00067a84_STG__UPreference_FileChooser_Texture__GetKeySuffix.c	
00067b14	STG::UPreference_FileChooser::GetKeyPrefix	undefined __thiscall GetKeyPrefix(UPreference_FileChooser * this, UStringBase * param_1)	ok	functions/00067b14_STG__UPreference_FileChooser__GetKeyPrefix.c	
00067c74	STG::UPreference_FileChooser_Texture::GetKeyPrefix	undefined __thiscall GetKeyPrefix(UPreference_FileChooser_Texture * this, UStringBase * param_1)	ok	functions/00067c74_STG__UPreference_FileChooser_Texture__GetKeyPrefix.c	
00067de8	STG::UPreference_IAB::~UPreference_IAB	undefined __thiscall ~UPreference_IAB(UPreference_IAB * this)	ok	functions/00067de8_STG__UPreference_IAB___UPreference_IAB.c	
00067efc	STG::UPreference_IAB::~UPreference_IAB	undefined __thiscall ~UPreference_IAB(UPreference_IAB * this)	ok	functions/00067efc_STG__UPreference_IAB___UPreference_IAB.c	
00068008	STG::UPreference_IAB::Initialize	undefined __thiscall Initialize(UPreference_IAB * this, UStringBase * param_1, UStringBase * param_2, UStringBase * param_3, ulong param_4)	ok	functions/00068008_STG__UPreference_IAB__Initialize.c	
00068108	STG::UPreference_IAB::PrintValue	undefined __thiscall PrintValue(UPreference_IAB * this, ulong param_1, UStringBase * param_2)	ok	functions/00068108_STG__UPreference_IAB__PrintValue.c	
0006818c	STG::UPreference_IAB::GetKeyPrefix	undefined __thiscall GetKeyPrefix(UPreference_IAB * this, UStringBase * param_1)	ok	functions/0006818c_STG__UPreference_IAB__GetKeyPrefix.c	
000682d0	STG::UPreference_ModelSwap::~UPreference_ModelSwap	undefined __thiscall ~UPreference_ModelSwap(UPreference_ModelSwap * this)	ok	functions/000682d0_STG__UPreference_ModelSwap___UPreference_ModelSwap.c	
000683e4	STG::UPreference_ModelSwap::~UPreference_ModelSwap	undefined __thiscall ~UPreference_ModelSwap(UPreference_ModelSwap * this)	ok	functions/000683e4_STG__UPreference_ModelSwap___UPreference_ModelSwap.c	
00068400	STG::UPreference_ModelSwap::Initialize	undefined __thiscall Initialize(UPreference_ModelSwap * this, ulong param_1, UStringBase * param_2, UStringBase * param_3, UStringBase * param_4, ulong param_5)	ok	functions/00068400_STG__UPreference_ModelSwap__Initialize.c	
000685dc	STG::UPreference_ModelSwap::UPreference_ModelSwap	undefined __thiscall UPreference_ModelSwap(UPreference_ModelSwap * this)	ok	functions/000685dc_STG__UPreference_ModelSwap__UPreference_ModelSwap.c	
0006862c	STG::UPreference_ModelSwap::GetModelIndices	undefined __thiscall GetModelIndices(UPreference_ModelSwap * this, ulong param_1, ulong * * param_2, ulong * param_3)	ok	functions/0006862c_STG__UPreference_ModelSwap__GetModelIndices.c	
00068658	STG::UPreference_ModelSwap::SetModelCount	undefined __thiscall SetModelCount(UPreference_ModelSwap * this, ulong param_1, ulong param_2)	ok	functions/00068658_STG__UPreference_ModelSwap__SetModelCount.c	
00068688	STG::UPreference_ModelSwap::SetModelIndex	undefined __thiscall SetModelIndex(UPreference_ModelSwap * this, ulong param_1, ulong param_2, ulong param_3)	ok	functions/00068688_STG__UPreference_ModelSwap__SetModelIndex.c	
000686a0	STG::UPreference_ModelSwap::GetKeyPrefix	undefined __thiscall GetKeyPrefix(UPreference_ModelSwap * this, UStringBase * param_1)	ok	functions/000686a0_STG__UPreference_ModelSwap__GetKeyPrefix.c	
000687f0	STG::UPreference_ModelToggle::Initialize	undefined __thiscall Initialize(UPreference_ModelToggle * this, ulong param_1, UStringBase * param_2, UStringBase * param_3, UStringBase * param_4, bool param_5)	ok	functions/000687f0_STG__UPreference_ModelToggle__Initialize.c	
000688b0	STG::UPreference_ModelToggle::~UPreference_ModelToggle	undefined __thiscall ~UPreference_ModelToggle(UPreference_ModelToggle * this)	ok	functions/000688b0_STG__UPreference_ModelToggle___UPreference_ModelToggle.c	
00068930	STG::UPreference_ModelToggle::~UPreference_ModelToggle	undefined __thiscall ~UPreference_ModelToggle(UPreference_ModelToggle * this)	ok	functions/00068930_STG__UPreference_ModelToggle___UPreference_ModelToggle.c	
0006894c	STG::UPreference_ModelToggle::UPreference_ModelToggle	undefined __thiscall UPreference_ModelToggle(UPreference_ModelToggle * this)	ok	functions/0006894c_STG__UPreference_ModelToggle__UPreference_ModelToggle.c	
0006898c	STG::UPreference_ModelToggle::GetKeyPrefix	undefined __thiscall GetKeyPrefix(UPreference_ModelToggle * this, UStringBase * param_1)	ok	functions/0006898c_STG__UPreference_ModelToggle__GetKeyPrefix.c	
00068aec	FUN_00068aec	undefined FUN_00068aec(void)	ok	functions/00068aec_FUN_00068aec.c	
00068bb8	STG::UPreference_CameraSet::~UPreference_CameraSet	undefined __thiscall ~UPreference_CameraSet(UPreference_CameraSet * this)	ok	functions/00068bb8_STG__UPreference_CameraSet___UPreference_CameraSet.c	
00068c40	STG::UPreference_CameraSet::~UPreference_CameraSet	undefined __thiscall ~UPreference_CameraSet(UPreference_CameraSet * this)	ok	functions/00068c40_STG__UPreference_CameraSet___UPreference_CameraSet.c	
00068cd0	STG::UPreference_CameraSet::Initialize	undefined __thiscall Initialize(UPreference_CameraSet * this, UStringBase * param_1, UStringBase * param_2, UStringBase * param_3, ulong param_4)	ok	functions/00068cd0_STG__UPreference_CameraSet__Initialize.c	
00068d64	STG::UPreference_Scene::UPreference_Scene	undefined __thiscall UPreference_Scene(UPreference_Scene * this)	ok	functions/00068d64_STG__UPreference_Scene__UPreference_Scene.c	
00068df4	STG::UPreference_Scene::~UPreference_Scene	undefined __thiscall ~UPreference_Scene(UPreference_Scene * this)	ok	functions/00068df4_STG__UPreference_Scene___UPreference_Scene.c	
00069474	STG::UPreference_Scene::InitializeAutoTimeOfDay	undefined __stdcall InitializeAutoTimeOfDay(void)	ok	functions/00069474_STG__UPreference_Scene__InitializeAutoTimeOfDay.c	
000695a4	STG::UPreference_Scene::Initialize	undefined __thiscall Initialize(UPreference_Scene * this, InitData * param_1)	ok	functions/000695a4_STG__UPreference_Scene__Initialize.c	
00069fa4	STG::UPreference_Scene::InitializeMultiPrefs	undefined __thiscall InitializeMultiPrefs(UPreference_Scene * this, ulong param_1)	ok	functions/00069fa4_STG__UPreference_Scene__InitializeMultiPrefs.c	
0006a1b4	STG::UPreference_Scene::GetNumMultiPrefs	undefined __thiscall GetNumMultiPrefs(UPreference_Scene * this)	ok	functions/0006a1b4_STG__UPreference_Scene__GetNumMultiPrefs.c	
0006a1bc	STG::UPreference_Scene::GetTimeOfDay	undefined __thiscall GetTimeOfDay(UPreference_Scene * this, ResultData * param_1, GETimeOfDay * param_2)	ok	functions/0006a1bc_STG__UPreference_Scene__GetTimeOfDay.c	
0006a2b0	STG::UPreference_Scene::SetTimeOfDay	undefined __thiscall SetTimeOfDay(UPreference_Scene * this, EPhase param_1)	ok	functions/0006a2b0_STG__UPreference_Scene__SetTimeOfDay.c	
0006a30c	STG::ReflectPreference<STG::UPreference_ModelToggle>	bool __stdcall ReflectPreference<STG::UPreference_ModelToggle>(FFileBase * param_1, UPreference_ModelToggle * param_2, bool param_3)	ok	functions/0006a30c_STG__ReflectPreference_STG__UPreference_ModelToggle_.c	
0006a500	STG::ReflectPreference<STG::UPreference_TextureFont>	bool __thiscall ReflectPreference<STG::UPreference_TextureFont>(STG * this, FFileBase * param_1, UPreference_TextureFont * param_2, bool param_3)	ok	functions/0006a500_STG__ReflectPreference_STG__UPreference_TextureFont_.c	
0006a610	STG::ReflectPreference<STG::UPreference_FileChooser_Texture>	bool __thiscall ReflectPreference<STG::UPreference_FileChooser_Texture>(STG * this, FFileBase * param_1, UPreference_FileChooser_Texture * param_2, bool param_3)	ok	functions/0006a610_STG__ReflectPreference_STG__UPreference_FileChooser_Texture_.c	
0006a720	STG::UPreference_Scene::ReflectToFile	undefined __thiscall ReflectToFile(UPreference_Scene * this, char * param_1)	ok	functions/0006a720_STG__UPreference_Scene__ReflectToFile.c	
0006cb04	STG::UPreference_Scene::GatherPreferencesByType	undefined __thiscall GatherPreferencesByType(UPreference_Scene * this, EPreferenceType param_1, UArrayFixed * param_2)	ok	functions/0006cb04_STG__UPreference_Scene__GatherPreferencesByType.c	
0006d438	STG::UStringBase<unsigned_short,unsigned_short>::Trim	undefined __thiscall Trim(UStringBase<unsigned_short,unsigned_short> * this)	ok	functions/0006d438_STG__UStringBase_unsigned_short_unsigned_short___Trim.c	
0006d698	STG::UStringBase<char,int>::IsEqual	undefined __thiscall IsEqual(UStringBase<char,int> * this, UStringBase * param_1)	ok	functions/0006d698_STG__UStringBase_char_int___IsEqual.c	
0006d6f0	STG::UPreference_Scene::FindPreference	undefined __thiscall FindPreference(UPreference_Scene * this, UStringBase * param_1)	ok	functions/0006d6f0_STG__UPreference_Scene__FindPreference.c	
0006db04	STG::UPreference_Scene::OnSelection	undefined __thiscall OnSelection(UPreference_Scene * this, UStringBase * param_1, ulong param_2)	ok	functions/0006db04_STG__UPreference_Scene__OnSelection.c	
0006dbb8	STG::UPreference_Scene::FindPreference	undefined __thiscall FindPreference(UPreference_Scene * this, UStringBase * param_1)	ok	functions/0006dbb8_STG__UPreference_Scene__FindPreference.c	
0006e4d4	STG::UPreference_Scene::GetPreferenceType	undefined __thiscall GetPreferenceType(UPreference_Scene * this, UPreferenceBase * param_1)	ok	functions/0006e4d4_STG__UPreference_Scene__GetPreferenceType.c	
0006e4e8	STG::UPreference_Scene::GetPreferenceType	undefined __thiscall GetPreferenceType(UPreference_Scene * this, UStringBase * param_1)	ok	functions/0006e4e8_STG__UPreference_Scene__GetPreferenceType.c	
0006e504	STG::UPreference_Scene::GetIsValidMultiPref	undefined __thiscall GetIsValidMultiPref(UPreference_Scene * this, UStringBase * param_1, UStringBase * param_2)	ok	functions/0006e504_STG__UPreference_Scene__GetIsValidMultiPref.c	
0006e850	STG::UPreference_Scene::SetValueByKey	undefined __thiscall SetValueByKey(UPreference_Scene * this, EPreferenceType param_1, UStringBase * param_2, UStringBase * param_3)	ok	functions/0006e850_STG__UPreference_Scene__SetValueByKey.c	
0006ee40	STG::UPreference_CameraSet::GetKeyPrefix	undefined __thiscall GetKeyPrefix(UPreference_CameraSet * this, UStringBase * param_1)	ok	functions/0006ee40_STG__UPreference_CameraSet__GetKeyPrefix.c	
0006ef90	STG::UPreference_Scene::SetMultiPref	undefined __thiscall SetMultiPref(UPreference_Scene * this, ulong param_1, UStringBase * param_2, UStringBase * param_3)	ok	functions/0006ef90_STG__UPreference_Scene__SetMultiPref.c	
0006f15c	STG::UPreference_TextureFont::SetUserMessage	undefined __thiscall SetUserMessage(UPreference_TextureFont * this, UStringBase * param_1)	ok	functions/0006f15c_STG__UPreference_TextureFont__SetUserMessage.c	
0006f348	STG::UPreference_Scene::SetValueByKey	undefined __thiscall SetValueByKey(UPreference_Scene * this, EPreferenceType param_1, UStringBase * param_2, UStringBase * param_3)	ok	functions/0006f348_STG__UPreference_Scene__SetValueByKey.c	
0006f3f0	STG::UPreference_TextureFont::GetShouldReflect	undefined __thiscall GetShouldReflect(UPreference_TextureFont * this)	ok	functions/0006f3f0_STG__UPreference_TextureFont__GetShouldReflect.c	
0006f408	STG::UPreference_TextureFont::~UPreference_TextureFont	undefined __thiscall ~UPreference_TextureFont(UPreference_TextureFont * this)	ok	functions/0006f408_STG__UPreference_TextureFont___UPreference_TextureFont.c	
0006f490	STG::UPreference_TextureFont::~UPreference_TextureFont	undefined __thiscall ~UPreference_TextureFont(UPreference_TextureFont * this)	ok	functions/0006f490_STG__UPreference_TextureFont___UPreference_TextureFont.c	
0006f4ac	STG::UPreference_TextureFont::Initialize	undefined __thiscall Initialize(UPreference_TextureFont * this, ulong param_1, bool param_2, UStringBase * param_3, UStringBase * param_4, UStringBase * param_5)	ok	functions/0006f4ac_STG__UPreference_TextureFont__Initialize.c	
0006f564	STG::UPreference_TextureFont::UPreference_TextureFont	undefined __thiscall UPreference_TextureFont(UPreference_TextureFont * this)	ok	functions/0006f564_STG__UPreference_TextureFont__UPreference_TextureFont.c	
0006f5a8	STG::UPreference_TextureFont::GetKeyPrefix	undefined __thiscall GetKeyPrefix(UPreference_TextureFont * this, UStringBase * param_1)	ok	functions/0006f5a8_STG__UPreference_TextureFont__GetKeyPrefix.c	
0006f708	STG::UPreference_TextureGroup::SetSelectedValueIndex	undefined __thiscall SetSelectedValueIndex(UPreference_TextureGroup * this, ulong param_1)	ok	functions/0006f708_STG__UPreference_TextureGroup__SetSelectedValueIndex.c	
0006f788	STG::UPreference_TextureSwap::~UPreference_TextureSwap	undefined __thiscall ~UPreference_TextureSwap(UPreference_TextureSwap * this)	ok	functions/0006f788_STG__UPreference_TextureSwap___UPreference_TextureSwap.c	
0006f810	STG::UPreference_TextureSwap::~UPreference_TextureSwap	undefined __thiscall ~UPreference_TextureSwap(UPreference_TextureSwap * this)	ok	functions/0006f810_STG__UPreference_TextureSwap___UPreference_TextureSwap.c	
0006f82c	STG::UPreference_TextureGroup::~UPreference_TextureGroup	undefined __thiscall ~UPreference_TextureGroup(UPreference_TextureGroup * this)	ok	functions/0006f82c_STG__UPreference_TextureGroup___UPreference_TextureGroup.c	
0006f918	STG::UPreference_TextureGroup::~UPreference_TextureGroup	undefined __thiscall ~UPreference_TextureGroup(UPreference_TextureGroup * this)	ok	functions/0006f918_STG__UPreference_TextureGroup___UPreference_TextureGroup.c	
0006f934	STG::UPreference_TextureGroup::Initialize	undefined __thiscall Initialize(UPreference_TextureGroup * this, ulong param_1, UStringBase * param_2, UStringBase * param_3, UStringBase * param_4, ulong param_5)	ok	functions/0006f934_STG__UPreference_TextureGroup__Initialize.c	
0006fac0	STG::UPreference_TextureSwap::Initialize	undefined __thiscall Initialize(UPreference_TextureSwap * this, ulong param_1, UStringBase * param_2, UStringBase * param_3, UStringBase * param_4, ulong param_5)	ok	functions/0006fac0_STG__UPreference_TextureSwap__Initialize.c	
0006fb6c	STG::UPreference_TextureSwap::UPreference_TextureSwap	undefined __thiscall UPreference_TextureSwap(UPreference_TextureSwap * this)	ok	functions/0006fb6c_STG__UPreference_TextureSwap__UPreference_TextureSwap.c	
0006fbac	STG::UPreference_TextureGroup::UPreference_TextureGroup	undefined __thiscall UPreference_TextureGroup(UPreference_TextureGroup * this)	ok	functions/0006fbac_STG__UPreference_TextureGroup__UPreference_TextureGroup.c	
0006fbf4	STG::UPreference_TextureGroup::SetChild	undefined __thiscall SetChild(UPreference_TextureGroup * this, ulong param_1, UPreference_TextureSwap * param_2)	ok	functions/0006fbf4_STG__UPreference_TextureGroup__SetChild.c	
0006fc00	STG::UPreference_TextureGroup::SetChildID	undefined __thiscall SetChildID(UPreference_TextureGroup * this, ulong param_1, ulong param_2)	ok	functions/0006fc00_STG__UPreference_TextureGroup__SetChildID.c	
0006fc0c	STG::UPreference_TextureSwap::GetKeyPrefix	undefined __thiscall GetKeyPrefix(UPreference_TextureSwap * this, UStringBase * param_1)	ok	functions/0006fc0c_STG__UPreference_TextureSwap__GetKeyPrefix.c	
0006fd6c	STG::UPreference_TextureGroup::GetKeyPrefix	undefined __thiscall GetKeyPrefix(UPreference_TextureGroup * this, UStringBase * param_1)	ok	functions/0006fd6c_STG__UPreference_TextureGroup__GetKeyPrefix.c	
0006fec0	STG::UPreference_Theme::GetNumSelectableValues	undefined __stdcall GetNumSelectableValues(void)	ok	functions/0006fec0_STG__UPreference_Theme__GetNumSelectableValues.c	
0006fec8	STG::UPreference_Theme::~UPreference_Theme	undefined __thiscall ~UPreference_Theme(UPreference_Theme * this)	ok	functions/0006fec8_STG__UPreference_Theme___UPreference_Theme.c	
0006ffdc	STG::UPreference_Theme::~UPreference_Theme	undefined __thiscall ~UPreference_Theme(UPreference_Theme * this)	ok	functions/0006ffdc_STG__UPreference_Theme___UPreference_Theme.c	
000700e8	STG::UPreference_Theme::Initialize	undefined __thiscall Initialize(UPreference_Theme * this, UStringBase * param_1, UStringBase * param_2, UStringBase * param_3, ulong param_4)	ok	functions/000700e8_STG__UPreference_Theme__Initialize.c	
000701d4	STG::UPreference_Theme::PrintValue	undefined __thiscall PrintValue(UPreference_Theme * this, ulong param_1, UStringBase * param_2)	ok	functions/000701d4_STG__UPreference_Theme__PrintValue.c	
00070258	STG::UPreference_Theme::GetKeyPrefix	undefined __thiscall GetKeyPrefix(UPreference_Theme * this, UStringBase * param_1)	ok	functions/00070258_STG__UPreference_Theme__GetKeyPrefix.c	
0007039c	STG::UPreference_TimeOfDay::SetSelectedValueByName	undefined __thiscall SetSelectedValueByName(UPreference_TimeOfDay * this, UStringBase * param_1)	ok	functions/0007039c_STG__UPreference_TimeOfDay__SetSelectedValueByName.c	
000703ec	STG::UPreference_TimeOfDay_Auto::GetShouldReflect	undefined __thiscall GetShouldReflect(UPreference_TimeOfDay_Auto * this)	ok	functions/000703ec_STG__UPreference_TimeOfDay_Auto__GetShouldReflect.c	
0007041c	STG::UPreference_TimeOfDay::GetShouldReflect	undefined __thiscall GetShouldReflect(UPreference_TimeOfDay * this)	ok	functions/0007041c_STG__UPreference_TimeOfDay__GetShouldReflect.c	
00070450	STG::UPreference_TimeOfDay::Initialize	undefined __thiscall Initialize(UPreference_TimeOfDay * this, UStringBase * param_1, UStringBase * param_2, UStringBase * param_3, ulong param_4)	ok	functions/00070450_STG__UPreference_TimeOfDay__Initialize.c	
00070480	STG::UPreference_TimeOfDay::~UPreference_TimeOfDay	undefined __thiscall ~UPreference_TimeOfDay(UPreference_TimeOfDay * this)	ok	functions/00070480_STG__UPreference_TimeOfDay___UPreference_TimeOfDay.c	
000704c4	STG::UPreference_TimeOfDay::~UPreference_TimeOfDay	undefined __thiscall ~UPreference_TimeOfDay(UPreference_TimeOfDay * this)	ok	functions/000704c4_STG__UPreference_TimeOfDay___UPreference_TimeOfDay.c	
00070510	STG::UPreference_TimeOfDay_Auto::~UPreference_TimeOfDay_Auto	undefined __thiscall ~UPreference_TimeOfDay_Auto(UPreference_TimeOfDay_Auto * this)	ok	functions/00070510_STG__UPreference_TimeOfDay_Auto___UPreference_TimeOfDay_Auto.c	
00070554	STG::UPreference_TimeOfDay_Auto::~UPreference_TimeOfDay_Auto	undefined __thiscall ~UPreference_TimeOfDay_Auto(UPreference_TimeOfDay_Auto * this)	ok	functions/00070554_STG__UPreference_TimeOfDay_Auto___UPreference_TimeOfDay_Auto.c	
00070570	STG::UPreference_TimeOfDay::GetClosestValue	undefined __thiscall GetClosestValue(UPreference_TimeOfDay * this, GETimeOfDay * param_1, GETimeOfDay * param_2)	ok	functions/00070570_STG__UPreference_TimeOfDay__GetClosestValue.c	
00070718	STG::UPreference_TimeOfDay::SetSelectedValue	undefined __thiscall SetSelectedValue(UPreference_TimeOfDay * this, EPhase * param_1)	ok	functions/00070718_STG__UPreference_TimeOfDay__SetSelectedValue.c	
00070818	STG::UPreference_TimeOfDay_Auto::UPreference_TimeOfDay_Auto	undefined __thiscall UPreference_TimeOfDay_Auto(UPreference_TimeOfDay_Auto * this)	ok	functions/00070818_STG__UPreference_TimeOfDay_Auto__UPreference_TimeOfDay_Auto.c	
00070854	STG::UPreference_TimeOfDay::GetKeyPrefix	undefined __thiscall GetKeyPrefix(UPreference_TimeOfDay * this, UStringBase * param_1)	ok	functions/00070854_STG__UPreference_TimeOfDay__GetKeyPrefix.c	
000709a4	STG::UPreference_TimeOfDay_Auto::Initialize	undefined __thiscall Initialize(UPreference_TimeOfDay_Auto * this, UPreference_TimeOfDay * param_1)	ok	functions/000709a4_STG__UPreference_TimeOfDay_Auto__Initialize.c	
00070cb4	STG::UPreference_TimeOfDay_Auto::GetKeyPrefix	undefined __thiscall GetKeyPrefix(UPreference_TimeOfDay_Auto * this, UStringBase * param_1)	ok	functions/00070cb4_STG__UPreference_TimeOfDay_Auto__GetKeyPrefix.c	
00070e10	STG::UPreference_TimeOfDay::PrintValue	undefined __thiscall PrintValue(UPreference_TimeOfDay * this, ulong param_1, UStringBase * param_2)	ok	functions/00070e10_STG__UPreference_TimeOfDay__PrintValue.c	
00070fd0	StringHelperBase<STG::UStringBase<char,int>,char>::ReleaseString	undefined __stdcall ReleaseString(void)	ok	functions/00070fd0_StringHelperBase_STG__UStringBase_char_int__char___ReleaseString.c	
00071004	StringHelperBase<STG::UStringBase<unsigned_short,unsigned_short>,unsigned_short>::ReleaseString	undefined __stdcall ReleaseString(void)	ok	functions/00071004_StringHelperBase_STG__UStringBase_unsigned_short_unsigned_short__unsigned_short___ReleaseString.c	
00071038	EngineBitmapData::EngineBitmapData	undefined __thiscall EngineBitmapData(EngineBitmapData * this, char * param_1, uchar * param_2, ulong param_3, ushort param_4, ushort param_5)	ok	functions/00071038_EngineBitmapData__EngineBitmapData.c	
00071178	EngineBitmapData::~EngineBitmapData	undefined __thiscall ~EngineBitmapData(EngineBitmapData * this)	ok	functions/00071178_EngineBitmapData___EngineBitmapData.c	
000711ec	EngineBitmapData::GetIsValid	undefined __thiscall GetIsValid(EngineBitmapData * this)	ok	functions/000711ec_EngineBitmapData__GetIsValid.c	
00071244	EngineInterface::EngineInterface	undefined __thiscall EngineInterface(EngineInterface * this)	ok	functions/00071244_EngineInterface__EngineInterface.c	
000712d8	EngineInterface::Allocate	undefined __stdcall Allocate(void)	ok	functions/000712d8_EngineInterface__Allocate.c	
0007130c	EngineInterface::ReserveBitmapData	undefined __thiscall ReserveBitmapData(EngineInterface * this, ulong param_1)	ok	functions/0007130c_EngineInterface__ReserveBitmapData.c	
000713d4	EngineInterface::~EngineInterface	undefined __thiscall ~EngineInterface(EngineInterface * this)	ok	functions/000713d4_EngineInterface___EngineInterface.c	
00071494	EngineInterface::Deallocate	undefined __stdcall Deallocate(EngineInterface * * param_1)	ok	functions/00071494_EngineInterface__Deallocate.c	
000714dc	EngineInterface::FindBitmapData	undefined __thiscall FindBitmapData(EngineInterface * this, UStringBase * param_1)	ok	functions/000714dc_EngineInterface__FindBitmapData.c	
00071834	EngineInterface::AddBitmapData	undefined __thiscall AddBitmapData(EngineInterface * this, char * param_1, uchar * param_2, ulong param_3, ushort param_4, ushort param_5)	ok	functions/00071834_EngineInterface__AddBitmapData.c	
000718e8	EngineInterface::Activate	undefined __thiscall Activate(EngineInterface * this)	ok	functions/000718e8_EngineInterface__Activate.c	
00071904	EngineInterface::Deactivate	undefined __thiscall Deactivate(EngineInterface * this)	ok	functions/00071904_EngineInterface__Deactivate.c	
00071924	JNI_OnLoad	undefined JNI_OnLoad(void)	ok	functions/00071924_JNI_OnLoad.c	
00071930	JNI_OnUnload	undefined JNI_OnUnload(void)	ok	functions/00071930_JNI_OnUnload.c	
00071934	EngineInterfaceImpl::Create	undefined __stdcall Create(int param_1)	ok	functions/00071934_EngineInterfaceImpl__Create.c	
00071938	Java_com_dualboot_engine_EngineInterface_Create	undefined Java_com_dualboot_engine_EngineInterface_Create(void)	ok	functions/00071938_Java_com_dualboot_engine_EngineInterface_Create.c	
000719b8	EngineInterfaceImpl::Destroy	undefined __thiscall Destroy(EngineInterfaceImpl * this, int param_1)	ok	functions/000719b8_EngineInterfaceImpl__Destroy.c	
000719e4	Java_com_dualboot_engine_EngineInterface_Destroy	undefined Java_com_dualboot_engine_EngineInterface_Destroy(void)	ok	functions/000719e4_Java_com_dualboot_engine_EngineInterface_Destroy.c	
00071a64	EngineInterfaceImpl::Recreate	undefined __thiscall Recreate(EngineInterfaceImpl * this, int param_1)	ok	functions/00071a64_EngineInterfaceImpl__Recreate.c	
00071a80	Java_com_dualboot_engine_EngineInterface_Recreate	undefined Java_com_dualboot_engine_EngineInterface_Recreate(void)	ok	functions/00071a80_Java_com_dualboot_engine_EngineInterface_Recreate.c	
00071b00	EngineInterfaceImpl::SetStateLocation	undefined __thiscall SetStateLocation(EngineInterfaceImpl * this, int param_1, float param_2, float param_3)	ok	functions/00071b00_EngineInterfaceImpl__SetStateLocation.c	
00071b74	Java_com_dualboot_engine_EngineInterface_SetStateLocation	undefined Java_com_dualboot_engine_EngineInterface_SetStateLocation(void)	ok	functions/00071b74_Java_com_dualboot_engine_EngineInterface_SetStateLocation.c	
00071c00	EngineInterfaceImpl::GetNeedsReload	undefined __thiscall GetNeedsReload(EngineInterfaceImpl * this, int param_1)	ok	functions/00071c00_EngineInterfaceImpl__GetNeedsReload.c	
00071c14	Java_com_dualboot_engine_EngineInterface_GetNeedsReload	undefined Java_com_dualboot_engine_EngineInterface_GetNeedsReload(void)	ok	functions/00071c14_Java_com_dualboot_engine_EngineInterface_GetNeedsReload.c	
00071c94	EngineInterfaceImpl::LoadResources	undefined __thiscall LoadResources(EngineInterfaceImpl * this, int param_1, _jobject * param_2)	ok	functions/00071c94_EngineInterfaceImpl__LoadResources.c	
00071d28	Java_com_dualboot_engine_EngineInterface_LoadResources	undefined Java_com_dualboot_engine_EngineInterface_LoadResources(void)	ok	functions/00071d28_Java_com_dualboot_engine_EngineInterface_LoadResources.c	
00071db0	EngineInterfaceImpl::Update	undefined __stdcall Update(int param_1, int param_2, int param_3, float param_4, float param_5, longlong param_6, double param_7, float param_8, uchar param_9)	ok	functions/00071db0_EngineInterfaceImpl__Update.c	
0007216c	Java_com_dualboot_engine_EngineInterface_Update	undefined Java_com_dualboot_engine_EngineInterface_Update(void)	ok	functions/0007216c_Java_com_dualboot_engine_EngineInterface_Update.c	
00072228	EngineInterfaceImpl::Sleep	undefined __thiscall Sleep(EngineInterfaceImpl * this, longlong param_1)	ok	functions/00072228_EngineInterfaceImpl__Sleep.c	
00072394	Java_com_dualboot_engine_EngineInterface_Sleep	undefined Java_com_dualboot_engine_EngineInterface_Sleep(void)	ok	functions/00072394_Java_com_dualboot_engine_EngineInterface_Sleep.c	
000723a0	StringHelperBase<STG::UStringBase<char,int>,char>::AcquireString	undefined __stdcall AcquireString(int param_1)	ok	functions/000723a0_StringHelperBase_STG__UStringBase_char_int__char___AcquireString.c	
0007258c	EngineInterfaceImpl::AddBitmapData	undefined __thiscall AddBitmapData(EngineInterfaceImpl * this, int param_1, _jstring * param_2, _jobject * param_3, int param_4, int param_5, int param_6)	ok	functions/0007258c_EngineInterfaceImpl__AddBitmapData.c	
000726f0	Java_com_dualboot_engine_EngineInterface_AddBitmapData	undefined Java_com_dualboot_engine_EngineInterface_AddBitmapData(void)	ok	functions/000726f0_Java_com_dualboot_engine_EngineInterface_AddBitmapData.c	
00072794	EngineInterfaceImpl::LoadFile	undefined __thiscall LoadFile(EngineInterfaceImpl * this, int param_1, _jobject * param_2, _jstring * param_3)	ok	functions/00072794_EngineInterfaceImpl__LoadFile.c	
00072914	Java_com_dualboot_engine_EngineInterface_LoadFile	undefined Java_com_dualboot_engine_EngineInterface_LoadFile(void)	ok	functions/00072914_Java_com_dualboot_engine_EngineInterface_LoadFile.c	
000729a0	StringHelperBase<STG::UStringBase<unsigned_short,unsigned_short>,unsigned_short>::AcquireString	undefined __thiscall AcquireString(StringHelperBase<STG::UStringBase<unsigned_short,unsigned_short>,unsigned_short> * this, int param_1)	ok	functions/000729a0_StringHelperBase_STG__UStringBase_unsigned_short_unsigned_short__unsigned_short___AcquireString.c	
00072bd8	EngineInterfaceImpl::SetPreference	undefined __thiscall SetPreference(EngineInterfaceImpl * this, EPreferenceType param_1, int param_2, _jstring * param_3, _jstring * param_4)	ok	functions/00072bd8_EngineInterfaceImpl__SetPreference.c	
00072de0	EngineInterfaceImpl::SetPreferenceUserImage	undefined __thiscall SetPreferenceUserImage(EngineInterfaceImpl * this, int param_1, _jstring * param_2, _jstring * param_3)	ok	functions/00072de0_EngineInterfaceImpl__SetPreferenceUserImage.c	
00072e0c	Java_com_dualboot_engine_EngineInterface_SetPreferenceUserImage	undefined Java_com_dualboot_engine_EngineInterface_SetPreferenceUserImage(void)	ok	functions/00072e0c_Java_com_dualboot_engine_EngineInterface_SetPreferenceUserImage.c	
00072e98	EngineInterfaceImpl::SetPreferenceFontMessage	undefined __thiscall SetPreferenceFontMessage(EngineInterfaceImpl * this, int param_1, _jstring * param_2, _jstring * param_3)	ok	functions/00072e98_EngineInterfaceImpl__SetPreferenceFontMessage.c	
00072ec4	Java_com_dualboot_engine_EngineInterface_SetPreferenceFontMessage	undefined Java_com_dualboot_engine_EngineInterface_SetPreferenceFontMessage(void)	ok	functions/00072ec4_Java_com_dualboot_engine_EngineInterface_SetPreferenceFontMessage.c	
00072f50	EngineInterfaceImpl::SetPreferenceModelToggle	undefined __thiscall SetPreferenceModelToggle(EngineInterfaceImpl * this, int param_1, _jstring * param_2, _jstring * param_3)	ok	functions/00072f50_EngineInterfaceImpl__SetPreferenceModelToggle.c	
00072f7c	Java_com_dualboot_engine_EngineInterface_SetPreferenceModelToggle	undefined Java_com_dualboot_engine_EngineInterface_SetPreferenceModelToggle(void)	ok	functions/00072f7c_Java_com_dualboot_engine_EngineInterface_SetPreferenceModelToggle.c	
00073008	EngineInterfaceImpl::SetPreferenceModelSwap	undefined __thiscall SetPreferenceModelSwap(EngineInterfaceImpl * this, int param_1, _jstring * param_2, _jstring * param_3)	ok	functions/00073008_EngineInterfaceImpl__SetPreferenceModelSwap.c	
00073034	Java_com_dualboot_engine_EngineInterface_SetPreferenceModelSwap	undefined Java_com_dualboot_engine_EngineInterface_SetPreferenceModelSwap(void)	ok	functions/00073034_Java_com_dualboot_engine_EngineInterface_SetPreferenceModelSwap.c	
000730c0	EngineInterfaceImpl::SetPreferenceTextureGroup	undefined __thiscall SetPreferenceTextureGroup(EngineInterfaceImpl * this, int param_1, _jstring * param_2, _jstring * param_3)	ok	functions/000730c0_EngineInterfaceImpl__SetPreferenceTextureGroup.c	
000730ec	Java_com_dualboot_engine_EngineInterface_SetPreferenceTextureGroup	undefined Java_com_dualboot_engine_EngineInterface_SetPreferenceTextureGroup(void)	ok	functions/000730ec_Java_com_dualboot_engine_EngineInterface_SetPreferenceTextureGroup.c	
00073178	EngineInterfaceImpl::SetPreferenceCameraSet	undefined __thiscall SetPreferenceCameraSet(EngineInterfaceImpl * this, int param_1, _jstring * param_2, _jstring * param_3)	ok	functions/00073178_EngineInterfaceImpl__SetPreferenceCameraSet.c	
000731a4	Java_com_dualboot_engine_EngineInterface_SetPreferenceCameraSet	undefined Java_com_dualboot_engine_EngineInterface_SetPreferenceCameraSet(void)	ok	functions/000731a4_Java_com_dualboot_engine_EngineInterface_SetPreferenceCameraSet.c	
00073230	EngineInterfaceImpl::SetPreferenceEnvironment	undefined __thiscall SetPreferenceEnvironment(EngineInterfaceImpl * this, int param_1, _jstring * param_2, _jstring * param_3)	ok	functions/00073230_EngineInterfaceImpl__SetPreferenceEnvironment.c	
0007325c	Java_com_dualboot_engine_EngineInterface_SetPreferenceEnvironment	undefined Java_com_dualboot_engine_EngineInterface_SetPreferenceEnvironment(void)	ok	functions/0007325c_Java_com_dualboot_engine_EngineInterface_SetPreferenceEnvironment.c	
000732e8	EngineInterfaceImpl::SetPreferenceTimeOfDay	undefined __thiscall SetPreferenceTimeOfDay(EngineInterfaceImpl * this, int param_1, _jstring * param_2, _jstring * param_3)	ok	functions/000732e8_EngineInterfaceImpl__SetPreferenceTimeOfDay.c	
00073314	Java_com_dualboot_engine_EngineInterface_SetPreferenceTimeOfDay	undefined Java_com_dualboot_engine_EngineInterface_SetPreferenceTimeOfDay(void)	ok	functions/00073314_Java_com_dualboot_engine_EngineInterface_SetPreferenceTimeOfDay.c	
000733a0	EngineInterfaceImpl::SetPreferenceTimeOfDayAuto	undefined __thiscall SetPreferenceTimeOfDayAuto(EngineInterfaceImpl * this, int param_1, _jstring * param_2, _jstring * param_3)	ok	functions/000733a0_EngineInterfaceImpl__SetPreferenceTimeOfDayAuto.c	
000733cc	Java_com_dualboot_engine_EngineInterface_SetPreferenceTimeOfDayAuto	undefined Java_com_dualboot_engine_EngineInterface_SetPreferenceTimeOfDayAuto(void)	ok	functions/000733cc_Java_com_dualboot_engine_EngineInterface_SetPreferenceTimeOfDayAuto.c	
0007345c	FUN_0007345c	undefined FUN_0007345c(void)	ok	functions/0007345c_FUN_0007345c.c	
00073474	FUN_00073474	undefined FUN_00073474(void)	ok	functions/00073474_FUN_00073474.c	
00073488	FUN_00073488	undefined FUN_00073488(void)	ok	functions/00073488_FUN_00073488.c	
000734b4	FUN_000734b4	undefined FUN_000734b4(void)	ok	functions/000734b4_FUN_000734b4.c	
000734f4	FUN_000734f4	undefined FUN_000734f4(void)	ok	functions/000734f4_FUN_000734f4.c	
000735d8	FUN_000735d8	undefined FUN_000735d8(void)	ok	functions/000735d8_FUN_000735d8.c	
000735f0	FUN_000735f0	undefined FUN_000735f0(void)	ok	functions/000735f0_FUN_000735f0.c	
00073624	FUN_00073624	undefined FUN_00073624(void)	ok	functions/00073624_FUN_00073624.c	
0007371c	FUN_0007371c	undefined FUN_0007371c(void)	ok	functions/0007371c_FUN_0007371c.c	
00073768	FUN_00073768	undefined FUN_00073768(void)	ok	functions/00073768_FUN_00073768.c	
0007379c	FUN_0007379c	undefined FUN_0007379c(void)	ok	functions/0007379c_FUN_0007379c.c	
000737e8	FUN_000737e8	undefined FUN_000737e8(void)	ok	functions/000737e8_FUN_000737e8.c	
0007385c	FUN_0007385c	undefined FUN_0007385c(void)	ok	functions/0007385c_FUN_0007385c.c	
0007399c	_INIT_4	undefined _INIT_4(void)	ok	functions/0007399c__INIT_4.c	
00073a0c	operator.delete	void __stdcall operator.delete(void * param_1)	ok	functions/00073a0c_operator.delete.c	
00073a18	operator.delete[]	void __stdcall operator.delete[](void * param_1)	ok	functions/00073a18_operator.delete__.c	
00073a20	FUN_00073a20	undefined FUN_00073a20(void)	ok	functions/00073a20_FUN_00073a20.c	
00073a34	FUN_00073a34	undefined FUN_00073a34(void)	ok	functions/00073a34_FUN_00073a34.c	
00073b1c	FUN_00073b1c	undefined FUN_00073b1c(void)	ok	functions/00073b1c_FUN_00073b1c.c	
00073c1c	FUN_00073c1c	undefined FUN_00073c1c(void)	ok	functions/00073c1c_FUN_00073c1c.c	
00073cc8	FUN_00073cc8	noreturn undefined FUN_00073cc8(void)	ok	functions/00073cc8_FUN_00073cc8.c	
00073d24	FUN_00073d24	undefined FUN_00073d24(void)	ok	functions/00073d24_FUN_00073d24.c	
000741f4	FUN_000741f4	undefined FUN_000741f4(void)	ok	functions/000741f4_FUN_000741f4.c	
0007420c	FUN_0007420c	undefined FUN_0007420c(void)	ok	functions/0007420c_FUN_0007420c.c	
00074224	FUN_00074224	undefined FUN_00074224(void)	ok	functions/00074224_FUN_00074224.c	
00074238	FUN_00074238	undefined FUN_00074238(void)	ok	functions/00074238_FUN_00074238.c	
0007424c	FUN_0007424c	undefined FUN_0007424c(void)	ok	functions/0007424c_FUN_0007424c.c	
00074264	FUN_00074264	undefined FUN_00074264(void)	ok	functions/00074264_FUN_00074264.c	
00074298	FUN_00074298	undefined FUN_00074298(void)	ok	functions/00074298_FUN_00074298.c	
000742ac	operator.new	void * __stdcall operator.new(uint param_1)	ok	functions/000742ac_operator.new.c	
0007431c	operator.new[]	void * __stdcall operator.new[](uint param_1)	ok	functions/0007431c_operator.new__.c	
00074338	FUN_00074338	undefined FUN_00074338(void)	ok	functions/00074338_FUN_00074338.c	
000743a0	FUN_000743a0	undefined FUN_000743a0(void)	ok	functions/000743a0_FUN_000743a0.c	
000743d4	FUN_000743d4	undefined FUN_000743d4(void)	ok	functions/000743d4_FUN_000743d4.c	
0007458c	FUN_0007458c	undefined FUN_0007458c(void)	ok	functions/0007458c_FUN_0007458c.c	
000745a4	FUN_000745a4	undefined FUN_000745a4(void)	ok	functions/000745a4_FUN_000745a4.c	
000745b8	FUN_000745b8	undefined FUN_000745b8(void)	ok	functions/000745b8_FUN_000745b8.c	
00074614	FUN_00074614	undefined FUN_00074614(void)	ok	functions/00074614_FUN_00074614.c	
0007462c	FUN_0007462c	undefined FUN_0007462c(void)	ok	functions/0007462c_FUN_0007462c.c	
00074640	FUN_00074640	undefined FUN_00074640(void)	ok	functions/00074640_FUN_00074640.c	
00074668	FUN_00074668	undefined FUN_00074668(void)	ok	functions/00074668_FUN_00074668.c	
00074678	FUN_00074678	undefined FUN_00074678(void)	ok	functions/00074678_FUN_00074678.c	
00074698	FUN_00074698	undefined FUN_00074698(void)	ok	functions/00074698_FUN_00074698.c	
000746d4	FUN_000746d4	noreturn undefined FUN_000746d4(void)	ok	functions/000746d4_FUN_000746d4.c	
000746e8	FUN_000746e8	undefined FUN_000746e8(void)	ok	functions/000746e8_FUN_000746e8.c	
00074724	FUN_00074724	undefined FUN_00074724(void)	ok	functions/00074724_FUN_00074724.c	
00074734	FUN_00074734	undefined FUN_00074734(void)	ok	functions/00074734_FUN_00074734.c	
00074774	FUN_00074774	undefined FUN_00074774(void)	ok	functions/00074774_FUN_00074774.c	
0007478c	FUN_0007478c	undefined FUN_0007478c(void)	ok	functions/0007478c_FUN_0007478c.c	
000747a0	FUN_000747a0	undefined FUN_000747a0(void)	ok	functions/000747a0_FUN_000747a0.c	
000747b8	FUN_000747b8	undefined FUN_000747b8(void)	ok	functions/000747b8_FUN_000747b8.c	
000747cc	FUN_000747cc	undefined FUN_000747cc(void)	ok	functions/000747cc_FUN_000747cc.c	
000747dc	FUN_000747dc	undefined FUN_000747dc(void)	ok	functions/000747dc_FUN_000747dc.c	
000747ec	FUN_000747ec	undefined FUN_000747ec(void)	ok	functions/000747ec_FUN_000747ec.c	
000747fc	FUN_000747fc	undefined FUN_000747fc(void)	ok	functions/000747fc_FUN_000747fc.c	
00074814	FUN_00074814	undefined FUN_00074814(void)	ok	functions/00074814_FUN_00074814.c	
00074830	FUN_00074830	undefined FUN_00074830(void)	ok	functions/00074830_FUN_00074830.c	
00074848	FUN_00074848	undefined FUN_00074848(void)	ok	functions/00074848_FUN_00074848.c	
0007485c	FUN_0007485c	undefined FUN_0007485c(void)	ok	functions/0007485c_FUN_0007485c.c	
00074a0c	std::__Named_exception::what	undefined __thiscall what(__Named_exception * this)	ok	functions/00074a0c_std____Named_exception__what.c	
00074a14	std::__Named_exception::~__Named_exception	undefined __thiscall ~__Named_exception(__Named_exception * this)	ok	functions/00074a14_std____Named_exception_____Named_exception.c	
00074a40	std::runtime_error::~runtime_error	undefined __thiscall ~runtime_error(runtime_error * this)	ok	functions/00074a40_std__runtime_error___runtime_error.c	
00074a5c	std::underflow_error::~underflow_error	undefined __thiscall ~underflow_error(underflow_error * this)	ok	functions/00074a5c_std__underflow_error___underflow_error.c	
00074a78	std::underflow_error::~underflow_error	undefined __thiscall ~underflow_error(underflow_error * this)	ok	functions/00074a78_std__underflow_error___underflow_error.c	
00074a8c	std::overflow_error::~overflow_error	undefined __thiscall ~overflow_error(overflow_error * this)	ok	functions/00074a8c_std__overflow_error___overflow_error.c	
00074aa8	std::overflow_error::~overflow_error	undefined __thiscall ~overflow_error(overflow_error * this)	ok	functions/00074aa8_std__overflow_error___overflow_error.c	
00074abc	std::range_error::~range_error	undefined __thiscall ~range_error(range_error * this)	ok	functions/00074abc_std__range_error___range_error.c	
00074ad8	std::range_error::~range_error	undefined __thiscall ~range_error(range_error * this)	ok	functions/00074ad8_std__range_error___range_error.c	
00074aec	std::runtime_error::~runtime_error	undefined __thiscall ~runtime_error(runtime_error * this)	ok	functions/00074aec_std__runtime_error___runtime_error.c	
00074b00	std::logic_error::~logic_error	undefined __thiscall ~logic_error(logic_error * this)	ok	functions/00074b00_std__logic_error___logic_error.c	
00074b1c	std::out_of_range::~out_of_range	undefined __thiscall ~out_of_range(out_of_range * this)	ok	functions/00074b1c_std__out_of_range___out_of_range.c	
00074b38	std::out_of_range::~out_of_range	undefined __thiscall ~out_of_range(out_of_range * this)	ok	functions/00074b38_std__out_of_range___out_of_range.c	
00074b4c	std::length_error::~length_error	undefined __thiscall ~length_error(length_error * this)	ok	functions/00074b4c_std__length_error___length_error.c	
00074b68	std::length_error::~length_error	undefined __thiscall ~length_error(length_error * this)	ok	functions/00074b68_std__length_error___length_error.c	
00074b7c	std::invalid_argument::~invalid_argument	undefined __thiscall ~invalid_argument(invalid_argument * this)	ok	functions/00074b7c_std__invalid_argument___invalid_argument.c	
00074b98	std::invalid_argument::~invalid_argument	undefined __thiscall ~invalid_argument(invalid_argument * this)	ok	functions/00074b98_std__invalid_argument___invalid_argument.c	
00074bac	std::domain_error::~domain_error	undefined __thiscall ~domain_error(domain_error * this)	ok	functions/00074bac_std__domain_error___domain_error.c	
00074bc8	std::domain_error::~domain_error	undefined __thiscall ~domain_error(domain_error * this)	ok	functions/00074bc8_std__domain_error___domain_error.c	
00074bdc	std::logic_error::~logic_error	undefined __thiscall ~logic_error(logic_error * this)	ok	functions/00074bdc_std__logic_error___logic_error.c	
00074bf0	std::__Named_exception::~__Named_exception	undefined __thiscall ~__Named_exception(__Named_exception * this)	ok	functions/00074bf0_std____Named_exception_____Named_exception.c	
00074c04	std::__Named_exception::__Named_exception	undefined __thiscall __Named_exception(__Named_exception * this, string * param_1)	ok	functions/00074c04_std____Named_exception____Named_exception.c	
00074c84	std::__Named_exception::__Named_exception	undefined __thiscall __Named_exception(__Named_exception * this, __Named_exception * param_1)	ok	functions/00074c84_std____Named_exception____Named_exception.c	
00074cfc	std::__Named_exception::operator=	undefined __thiscall operator=(__Named_exception * this, __Named_exception * param_1)	ok	functions/00074cfc_std____Named_exception__operator_.c	
00074d84	FUN_00074d84	undefined FUN_00074d84(void)	ok	functions/00074d84_FUN_00074d84.c	
00074da8	FUN_00074da8	undefined FUN_00074da8(void)	ok	functions/00074da8_FUN_00074da8.c	
00074de4	FUN_00074de4	undefined FUN_00074de4(void)	ok	functions/00074de4_FUN_00074de4.c	
00074e24	std::__stl_throw_runtime_error	undefined __stl_throw_runtime_error(char * param_1)	ok	functions/00074e24_std____stl_throw_runtime_error.c	
00074e84	std::__stl_throw_range_error	undefined __stl_throw_range_error(char * param_1)	ok	functions/00074e84_std____stl_throw_range_error.c	
00074ee4	std::__stl_throw_out_of_range	noreturn undefined __stl_throw_out_of_range(char * param_1)	ok	functions/00074ee4_std____stl_throw_out_of_range.c	
00074f44	std::__stl_throw_length_error	noreturn undefined __stl_throw_length_error(char * param_1)	ok	functions/00074f44_std____stl_throw_length_error.c	
00074fa4	std::__stl_throw_invalid_argument	undefined __stl_throw_invalid_argument(char * param_1)	ok	functions/00074fa4_std____stl_throw_invalid_argument.c	
00075004	std::__stl_throw_overflow_error	undefined __stl_throw_overflow_error(char * param_1)	ok	functions/00075004_std____stl_throw_overflow_error.c	
00075064	FUN_00075064	undefined FUN_00075064(void)	ok	functions/00075064_FUN_00075064.c	
00075070	FUN_00075070	undefined FUN_00075070(void)	ok	functions/00075070_FUN_00075070.c	
00075098	std::__malloc_alloc::allocate	undefined __stdcall allocate(uint param_1)	ok	functions/00075098_std____malloc_alloc__allocate.c	
000750fc	std::__malloc_alloc::set_malloc_handler	undefined __stdcall set_malloc_handler(_func_void * param_1)	ok	functions/000750fc_std____malloc_alloc__set_malloc_handler.c	
00075124	FUN_00075124	undefined FUN_00075124(void)	ok	functions/00075124_FUN_00075124.c	
00075154	FUN_00075154	undefined FUN_00075154(void)	ok	functions/00075154_FUN_00075154.c	
000752e4	FUN_000752e4	undefined FUN_000752e4(void)	ok	functions/000752e4_FUN_000752e4.c	
00075330	FUN_00075330	undefined FUN_00075330(void)	ok	functions/00075330_FUN_00075330.c	
0007538c	std::__node_alloc::_M_allocate	undefined __stdcall _M_allocate(uint * param_1)	ok	functions/0007538c_std____node_alloc___M_allocate.c	
00075394	std::__node_alloc::_M_deallocate	undefined __stdcall _M_deallocate(void * param_1, uint param_2)	ok	functions/00075394_std____node_alloc___M_deallocate.c	
0007539c	FUN_0007539c	undefined FUN_0007539c(void)	ok	functions/0007539c_FUN_0007539c.c	
000753e0	FUN_000753e0	undefined FUN_000753e0(void)	ok	functions/000753e0_FUN_000753e0.c	
000754cc	FUN_000754cc	undefined FUN_000754cc(void)	ok	functions/000754cc_FUN_000754cc.c	
000755d4	FUN_000755d4	undefined FUN_000755d4(void)	ok	functions/000755d4_FUN_000755d4.c	
00075624	FUN_00075624	undefined FUN_00075624(void)	ok	functions/00075624_FUN_00075624.c	
00075660	FUN_00075660	undefined FUN_00075660(void)	ok	functions/00075660_FUN_00075660.c	
00075684	FUN_00075684	undefined FUN_00075684(void)	ok	functions/00075684_FUN_00075684.c	
000756dc	FUN_000756dc	undefined FUN_000756dc(void)	ok	functions/000756dc_FUN_000756dc.c	
00075710	FUN_00075710	undefined FUN_00075710(void)	ok	functions/00075710_FUN_00075710.c	
00075760	std::priv::_Pthread_alloc::allocate	undefined __stdcall allocate(uint * param_1)	ok	functions/00075760_std__priv___Pthread_alloc__allocate.c	
00075768	std::priv::_Pthread_alloc::deallocate	undefined __stdcall deallocate(void * param_1, uint param_2)	ok	functions/00075768_std__priv___Pthread_alloc__deallocate.c	
00075770	std::priv::_Pthread_alloc::allocate	undefined __stdcall allocate(uint * param_1, _Pthread_alloc_per_thread_state * param_2)	ok	functions/00075770_std__priv___Pthread_alloc__allocate.c	
00075778	std::priv::_Pthread_alloc::deallocate	undefined __stdcall deallocate(void * param_1, uint param_2, _Pthread_alloc_per_thread_state * param_3)	ok	functions/00075778_std__priv___Pthread_alloc__deallocate.c	
00075780	std::priv::_Pthread_alloc::reallocate	undefined __stdcall reallocate(void * param_1, uint param_2, uint * param_3)	ok	functions/00075780_std__priv___Pthread_alloc__reallocate.c	
00075788	std::priv::_Pthread_alloc::_S_get_per_thread_state	undefined __stdcall _S_get_per_thread_state(void)	ok	functions/00075788_std__priv___Pthread_alloc___S_get_per_thread_state.c	
00075790	_INIT_5	undefined _INIT_5(void)	ok	functions/00075790__INIT_5.c	
000757bc	__cxa_end_cleanup	undefined __cxa_end_cleanup(void)	ok	functions/000757bc___cxa_end_cleanup.c	
000757cc	__cxa_type_match	undefined __cxa_type_match(void)	ok	functions/000757cc___cxa_type_match.c	
0007583c	__cxa_begin_cleanup	undefined __cxa_begin_cleanup(void)	ok	functions/0007583c___cxa_begin_cleanup.c	
00075878	FUN_00075878	undefined FUN_00075878(void)	ok	functions/00075878_FUN_00075878.c	
000758bc	__cxa_call_unexpected	noreturn undefined __cxa_call_unexpected(void)	ok	functions/000758bc___cxa_call_unexpected.c	
000759c8	FUN_000759c8	undefined FUN_000759c8(void)	ok	functions/000759c8_FUN_000759c8.c	
000759ec	FUN_000759ec	undefined FUN_000759ec(void)	ok	functions/000759ec_FUN_000759ec.c	
00075a20	FUN_00075a20	undefined FUN_00075a20(void)	ok	functions/00075a20_FUN_00075a20.c	
00075b08	FUN_00075b08	undefined FUN_00075b08(void)	ok	functions/00075b08_FUN_00075b08.c	
00075b40	FUN_00075b40	undefined FUN_00075b40(void)	ok	functions/00075b40_FUN_00075b40.c	
00075b58	FUN_00075b58	undefined FUN_00075b58(void)	ok	functions/00075b58_FUN_00075b58.c	
00075b70	FUN_00075b70	undefined FUN_00075b70(void)	ok	functions/00075b70_FUN_00075b70.c	
00075ba4	FUN_00075ba4	undefined FUN_00075ba4(void)	ok	functions/00075ba4_FUN_00075ba4.c	
00075bbc	FUN_00075bbc	undefined FUN_00075bbc(void)	ok	functions/00075bbc_FUN_00075bbc.c	
00075bd8	FUN_00075bd8	undefined FUN_00075bd8(void)	ok	functions/00075bd8_FUN_00075bd8.c	
00075bf0	FUN_00075bf0	undefined FUN_00075bf0(void)	ok	functions/00075bf0_FUN_00075bf0.c	
00075c04	FUN_00075c04	undefined FUN_00075c04(void)	ok	functions/00075c04_FUN_00075c04.c	
00075c1c	FUN_00075c1c	undefined FUN_00075c1c(void)	ok	functions/00075c1c_FUN_00075c1c.c	
00075c30	FUN_00075c30	undefined FUN_00075c30(void)	ok	functions/00075c30_FUN_00075c30.c	
00075c58	FUN_00075c58	undefined FUN_00075c58(void)	ok	functions/00075c58_FUN_00075c58.c	
00075d7c	__udivsi3	undefined __udivsi3(void)	ok	functions/00075d7c___udivsi3.c	
00075e24	__aeabi_uidivmod	undefined __aeabi_uidivmod(void)	ok	functions/00075e24___aeabi_uidivmod.c	
00075e44	__aeabi_drsub	undefined __aeabi_drsub(void)	ok	functions/00075e44___aeabi_drsub.c	
00075e4c	__aeabi_dsub	undefined __aeabi_dsub(void)	ok	functions/00075e4c___aeabi_dsub.c	
00075e50	__adddf3	undefined __adddf3(void)	ok	functions/00075e50___adddf3.c	
000760fc	__aeabi_ui2d	undefined __aeabi_ui2d(void)	ok	functions/000760fc___aeabi_ui2d.c	
00076120	__aeabi_i2d	undefined __aeabi_i2d(void)	ok	functions/00076120___aeabi_i2d.c	
00076148	__aeabi_f2d	undefined __aeabi_f2d(void)	ok	functions/00076148___aeabi_f2d.c	
00076188	__floatundidf	undefined __floatundidf(void)	ok	functions/00076188___floatundidf.c	
0007619c	__aeabi_l2d	undefined __aeabi_l2d(void)	ok	functions/0007619c___aeabi_l2d.c	
000761fc	__muldf3	undefined __muldf3(void)	ok	functions/000761fc___muldf3.c	
000763dc	FUN_000763dc	undefined FUN_000763dc(void)	ok	functions/000763dc_FUN_000763dc.c	
00076468	__divdf3	undefined __divdf3(void)	ok	functions/00076468___divdf3.c	
000765fc	FUN_000765fc	undefined FUN_000765fc(void)	ok	functions/000765fc_FUN_000765fc.c	
0007666c	__gedf2	undefined __gedf2(void)	ok	functions/0007666c___gedf2.c	
00076674	__ledf2	undefined __ledf2(void)	ok	functions/00076674___ledf2.c	
0007667c	__eqdf2	undefined __eqdf2(void)	ok	functions/0007667c___eqdf2.c	
00076704	__aeabi_cdrcmple	undefined __aeabi_cdrcmple(void)	ok	functions/00076704___aeabi_cdrcmple.c	
00076720	__aeabi_cdcmple	undefined __aeabi_cdcmple(void)	ok	functions/00076720___aeabi_cdcmple.c	
00076734	__aeabi_dcmpeq	undefined __aeabi_dcmpeq(void)	ok	functions/00076734___aeabi_dcmpeq.c	
00076748	__aeabi_dcmplt	undefined __aeabi_dcmplt(void)	ok	functions/00076748___aeabi_dcmplt.c	
0007675c	__aeabi_dcmple	undefined __aeabi_dcmple(void)	ok	functions/0007675c___aeabi_dcmple.c	
00076770	__aeabi_dcmpge	undefined __aeabi_dcmpge(void)	ok	functions/00076770___aeabi_dcmpge.c	
00076784	__aeabi_dcmpgt	undefined __aeabi_dcmpgt(void)	ok	functions/00076784___aeabi_dcmpgt.c	
00076798	__truncdfsf2	undefined __truncdfsf2(void)	ok	functions/00076798___truncdfsf2.c	
00076838	__aeabi_frsub	undefined __aeabi_frsub(void)	ok	functions/00076838___aeabi_frsub.c	
00076840	__subsf3	undefined __subsf3(void)	ok	functions/00076840___subsf3.c	
00076844	__addsf3	undefined __addsf3(void)	ok	functions/00076844___addsf3.c	
000769d4	__floatunsisf	undefined __floatunsisf(void)	ok	functions/000769d4___floatunsisf.c	
000769dc	__floatsisf	undefined __floatsisf(void)	ok	functions/000769dc___floatsisf.c	
000769fc	__floatundisf	undefined __floatundisf(void)	ok	functions/000769fc___floatundisf.c	
00076a0c	__aeabi_l2f	undefined __aeabi_l2f(void)	ok	functions/00076a0c___aeabi_l2f.c	
00076a88	__mulsf3	undefined __mulsf3(void)	ok	functions/00076a88___mulsf3.c	
00076c20	__divsf3	undefined __divsf3(void)	ok	functions/00076c20___divsf3.c	
00076d80	__gesf2	undefined __gesf2(void)	ok	functions/00076d80___gesf2.c	
00076d88	__lesf2	undefined __lesf2(void)	ok	functions/00076d88___lesf2.c	
00076d90	__eqsf2	undefined __eqsf2(void)	ok	functions/00076d90___eqsf2.c	
00076df4	__aeabi_cfrcmple	undefined __aeabi_cfrcmple(void)	ok	functions/00076df4___aeabi_cfrcmple.c	
00076e04	__aeabi_cfcmple	undefined __aeabi_cfcmple(void)	ok	functions/00076e04___aeabi_cfcmple.c	
00076e18	__aeabi_fcmpeq	undefined __aeabi_fcmpeq(void)	ok	functions/00076e18___aeabi_fcmpeq.c	
00076e2c	__aeabi_fcmplt	undefined __aeabi_fcmplt(void)	ok	functions/00076e2c___aeabi_fcmplt.c	
00076e40	__aeabi_fcmple	undefined __aeabi_fcmple(void)	ok	functions/00076e40___aeabi_fcmple.c	
00076e54	__aeabi_fcmpge	undefined __aeabi_fcmpge(void)	ok	functions/00076e54___aeabi_fcmpge.c	
00076e68	__aeabi_fcmpgt	undefined __aeabi_fcmpgt(void)	ok	functions/00076e68___aeabi_fcmpgt.c	
00076e7c	__fixsfsi	undefined __fixsfsi(void)	ok	functions/00076e7c___fixsfsi.c	
00076ed8	__fixunssfsi	undefined __fixunssfsi(void)	ok	functions/00076ed8___fixunssfsi.c	
00076f2c	__aeabi_uldivmod	undefined __aeabi_uldivmod(void)	ok	functions/00076f2c___aeabi_uldivmod.c	
00076f68	__aeabi_ldiv0	undefined __aeabi_ldiv0(void)	ok	functions/00076f68___aeabi_ldiv0.c	
00076f78	__fixunssfdi	undefined __fixunssfdi(void)	ok	functions/00076f78___fixunssfdi.c	
00076fe8	__fixunsdfdi	undefined __fixunsdfdi(void)	ok	functions/00076fe8___fixunsdfdi.c	
00077054	__gnu_ldivmod_helper	undefined __gnu_ldivmod_helper(void)	ok	functions/00077054___gnu_ldivmod_helper.c	
00077090	__gnu_uldivmod_helper	undefined __gnu_uldivmod_helper(void)	ok	functions/00077090___gnu_uldivmod_helper.c	
000770cc	FUN_000770cc	undefined FUN_000770cc(void)	ok	functions/000770cc_FUN_000770cc.c	
00077104	FUN_00077104	undefined FUN_00077104(void)	ok	functions/00077104_FUN_00077104.c	
00077d94	FUN_00077d94	undefined FUN_00077d94(void)	ok	functions/00077d94_FUN_00077d94.c	
00077df8	FUN_00077df8	undefined FUN_00077df8(void)	ok	functions/00077df8_FUN_00077df8.c	
00077e40	FUN_00077e40	undefined FUN_00077e40(void)	ok	functions/00077e40_FUN_00077e40.c	
00077e5c	FUN_00077e5c	undefined FUN_00077e5c(void)	ok	functions/00077e5c_FUN_00077e5c.c	
00077e70	FUN_00077e70	undefined FUN_00077e70(void)	ok	functions/00077e70_FUN_00077e70.c	
00077fe4	FUN_00077fe4	undefined FUN_00077fe4(void)	ok	functions/00077fe4_FUN_00077fe4.c	
00077ffc	FUN_00077ffc	undefined FUN_00077ffc(void)	ok	functions/00077ffc_FUN_00077ffc.c	
000781d0	FUN_000781d0	undefined FUN_000781d0(void)	ok	functions/000781d0_FUN_000781d0.c	
0007823c	FUN_0007823c	undefined FUN_0007823c(void)	ok	functions/0007823c_FUN_0007823c.c	
00078350	FUN_00078350	undefined FUN_00078350(void)	ok	functions/00078350_FUN_00078350.c	
000783a8	_Unwind_VRS_Get	undefined _Unwind_VRS_Get(void)	ok	functions/000783a8__Unwind_VRS_Get.c	
000783ec	FUN_000783ec	undefined FUN_000783ec(void)	ok	functions/000783ec_FUN_000783ec.c	
00078414	_Unwind_VRS_Set	undefined _Unwind_VRS_Set(void)	ok	functions/00078414__Unwind_VRS_Set.c	
00078458	FUN_00078458	undefined FUN_00078458(void)	ok	functions/00078458_FUN_00078458.c	
00078818	__aeabi_unwind_cpp_pr2	undefined __aeabi_unwind_cpp_pr2(void)	ok	functions/00078818___aeabi_unwind_cpp_pr2.c	
00078820	__aeabi_unwind_cpp_pr1	undefined __aeabi_unwind_cpp_pr1(void)	ok	functions/00078820___aeabi_unwind_cpp_pr1.c	
00078828	__aeabi_unwind_cpp_pr0	undefined __aeabi_unwind_cpp_pr0(void)	ok	functions/00078828___aeabi_unwind_cpp_pr0.c	
00078830	_Unwind_VRS_Pop	undefined _Unwind_VRS_Pop(void)	ok	functions/00078830__Unwind_VRS_Pop.c	
00078b88	_Unwind_GetCFA	undefined _Unwind_GetCFA(void)	ok	functions/00078b88__Unwind_GetCFA.c	
00078b90	__gnu_Unwind_RaiseException	undefined __gnu_Unwind_RaiseException(void)	ok	functions/00078b90___gnu_Unwind_RaiseException.c	
00078c34	__gnu_Unwind_ForcedUnwind	undefined __gnu_Unwind_ForcedUnwind(void)	ok	functions/00078c34___gnu_Unwind_ForcedUnwind.c	
00078c50	__gnu_Unwind_Resume	undefined __gnu_Unwind_Resume(void)	ok	functions/00078c50___gnu_Unwind_Resume.c	
00078cbc	__gnu_Unwind_Resume_or_Rethrow	undefined __gnu_Unwind_Resume_or_Rethrow(void)	ok	functions/00078cbc___gnu_Unwind_Resume_or_Rethrow.c	
00078cdc	_Unwind_Complete	undefined _Unwind_Complete(void)	ok	functions/00078cdc__Unwind_Complete.c	
00078ce0	_Unwind_DeleteException	undefined _Unwind_DeleteException(void)	ok	functions/00078ce0__Unwind_DeleteException.c	
00078d00	__gnu_Unwind_Backtrace	undefined __gnu_Unwind_Backtrace(void)	ok	functions/00078d00___gnu_Unwind_Backtrace.c	
00078dc0	restore_core_regs	undefined restore_core_regs(void)	ok	functions/00078dc0_restore_core_regs.c	
00078dd4	__gnu_Unwind_Restore_VFP	undefined __gnu_Unwind_Restore_VFP(void)	ok	functions/00078dd4___gnu_Unwind_Restore_VFP.c	
00078ddc	__gnu_Unwind_Save_VFP	undefined __gnu_Unwind_Save_VFP(void)	ok	functions/00078ddc___gnu_Unwind_Save_VFP.c	
00078de4	__gnu_Unwind_Restore_VFP_D	undefined __gnu_Unwind_Restore_VFP_D(void)	ok	functions/00078de4___gnu_Unwind_Restore_VFP_D.c	
00078dec	__gnu_Unwind_Save_VFP_D	undefined __gnu_Unwind_Save_VFP_D(void)	ok	functions/00078dec___gnu_Unwind_Save_VFP_D.c	
00078df4	__gnu_Unwind_Restore_VFP_D_16_to_31	undefined __gnu_Unwind_Restore_VFP_D_16_to_31(void)	ok	functions/00078df4___gnu_Unwind_Restore_VFP_D_16_to_31.c	
00078dfc	__gnu_Unwind_Save_VFP_D_16_to_31	undefined __gnu_Unwind_Save_VFP_D_16_to_31(void)	ok	functions/00078dfc___gnu_Unwind_Save_VFP_D_16_to_31.c	
00078e04	__gnu_Unwind_Restore_WMMXD	undefined __gnu_Unwind_Restore_WMMXD(void)	ok	functions/00078e04___gnu_Unwind_Restore_WMMXD.c	
00078e48	__gnu_Unwind_Save_WMMXD	undefined __gnu_Unwind_Save_WMMXD(void)	ok	functions/00078e48___gnu_Unwind_Save_WMMXD.c	
00078e8c	__gnu_Unwind_Restore_WMMXC	undefined __gnu_Unwind_Restore_WMMXC(void)	ok	functions/00078e8c___gnu_Unwind_Restore_WMMXC.c	
00078ea0	__gnu_Unwind_Save_WMMXC	undefined __gnu_Unwind_Save_WMMXC(void)	ok	functions/00078ea0___gnu_Unwind_Save_WMMXC.c	
00078eb4	___Unwind_RaiseException	undefined ___Unwind_RaiseException(void)	ok	functions/00078eb4____Unwind_RaiseException.c	
00078ed8	___Unwind_Resume	noreturn undefined ___Unwind_Resume(void)	ok	functions/00078ed8____Unwind_Resume.c	
00078efc	_Unwind_Resume_or_Rethrow	undefined _Unwind_Resume_or_Rethrow(void)	ok	functions/00078efc__Unwind_Resume_or_Rethrow.c	
00078f20	_Unwind_ForcedUnwind	undefined _Unwind_ForcedUnwind(void)	ok	functions/00078f20__Unwind_ForcedUnwind.c	
00078f44	_Unwind_Backtrace	undefined _Unwind_Backtrace(void)	ok	functions/00078f44__Unwind_Backtrace.c	
00078f68	FUN_00078f68	undefined FUN_00078f68(void)	ok	functions/00078f68_FUN_00078f68.c	
00078fc0	__gnu_unwind_execute	undefined __gnu_unwind_execute(void)	ok	functions/00078fc0___gnu_unwind_execute.c	
00079354	__gnu_unwind_frame	undefined __gnu_unwind_frame(void)	ok	functions/00079354___gnu_unwind_frame.c	
00079394	_Unwind_GetRegionStart	undefined _Unwind_GetRegionStart(void)	ok	functions/00079394__Unwind_GetRegionStart.c	
000793c0	_Unwind_GetLanguageSpecificData	undefined _Unwind_GetLanguageSpecificData(void)	ok	functions/000793c0__Unwind_GetLanguageSpecificData.c	
000793f8	_Unwind_GetDataRelBase	undefined _Unwind_GetDataRelBase(void)	ok	functions/000793f8__Unwind_GetDataRelBase.c	
00079400	_Unwind_GetTextRelBase	undefined _Unwind_GetTextRelBase(void)	ok	functions/00079400__Unwind_GetTextRelBase.c	
00079408	__fixunsdfsi	undefined __fixunsdfsi(void)	ok	functions/00079408___fixunsdfsi.c	
0007945c	__divdi3	undefined __divdi3(void)	ok	functions/0007945c___divdi3.c	
000798e0	__udivdi3	undefined __udivdi3(void)	ok	functions/000798e0___udivdi3.c	
00079d0c	operator.delete	void __stdcall operator.delete(void * param_1)	ok	functions/00079d0c_operator.delete.c	
00079d1c	std::__node_alloc::_M_deallocate	undefined __stdcall _M_deallocate(void * param_1, uint param_2)	ok	functions/00079d1c_std____node_alloc___M_deallocate.c	
00079d2c	operator.new[]	void * __stdcall operator.new[](uint param_1)	ok	functions/00079d2c_operator.new__.c	
00079d3c	operator.delete[]	void __stdcall operator.delete[](void * param_1)	ok	functions/00079d3c_operator.delete__.c	
00079d4c	operator.new	void * __stdcall operator.new(uint param_1)	ok	functions/00079d4c_operator.new.c	
00079d5c	std::__stl_throw_length_error	noreturn undefined __stl_throw_length_error(char * param_1)	ok	functions/00079d5c_std____stl_throw_length_error.c	
00079d6c	std::__node_alloc::_M_allocate	undefined __stdcall _M_allocate(uint * param_1)	ok	functions/00079d6c_std____node_alloc___M_allocate.c	
00079d7c	std::__stl_throw_out_of_range	noreturn undefined __stl_throw_out_of_range(char * param_1)	ok	functions/00079d7c_std____stl_throw_out_of_range.c	
00079d8c	thunk_FUN_00074338	undefined thunk_FUN_00074338(void)	ok	functions/00079d8c_thunk_FUN_00074338.c	
00079d9c	thunk_FUN_000743a0	undefined thunk_FUN_000743a0(void)	ok	functions/00079d9c_thunk_FUN_000743a0.c	
00079dac	__cxa_begin_cleanup	undefined __cxa_begin_cleanup(void)	ok	functions/00079dac___cxa_begin_cleanup.c	
00079dbc	__cxa_type_match	undefined __cxa_type_match(void)	ok	functions/00079dbc___cxa_type_match.c	
00083000	<EXTERNAL>::__cxa_finalize	undefined __cxa_finalize(void)	ok	functions/00083000__EXTERNAL_____cxa_finalize.c	
00083004	<EXTERNAL>::__cxa_atexit	undefined __cxa_atexit(void)	ok	functions/00083004__EXTERNAL_____cxa_atexit.c	
00083008	<EXTERNAL>::vsnprintf	int vsnprintf(char * __s, size_t __maxlen, char * __format, __gnuc_va_list __arg)	ok	functions/00083008__EXTERNAL___vsnprintf.c	
0008300c	<EXTERNAL>::__stack_chk_fail	noreturn undefined __stack_chk_fail(void)	ok	functions/0008300c__EXTERNAL_____stack_chk_fail.c	
00083014	<EXTERNAL>::fflush	int fflush(FILE * __stream)	ok	functions/00083014__EXTERNAL___fflush.c	
00083018	<EXTERNAL>::fprintf	int fprintf(FILE * __stream, char * __format, ...)	ok	functions/00083018__EXTERNAL___fprintf.c	
0008301c	<EXTERNAL>::fwrite	size_t fwrite(void * __ptr, size_t __size, size_t __n, FILE * __s)	ok	functions/0008301c__EXTERNAL___fwrite.c	
00083020	<EXTERNAL>::fread	size_t fread(void * __ptr, size_t __size, size_t __n, FILE * __stream)	ok	functions/00083020__EXTERNAL___fread.c	
00083024	<EXTERNAL>::ftell	long ftell(FILE * __stream)	ok	functions/00083024__EXTERNAL___ftell.c	
00083028	<EXTERNAL>::fseek	int fseek(FILE * __stream, long __off, int __whence)	ok	functions/00083028__EXTERNAL___fseek.c	
0008302c	<EXTERNAL>::fclose	int fclose(FILE * __stream)	ok	functions/0008302c__EXTERNAL___fclose.c	
00083030	<EXTERNAL>::fopen	FILE * fopen(char * __filename, char * __modes)	ok	functions/00083030__EXTERNAL___fopen.c	
00083034	<EXTERNAL>::memcpy	void * memcpy(void * __dest, void * __src, size_t __n)	ok	functions/00083034__EXTERNAL___memcpy.c	
00083038	<EXTERNAL>::strlen	size_t strlen(char * __s)	ok	functions/00083038__EXTERNAL___strlen.c	
0008303c	<EXTERNAL>::memmove	void * memmove(void * __dest, void * __src, size_t __n)	ok	functions/0008303c__EXTERNAL___memmove.c	
00083048	<EXTERNAL>::memcmp	int memcmp(void * __s1, void * __s2, size_t __n)	ok	functions/00083048__EXTERNAL___memcmp.c	
0008304c	<EXTERNAL>::atol	long atol(char * __nptr)	ok	functions/0008304c__EXTERNAL___atol.c	
00083050	<EXTERNAL>::snprintf	int snprintf(char * __s, size_t __maxlen, char * __format, ...)	ok	functions/00083050__EXTERNAL___snprintf.c	
00083054	<EXTERNAL>::__android_log_write	undefined __android_log_write(void)	ok	functions/00083054__EXTERNAL_____android_log_write.c	
00083058	<EXTERNAL>::AAssetManager_open	undefined AAssetManager_open(void)	ok	functions/00083058__EXTERNAL___AAssetManager_open.c	
0008305c	<EXTERNAL>::mkdir	int mkdir(char * __path, __mode_t __mode)	ok	functions/0008305c__EXTERNAL___mkdir.c	
00083060	<EXTERNAL>::__errno	undefined __errno(void)	ok	functions/00083060__EXTERNAL_____errno.c	
00083064	<EXTERNAL>::AAssetManager_fromJava	undefined AAssetManager_fromJava(void)	ok	functions/00083064__EXTERNAL___AAssetManager_fromJava.c	
00083068	<EXTERNAL>::__aeabi_atexit	undefined __aeabi_atexit(void)	ok	functions/00083068__EXTERNAL_____aeabi_atexit.c	
0008306c	<EXTERNAL>::AAsset_close	undefined AAsset_close(void)	ok	functions/0008306c__EXTERNAL___AAsset_close.c	
00083070	<EXTERNAL>::AAsset_getLength	undefined AAsset_getLength(void)	ok	functions/00083070__EXTERNAL___AAsset_getLength.c	
00083074	<EXTERNAL>::AAsset_getBuffer	undefined AAsset_getBuffer(void)	ok	functions/00083074__EXTERNAL___AAsset_getBuffer.c	
00083078	<EXTERNAL>::tanf	float tanf(float __x)	ok	functions/00083078__EXTERNAL___tanf.c	
0008307c	<EXTERNAL>::atanf	float atanf(float __x)	ok	functions/0008307c__EXTERNAL___atanf.c	
00083080	<EXTERNAL>::sqrtf	float sqrtf(float __x)	ok	functions/00083080__EXTERNAL___sqrtf.c	
00083084	<EXTERNAL>::memset	void * memset(void * __s, int __c, size_t __n)	ok	functions/00083084__EXTERNAL___memset.c	
00083088	<EXTERNAL>::malloc	void * malloc(size_t __size)	ok	functions/00083088__EXTERNAL___malloc.c	
0008308c	<EXTERNAL>::free	void free(void * __ptr)	ok	functions/0008308c__EXTERNAL___free.c	
00083090	<EXTERNAL>::floorf	float floorf(float __x)	ok	functions/00083090__EXTERNAL___floorf.c	
00083094	<EXTERNAL>::srand48	void srand48(long __seedval)	ok	functions/00083094__EXTERNAL___srand48.c	
00083098	<EXTERNAL>::glNormalPointer	undefined glNormalPointer(void)	ok	functions/00083098__EXTERNAL___glNormalPointer.c	
0008309c	<EXTERNAL>::glBlendFunc	undefined glBlendFunc(void)	ok	functions/0008309c__EXTERNAL___glBlendFunc.c	
000830a0	<EXTERNAL>::glAlphaFunc	undefined glAlphaFunc(void)	ok	functions/000830a0__EXTERNAL___glAlphaFunc.c	
000830a4	<EXTERNAL>::glEnable	undefined glEnable(void)	ok	functions/000830a4__EXTERNAL___glEnable.c	
000830a8	<EXTERNAL>::glDisable	undefined glDisable(void)	ok	functions/000830a8__EXTERNAL___glDisable.c	
000830ac	<EXTERNAL>::glCullFace	undefined glCullFace(void)	ok	functions/000830ac__EXTERNAL___glCullFace.c	
000830b0	<EXTERNAL>::glFrontFace	undefined glFrontFace(void)	ok	functions/000830b0__EXTERNAL___glFrontFace.c	
000830b4	<EXTERNAL>::glDepthFunc	undefined glDepthFunc(void)	ok	functions/000830b4__EXTERNAL___glDepthFunc.c	
000830b8	<EXTERNAL>::glDepthMask	undefined glDepthMask(void)	ok	functions/000830b8__EXTERNAL___glDepthMask.c	
000830bc	<EXTERNAL>::glColor4f	undefined glColor4f(void)	ok	functions/000830bc__EXTERNAL___glColor4f.c	
000830c0	<EXTERNAL>::glColorMask	undefined glColorMask(void)	ok	functions/000830c0__EXTERNAL___glColorMask.c	
000830c4	<EXTERNAL>::glLogicOp	undefined glLogicOp(void)	ok	functions/000830c4__EXTERNAL___glLogicOp.c	
000830c8	<EXTERNAL>::glClientActiveTexture	undefined glClientActiveTexture(void)	ok	functions/000830c8__EXTERNAL___glClientActiveTexture.c	
000830cc	<EXTERNAL>::glDisableClientState	undefined glDisableClientState(void)	ok	functions/000830cc__EXTERNAL___glDisableClientState.c	
000830d0	<EXTERNAL>::glEnableClientState	undefined glEnableClientState(void)	ok	functions/000830d0__EXTERNAL___glEnableClientState.c	
000830d4	<EXTERNAL>::glDrawElements	undefined glDrawElements(void)	ok	functions/000830d4__EXTERNAL___glDrawElements.c	
000830d8	<EXTERNAL>::glClearColor	undefined glClearColor(void)	ok	functions/000830d8__EXTERNAL___glClearColor.c	
000830dc	<EXTERNAL>::glClear	undefined glClear(void)	ok	functions/000830dc__EXTERNAL___glClear.c	
000830e0	<EXTERNAL>::glFinish	undefined glFinish(void)	ok	functions/000830e0__EXTERNAL___glFinish.c	
000830e4	<EXTERNAL>::glFlush	undefined glFlush(void)	ok	functions/000830e4__EXTERNAL___glFlush.c	
000830e8	<EXTERNAL>::glMatrixMode	undefined glMatrixMode(void)	ok	functions/000830e8__EXTERNAL___glMatrixMode.c	
000830ec	<EXTERNAL>::glLoadMatrixf	undefined glLoadMatrixf(void)	ok	functions/000830ec__EXTERNAL___glLoadMatrixf.c	
000830f0	<EXTERNAL>::glLoadIdentity	undefined glLoadIdentity(void)	ok	functions/000830f0__EXTERNAL___glLoadIdentity.c	
000830f4	<EXTERNAL>::glGenTextures	undefined glGenTextures(void)	ok	functions/000830f4__EXTERNAL___glGenTextures.c	
000830f8	<EXTERNAL>::glDeleteTextures	undefined glDeleteTextures(void)	ok	functions/000830f8__EXTERNAL___glDeleteTextures.c	
000830fc	<EXTERNAL>::glBindTexture	undefined glBindTexture(void)	ok	functions/000830fc__EXTERNAL___glBindTexture.c	
00083100	<EXTERNAL>::glActiveTexture	undefined glActiveTexture(void)	ok	functions/00083100__EXTERNAL___glActiveTexture.c	
00083104	<EXTERNAL>::glTexParameteri	undefined glTexParameteri(void)	ok	functions/00083104__EXTERNAL___glTexParameteri.c	
00083108	<EXTERNAL>::glTexEnvi	undefined glTexEnvi(void)	ok	functions/00083108__EXTERNAL___glTexEnvi.c	
0008310c	<EXTERNAL>::glTexEnvf	undefined glTexEnvf(void)	ok	functions/0008310c__EXTERNAL___glTexEnvf.c	
00083110	<EXTERNAL>::glTexParameterf	undefined glTexParameterf(void)	ok	functions/00083110__EXTERNAL___glTexParameterf.c	
00083114	<EXTERNAL>::glTexEnvfv	undefined glTexEnvfv(void)	ok	functions/00083114__EXTERNAL___glTexEnvfv.c	
00083118	<EXTERNAL>::glFogf	undefined glFogf(void)	ok	functions/00083118__EXTERNAL___glFogf.c	
0008311c	<EXTERNAL>::glFogfv	undefined glFogfv(void)	ok	functions/0008311c__EXTERNAL___glFogfv.c	
00083120	<EXTERNAL>::glCopyTexImage2D	undefined glCopyTexImage2D(void)	ok	functions/00083120__EXTERNAL___glCopyTexImage2D.c	
00083124	<EXTERNAL>::glGenBuffers	undefined glGenBuffers(void)	ok	functions/00083124__EXTERNAL___glGenBuffers.c	
00083128	<EXTERNAL>::glDeleteBuffers	undefined glDeleteBuffers(void)	ok	functions/00083128__EXTERNAL___glDeleteBuffers.c	
0008312c	<EXTERNAL>::glBindBuffer	undefined glBindBuffer(void)	ok	functions/0008312c__EXTERNAL___glBindBuffer.c	
00083130	<EXTERNAL>::glBufferData	undefined glBufferData(void)	ok	functions/00083130__EXTERNAL___glBufferData.c	
00083134	<EXTERNAL>::glBufferSubData	undefined glBufferSubData(void)	ok	functions/00083134__EXTERNAL___glBufferSubData.c	
00083138	<EXTERNAL>::glGetError	undefined glGetError(void)	ok	functions/00083138__EXTERNAL___glGetError.c	
0008313c	<EXTERNAL>::glDepthRangef	undefined glDepthRangef(void)	ok	functions/0008313c__EXTERNAL___glDepthRangef.c	
00083140	<EXTERNAL>::glViewport	undefined glViewport(void)	ok	functions/00083140__EXTERNAL___glViewport.c	
00083144	<EXTERNAL>::glReadPixels	undefined glReadPixels(void)	ok	functions/00083144__EXTERNAL___glReadPixels.c	
00083148	<EXTERNAL>::glTexImage2D	undefined glTexImage2D(void)	ok	functions/00083148__EXTERNAL___glTexImage2D.c	
0008314c	<EXTERNAL>::glCompressedTexImage2D	undefined glCompressedTexImage2D(void)	ok	functions/0008314c__EXTERNAL___glCompressedTexImage2D.c	
00083150	<EXTERNAL>::glGetString	undefined glGetString(void)	ok	functions/00083150__EXTERNAL___glGetString.c	
00083154	<EXTERNAL>::glGetFloatv	undefined glGetFloatv(void)	ok	functions/00083154__EXTERNAL___glGetFloatv.c	
00083158	<EXTERNAL>::glVertexPointer	undefined glVertexPointer(void)	ok	functions/00083158__EXTERNAL___glVertexPointer.c	
0008315c	<EXTERNAL>::glColorPointer	undefined glColorPointer(void)	ok	functions/0008315c__EXTERNAL___glColorPointer.c	
00083160	<EXTERNAL>::glTexCoordPointer	undefined glTexCoordPointer(void)	ok	functions/00083160__EXTERNAL___glTexCoordPointer.c	
00083164	<EXTERNAL>::strcasecmp	int strcasecmp(char * __s1, char * __s2)	ok	functions/00083164__EXTERNAL___strcasecmp.c	
00083168	<EXTERNAL>::lrand48	long lrand48(void)	ok	functions/00083168__EXTERNAL___lrand48.c	
0008316c	<EXTERNAL>::mktime	time_t mktime(tm * __tp)	ok	functions/0008316c__EXTERNAL___mktime.c	
00083170	<EXTERNAL>::difftime	double difftime(time_t __time1, time_t __time0)	ok	functions/00083170__EXTERNAL___difftime.c	
00083174	<EXTERNAL>::ceilf	float ceilf(float __x)	ok	functions/00083174__EXTERNAL___ceilf.c	
00083178	<EXTERNAL>::cosf	float cosf(float __x)	ok	functions/00083178__EXTERNAL___cosf.c	
0008317c	<EXTERNAL>::sinf	float sinf(float __x)	ok	functions/0008317c__EXTERNAL___sinf.c	
00083180	<EXTERNAL>::puts	int puts(char * __s)	ok	functions/00083180__EXTERNAL___puts.c	
00083184	<EXTERNAL>::abort	noreturn void abort(void)	ok	functions/00083184__EXTERNAL___abort.c	
00083188	<EXTERNAL>::time	time_t time(time_t * __timer)	ok	functions/00083188__EXTERNAL___time.c	
0008318c	<EXTERNAL>::gmtime_r	tm * gmtime_r(time_t * __timer, tm * __tp)	ok	functions/0008318c__EXTERNAL___gmtime_r.c	
00083190	<EXTERNAL>::localtime_r	tm * localtime_r(time_t * __timer, tm * __tp)	ok	functions/00083190__EXTERNAL___localtime_r.c	
00083194	<EXTERNAL>::clock_gettime	int clock_gettime(clockid_t __clock_id, timespec * __tp)	ok	functions/00083194__EXTERNAL___clock_gettime.c	
00083198	<EXTERNAL>::usleep	int usleep(__useconds_t __useconds)	ok	functions/00083198__EXTERNAL___usleep.c	
0008319c	<EXTERNAL>::asinf	float asinf(float __x)	ok	functions/0008319c__EXTERNAL___asinf.c	
000831a0	<EXTERNAL>::acosf	float acosf(float __x)	ok	functions/000831a0__EXTERNAL___acosf.c	
000831a4	<EXTERNAL>::iswspace	int iswspace(wint_t __wc)	ok	functions/000831a4__EXTERNAL___iswspace.c	
000831a8	<EXTERNAL>::pthread_mutex_lock	int pthread_mutex_lock(pthread_mutex_t * __mutex)	ok	functions/000831a8__EXTERNAL___pthread_mutex_lock.c	
000831ac	<EXTERNAL>::pthread_cond_timedwait_monotonic_np	undefined pthread_cond_timedwait_monotonic_np(void)	ok	functions/000831ac__EXTERNAL___pthread_cond_timedwait_monotonic_np.c	
000831b0	<EXTERNAL>::pthread_mutex_unlock	int pthread_mutex_unlock(pthread_mutex_t * __mutex)	ok	functions/000831b0__EXTERNAL___pthread_mutex_unlock.c	
000831b4	<EXTERNAL>::sched_yield	int sched_yield(void)	ok	functions/000831b4__EXTERNAL___sched_yield.c	
000831b8	<EXTERNAL>::pthread_mutex_init	int pthread_mutex_init(pthread_mutex_t * __mutex, pthread_mutexattr_t * __mutexattr)	ok	functions/000831b8__EXTERNAL___pthread_mutex_init.c	
000831bc	<EXTERNAL>::pthread_cond_init	int pthread_cond_init(pthread_cond_t * __cond, pthread_condattr_t * __cond_attr)	ok	functions/000831bc__EXTERNAL___pthread_cond_init.c	
000831c0	<EXTERNAL>::munmap	int munmap(void * __addr, size_t __len)	ok	functions/000831c0__EXTERNAL___munmap.c	
000831c4	<EXTERNAL>::pthread_mutex_destroy	int pthread_mutex_destroy(pthread_mutex_t * __mutex)	ok	functions/000831c4__EXTERNAL___pthread_mutex_destroy.c	
000831c8	<EXTERNAL>::pthread_key_delete	int pthread_key_delete(pthread_key_t __key)	ok	functions/000831c8__EXTERNAL___pthread_key_delete.c	
000831cc	<EXTERNAL>::pthread_getspecific	void * pthread_getspecific(pthread_key_t __key)	ok	functions/000831cc__EXTERNAL___pthread_getspecific.c	
000831d0	<EXTERNAL>::pthread_setspecific	int pthread_setspecific(pthread_key_t __key, void * __pointer)	ok	functions/000831d0__EXTERNAL___pthread_setspecific.c	
000831d4	<EXTERNAL>::mmap	void * mmap(void * __addr, size_t __len, int __prot, int __flags, int __fd, __off_t __offset)	ok	functions/000831d4__EXTERNAL___mmap.c	
000831d8	<EXTERNAL>::pthread_key_create	int pthread_key_create(pthread_key_t * __key, __destr_function * __destr_function)	ok	functions/000831d8__EXTERNAL___pthread_key_create.c	
000831dc	<EXTERNAL>::__assert2	undefined __assert2(void)	ok	functions/000831dc__EXTERNAL_____assert2.c	
000831e0	<EXTERNAL>::dlopen	undefined dlopen(void)	ok	functions/000831e0__EXTERNAL___dlopen.c	
000831e4	<EXTERNAL>::dlsym	undefined dlsym(void)	ok	functions/000831e4__EXTERNAL___dlsym.c	
000831e8	<EXTERNAL>::dlclose	undefined dlclose(void)	ok	functions/000831e8__EXTERNAL___dlclose.c	
000831f0	<EXTERNAL>::pthread_cond_wait	int pthread_cond_wait(pthread_cond_t * __cond, pthread_mutex_t * __mutex)	ok	functions/000831f0__EXTERNAL___pthread_cond_wait.c	
000831f4	<EXTERNAL>::pthread_cond_broadcast	int pthread_cond_broadcast(pthread_cond_t * __cond)	ok	functions/000831f4__EXTERNAL___pthread_cond_broadcast.c	
000831f8	<EXTERNAL>::strcmp	int strcmp(char * __s1, char * __s2)	ok	functions/000831f8__EXTERNAL___strcmp.c	
000831fc	<EXTERNAL>::strncpy	char * strncpy(char * __dest, char * __src, size_t __n)	ok	functions/000831fc__EXTERNAL___strncpy.c	
00083200	<EXTERNAL>::realloc	void * realloc(void * __ptr, size_t __size)	ok	functions/00083200__EXTERNAL___realloc.c	
00083204	<EXTERNAL>::raise	int raise(int __sig)	ok	functions/00083204__EXTERNAL___raise.c	
00083208	<EXTERNAL>::__gnu_Unwind_Find_exidx	undefined __gnu_Unwind_Find_exidx(void)	ok	functions/00083208__EXTERNAL_____gnu_Unwind_Find_exidx.c	
